School,last_reported_type,inferred_type,Enrollment,Pre-K,Kindergarten,Grade 1,Grade 2,Grade 3,Grade 4,Grade 5,Grade 6,Grade 7,Grade 8,Grade 9,Grade 10,Grade 11,Grade 12,elementary_enrollment,elementary_middle_enrollment,middle_enrollment,high_enrollment,elementary_pct,elementary_middle_pct,middle_pct,high_pct,has_grade78,has_lower_elem,has_high_grades,inferred_grade_type,final_type,final_type_note
KASSON ELEMENTARY/MIDDLE SCHOOL,Middle,elementary + middle,192.75,16.6875,20.8125,19.75,19.4375,19.9375,20.625,20.0625,19.4375,18.4375,17.5625,0.0,0.0,0.0,0.0,156.75,192.75,75.5,0.0,0.8132295719844358,1.0,0.3916990920881971,0.0,True,True,False,elementary_middle,elementary_middle,last_reported=Middle but inferred_grade_type=elementary_middle; corrected to elementary_middle
BELINGTON ELEMENTARY,Elementary,elementary,309.5625,30.0625,53.5625,53.5,54.375,52.5625,52.1875,13.3125,0.0,0.0,0.0,0.0,0.0,0.0,0.0,309.5625,309.5625,13.3125,0.0,1.0,1.0,0.0430042398546335,0.0,False,True,False,elementary,elementary,last_reported=Elementary
JUNIOR ELEMENTARY,Elementary,elementary,112.875,23.0625,18.0625,17.375,16.8125,16.875,16.875,3.8125,0.0,0.0,0.0,0.0,0.0,0.0,0.0,112.875,112.875,3.8125,0.0,1.0,1.0,0.0337763012181616,0.0,False,True,False,elementary,elementary,last_reported=Elementary
MOUNT VERNON ELEMENTARY,,elementary,63.57142857142857,0.0,10.571428571428571,10.285714285714286,10.571428571428571,10.857142857142858,12.142857142857142,9.142857142857142,0.0,0.0,0.0,0.0,0.0,0.0,0.0,63.57142857142857,63.57142857142857,9.142857142857142,0.0,1.0,1.0,0.1438202247191011,0.0,False,True,False,elementary,elementary,no last_reported_type; inferred_grade_type=elementary (name: elementary)
PHILIPPI ELEMENTARY SCHOOL,Elementary,elementary,403.875,62.0,68.125,67.1875,66.375,65.0,62.625,12.5625,0.0,0.0,0.0,0.0,0.0,0.0,0.0,403.875,403.875,12.5625,0.0,1.0,1.0,0.0311049210770659,0.0,False,True,False,elementary,elementary,last_reported=Elementary
VOLGA CENTURY ELEMENTARY,,elementary,48.85714285714285,0.0,6.0,8.142857142857142,8.0,9.0,10.142857142857142,7.571428571428571,0.0,0.0,0.0,0.0,0.0,0.0,0.0,48.85714285714285,48.85714285714285,7.571428571428571,0.0,1.0,1.0,0.1549707602339181,0.0,False,True,False,elementary,elementary,no last_reported_type; inferred_grade_type=elementary (name: elementary)
BELINGTON MIDDLE SCHOOL,Middle,middle,261.3125,0.0,0.0,0.0,0.0,0.0,0.0,51.25,69.8125,69.8125,70.4375,0.0,0.0,0.0,0.0,121.0625,261.3125,261.3125,0.0,0.4632862951447022,1.0,1.0,0.0,True,False,False,middle,middle,last_reported=Middle
PHILIPPI MIDDLE SCHOOL,Middle,middle,288.0,0.0,0.0,0.0,0.0,0.0,0.0,53.5,76.5625,78.75,79.1875,0.0,0.0,0.0,0.0,130.0625,288.0,288.0,0.0,0.4516059027777778,1.0,1.0,0.0,True,False,False,middle,middle,last_reported=Middle
PHILIP BARBOUR HIGH SCHOOL COMPLEX,Secondary,high,649.1875,4.5,0.0,0.0,0.0,0.0,0.0,0.0,0.0,0.0,0.0,168.5,164.75,158.25,153.1875,4.5,4.5,0.0,644.6875,0.006931741600077,0.006931741600077,0.0,0.993068258399923,False,True,True,high,high,last_reported=Secondary
BACK CREEK VALLEY ELEMENTARY SCHOOL,Primary,elementary,153.625,27.1875,41.1875,42.6875,42.5625,0.0,0.0,0.0,0.0,0.0,0.0,0.0,0.0,0.0,0.0,153.625,153.625,0.0,0.0,1.0,1.0,0.0,0.0,False,True,False,elementary,elementary,last_reported=Primary
BEDINGTON ELEMENTARY SCHOOL,Primary,elementary,180.4375,22.25,52.0,54.25,51.9375,0.0,0.0,0.0,0.0,0.0,0.0,0.0,0.0,0.0,0.0,180.4375,180.4375,0.0,0.0,1.0,1.0,0.0,0.0,False,True,False,elementary,elementary,last_reported=Primary
BERKELEY HEIGHTS ELEMENTARY SCHOOL,Primary,elementary,761.8125,207.1875,150.0625,150.875,149.0625,104.625,0.0,0.0,0.0,0.0,0.0,0.0,0.0,0.0,0.0,761.8125,761.8125,0.0,0.0,1.0,1.0,0.0,0.0,False,True,False,elementary,elementary,last_reported=Primary
BUNKER HILL ELEMENTARY,Primary,elementary,405.875,6.9375,101.0,103.4375,102.4375,92.0625,0.0,0.0,0.0,0.0,0.0,0.0,0.0,0.0,0.0,405.875,405.875,0.0,0.0,1.0,1.0,0.0,0.0,False,True,False,elementary,elementary,last_reported=Primary
BURKE STREET ELEMENTARY SCHOOL,Primary,elementary,201.6875,69.3125,37.75,35.3125,33.375,25.9375,0.0,0.0,0.0,0.0,0.0,0.0,0.0,0.0,0.0,201.6875,201.6875,0.0,0.0,1.0,1.0,0.0,0.0,False,True,False,elementary,elementary,last_reported=Primary
GERRARDSTOWN ELEMENTARY SCHOOL,Primary,elementary,245.875,18.1875,74.5625,76.0,77.125,0.0,0.0,0.0,0.0,0.0,0.0,0.0,0.0,0.0,0.0,245.875,245.875,0.0,0.0,1.0,1.0,0.0,0.0,False,True,False,elementary,elementary,last_reported=Primary
HEDGESVILLE ELEMENTARY SCHOOL,Primary,elementary,628.4375,75.5,183.0,183.0,186.9375,0.0,0.0,0.0,0.0,0.0,0.0,0.0,0.0,0.0,0.0,628.4375,628.4375,0.0,0.0,1.0,1.0,0.0,0.0,False,True,False,elementary,elementary,last_reported=Primary
INWOOD PRIMARY SCHOOL,Primary,elementary,169.3125,19.6875,41.875,43.8125,43.9375,20.0,0.0,0.0,0.0,0.0,0.0,0.0,0.0,0.0,0.0,169.3125,169.3125,0.0,0.0,1.0,1.0,0.0,0.0,False,True,False,elementary,elementary,last_reported=Primary
MARLOWE ELEMENTARY SCHOOL,Primary,elementary,291.125,91.6875,66.6875,66.6875,66.0625,0.0,0.0,0.0,0.0,0.0,0.0,0.0,0.0,0.0,0.0,291.125,291.125,0.0,0.0,1.0,1.0,0.0,0.0,False,True,False,elementary,elementary,last_reported=Primary
OPEQUON ELEMENTARY SCHOOL,Primary,elementary,440.5,40.25,134.5625,133.875,131.8125,0.0,0.0,0.0,0.0,0.0,0.0,0.0,0.0,0.0,0.0,440.5,440.5,0.0,0.0,1.0,1.0,0.0,0.0,False,True,False,elementary,elementary,last_reported=Primary
ROSEMONT ELEMENTARY SCHOOL,Elementary,elementary,423.8125,8.625,100.6875,103.375,103.625,107.5,0.0,0.0,0.0,0.0,0.0,0.0,0.0,0.0,0.0,423.8125,423.8125,0.0,0.0,1.0,1.0,0.0,0.0,False,True,False,elementary,elementary,last_reported=Elementary
TUSCARORA ELEMENTARY SCHOOL,Primary,elementary,342.25,80.125,88.0,87.0,87.125,0.0,0.0,0.0,0.0,0.0,0.0,0.0,0.0,0.0,0.0,342.25,342.25,0.0,0.0,1.0,1.0,0.0,0.0,False,True,False,elementary,elementary,last_reported=Primary
VALLEY VIEW ELEMENTARY SCHOOL,Primary,elementary,462.0,37.9375,127.5,130.375,132.6875,33.5,0.0,0.0,0.0,0.0,0.0,0.0,0.0,0.0,0.0,462.0,462.0,0.0,0.0,1.0,1.0,0.0,0.0,False,True,False,elementary,elementary,last_reported=Primary
WINCHESTER AVENUE ELEMENTARY SCHOOL,Primary,elementary,296.6875,154.875,37.375,37.8125,34.625,32.0,0.0,0.0,0.0,0.0,0.0,0.0,0.0,0.0,0.0,296.6875,296.6875,0.0,0.0,1.0,1.0,0.0,0.0,False,True,False,elementary,elementary,last_reported=Primary
TOMAHAWK INTERMEDIATE SCHOOL,Elementary,middle,597.3125,0.0,0.0,0.0,0.0,191.0625,200.875,205.375,0.0,0.0,0.0,0.0,0.0,0.0,0.0,597.3125,597.3125,205.375,0.0,1.0,1.0,0.3438317463639217,0.0,False,True,False,elementary,elementary,last_reported=Elementary; inferred_type=middle (name-based) overridden — grade data confirms elementary
POTOMACK INTERMEDIATE SCHOOL,Elementary,middle,790.0625,0.0,0.0,0.0,0.0,260.8125,264.375,264.875,0.0,0.0,0.0,0.0,0.0,0.0,0.0,790.0625,790.0625,264.875,0.0,1.0,1.0,0.3352582865279646,0.0,False,True,False,elementary,elementary,last_reported=Elementary; inferred_type=middle (name-based) overridden — grade data confirms elementary
MILL CREEK INTERMEDIATE SCHOOL,Elementary,middle,537.125,0.0,0.0,0.0,0.0,79.3125,227.3125,230.5,0.0,0.0,0.0,0.0,0.0,0.0,0.0,537.125,537.125,230.5,0.0,1.0,1.0,0.429136606935071,0.0,False,True,False,elementary,elementary,last_reported=Elementary; inferred_type=middle (name-based) overridden — grade data confirms elementary
EAGLE SCHOOL INTERMEDIATE,Elementary,middle,703.25,0.0,0.0,0.0,0.0,217.0,243.9375,242.3125,0.0,0.0,0.0,0.0,0.0,0.0,0.0,703.25,703.25,242.3125,0.0,1.0,1.0,0.3445609669392108,0.0,False,True,False,elementary,elementary,last_reported=Elementary; inferred_type=middle (name-based) overridden — grade data confirms elementary
ORCHARD VIEW INTERMEDIATE SCHOOL,Elementary,middle,627.75,2.0625,0.0,0.0,0.0,49.125,289.8125,286.75,0.0,0.0,0.0,0.0,0.0,0.0,0.0,627.75,627.75,286.75,0.0,1.0,1.0,0.4567901234567901,0.0,False,True,False,elementary,elementary,last_reported=Elementary; inferred_type=middle (name-based) overridden — grade data confirms elementary
MOUNTAIN RIDGE INTERMEDIATE,Elementary,middle,525.875,0.0,0.0,0.0,0.0,173.3125,175.3125,177.25,0.0,0.0,0.0,0.0,0.0,0.0,0.0,525.875,525.875,177.25,0.0,1.0,1.0,0.3370572854765866,0.0,False,True,False,elementary,elementary,last_reported=Elementary; inferred_type=middle (name-based) overridden — grade data confirms elementary
SPRING MILLS PRIMARY,Primary,elementary,475.1333333333333,35.6,143.93333333333334,145.93333333333334,149.66666666666666,0.0,0.0,0.0,0.0,0.0,0.0,0.0,0.0,0.0,0.0,475.1333333333333,475.1333333333333,0.0,0.0,1.0,1.0,0.0,0.0,False,True,False,elementary,elementary,last_reported=Primary
PIKESIDE LEARNING CENTER,Primary,,138.0,138.0,0.0,0.0,0.0,0.0,0.0,0.0,0.0,0.0,0.0,0.0,0.0,0.0,0.0,138.0,138.0,0.0,0.0,1.0,1.0,0.0,0.0,False,True,False,elementary,elementary,last_reported=Primary
HEDGESVILLE MIDDLE SCHOOL,Middle,middle,717.5,0.0,0.0,0.0,0.0,0.0,0.0,0.0,235.3125,240.875,241.3125,0.0,0.0,0.0,0.0,235.3125,717.5,717.5,0.0,0.3279616724738676,1.0,1.0,0.0,True,False,False,middle,middle,last_reported=Middle
MARTINSBURG NORTH MIDDLE SCHOOL,Middle,middle,651.8125,0.0,0.0,0.0,0.0,0.0,0.0,0.0,217.75,217.25,216.8125,0.0,0.0,0.0,0.0,217.75,651.8125,651.8125,0.0,0.3340684629398792,1.0,1.0,0.0,True,False,False,middle,middle,last_reported=Middle
MARTINSBURG SOUTH MIDDLE SCHOOL,Middle,middle,823.6875,0.0,0.0,0.0,0.0,0.0,0.0,0.0,276.5,275.5625,271.625,0.0,0.0,0.0,0.0,276.5,823.6875,823.6875,0.0,0.3356855603611807,1.0,1.0,0.0,True,False,False,middle,middle,last_reported=Middle
MUSSELMAN MIDDLE SCHOOL,Middle,middle,789.9375,0.0,0.0,0.0,0.0,0.0,0.0,0.0,262.625,263.4375,263.875,0.0,0.0,0.0,0.0,262.625,789.9375,789.9375,0.0,0.3324630113141862,1.0,1.0,0.0,True,False,False,middle,middle,last_reported=Middle
SPRING MILLS MIDDLE SCHOOL,Middle,middle,830.5,0.0,0.0,0.0,0.0,0.0,0.0,0.0,274.8125,277.75,277.9375,0.0,0.0,0.0,0.0,274.8125,830.5,830.5,0.0,0.330900060204696,1.0,1.0,0.0,True,False,False,middle,middle,last_reported=Middle
MOUNTAIN RIDGE MIDDLE SCHOOL,Middle,middle,623.75,0.0,0.0,0.0,0.0,0.0,0.0,0.0,209.75,209.41666666666663,204.58333333333331,0.0,0.0,0.0,0.0,209.75,623.75,623.75,0.0,0.3362725450901803,1.0,1.0,0.0,True,False,False,middle,middle,last_reported=Middle
HEDGESVILLE HIGH SCHOOL,Secondary,high,1385.0,0.0,0.0,0.0,0.0,0.0,0.0,0.0,0.0,0.0,0.0,401.3125,364.4375,316.0,303.25,0.0,0.0,0.0,1385.0,0.0,0.0,0.0,1.0,False,False,True,high,high,last_reported=Secondary
MARTINSBURG HIGH SCHOOL,Secondary,high,1458.25,0.0,0.0,0.0,0.0,0.0,0.0,0.0,0.0,0.0,0.0,436.4375,381.1875,323.25,317.375,0.0,0.0,0.0,1458.25,0.0,0.0,0.0,1.0,False,False,True,high,high,last_reported=Secondary
MUSSELMAN HIGH SCHOOL,Secondary,high,1621.3125,0.0,0.0,0.0,0.0,0.0,0.0,0.0,0.0,0.0,0.0,453.625,429.625,375.6875,362.375,0.0,0.0,0.0,1621.3125,0.0,0.0,0.0,1.0,False,False,True,high,high,last_reported=Secondary
SPRING MILLS HIGH SCHOOL,Secondary,high,1348.076923076923,1.3076923076923077,0.0,0.0,0.0,0.0,0.0,0.0,0.0,0.0,0.0,374.5384615384616,359.15384615384613,322.3076923076923,290.7692307692308,1.3076923076923077,1.3076923076923077,0.0,1346.7692307692307,0.0009700427960057,0.0009700427960057,0.0,0.9990299572039942,False,True,True,high,high,last_reported=Secondary
PIKESIDE TRANSITIONAL SCHOOL,Alternative,alternative,65.5,0.0,0.0,0.0,0.0,0.0,0.0,0.5,1.5,3.0,7.5,4.5,16.5,14.5,17.5,2.0,12.5,12.5,53.0,0.0305343511450381,0.1908396946564885,0.1908396946564885,0.8091603053435115,True,False,True,high,alternative,unchanged: last_reported_type or name-inferred type is Alternative
WHITESVILLE ELEMENTARY SCHOOL,Elementary,elementary,134.6875,13.75,17.9375,19.25,18.625,18.3125,18.8125,18.6875,9.3125,0.0,0.0,0.0,0.0,0.0,0.0,134.6875,134.6875,28.0,0.0,1.0,1.0,0.2078886310904872,0.0,False,True,False,elementary,elementary,last_reported=Elementary
ASHFORD-RUMBLE ELEMENTARY,Elementary,elementary,128.5,8.6875,17.9375,17.8125,18.875,18.75,19.5625,19.875,7.0,0.0,0.0,0.0,0.0,0.0,0.0,128.5,128.5,26.875,0.0,1.0,1.0,0.2091439688715953,0.0,False,True,False,elementary,elementary,last_reported=Elementary
JEFFREY-SPENCER ELEMENTARY,,elementary,124.16666666666669,14.0,19.166666666666668,18.83333333333333,18.83333333333333,18.5,18.0,16.833333333333332,0.0,0.0,0.0,0.0,0.0,0.0,0.0,124.16666666666666,124.16666666666666,16.833333333333332,0.0,1.0,1.0,0.1355704697986577,0.0,False,True,False,elementary,elementary,no last_reported_type; inferred_grade_type=elementary (name: elementary)
MADISON ELEMENTARY,Elementary,elementary,348.625,49.125,52.8125,49.5625,50.0625,50.1875,48.8125,48.0625,0.0,0.0,0.0,0.0,0.0,0.0,0.0,348.625,348.625,48.0625,0.0,1.0,1.0,0.137863033345285,0.0,False,True,False,elementary,elementary,last_reported=Elementary
NELLIS ELEMENTARY,,elementary,101.0,16.333333333333332,13.166666666666666,13.0,13.166666666666666,12.166666666666666,12.666666666666666,11.0,9.5,0.0,0.0,0.0,0.0,0.0,0.0,101.0,101.0,20.5,0.0,1.0,1.0,0.2029702970297029,0.0,False,True,False,elementary,elementary,no last_reported_type; inferred_grade_type=elementary (name: elementary)
RAMAGE ELEMENTARY,Elementary,elementary,227.375,25.1875,30.875,31.9375,33.375,33.875,34.75,37.375,0.0,0.0,0.0,0.0,0.0,0.0,0.0,227.375,227.375,37.375,0.0,1.0,1.0,0.1643760307861462,0.0,False,True,False,elementary,elementary,last_reported=Elementary
VAN ELEMENTARY,Elementary,elementary,137.875,11.0625,21.25,21.375,21.0625,20.75,20.6875,21.6875,0.0,0.0,0.0,0.0,0.0,0.0,0.0,137.875,137.875,21.6875,0.0,1.0,1.0,0.157298277425204,0.0,False,True,False,elementary,elementary,last_reported=Elementary
WHARTON ELEMENTARY,,elementary,119.83333333333331,15.0,18.0,17.0,16.833333333333332,17.833333333333332,18.33333333333333,16.833333333333332,0.0,0.0,0.0,0.0,0.0,0.0,0.0,119.83333333333331,119.83333333333331,16.833333333333332,0.0,1.0,1.0,0.1404728789986091,0.0,False,True,False,elementary,elementary,no last_reported_type; inferred_grade_type=elementary (name: elementary)
SHERMAN ELEMENTARY SCHOOL,Elementary,elementary,350.1875,36.125,48.1875,49.125,45.75,47.25,48.5625,48.3125,26.875,0.0,0.0,0.0,0.0,0.0,0.0,350.1875,350.1875,75.1875,0.0,1.0,1.0,0.2147064072818133,0.0,False,True,False,elementary,elementary,last_reported=Elementary
BROOKVIEW ELEMENTARY,Elementary,elementary,410.4375,43.25,60.25,59.6875,58.75,59.9375,63.0625,65.5,0.0,0.0,0.0,0.0,0.0,0.0,0.0,410.4375,410.4375,65.5,0.0,1.0,1.0,0.1595858078270138,0.0,False,True,False,elementary,elementary,last_reported=Elementary
MADISON MIDDLE SCHOOL,Middle,middle,493.25,0.0,0.0,0.0,0.0,0.0,0.0,0.0,161.4375,163.75,168.0625,0.0,0.0,0.0,0.0,161.4375,493.25,493.25,0.0,0.3272934617334009,1.0,1.0,0.0,True,False,False,middle,middle,last_reported=Middle
SHERMAN JUNIOR HIGH SCHOOL,Middle,high,240.3125,0.0,0.0,0.0,0.0,0.0,0.0,0.0,47.25,95.5,97.5625,0.0,0.0,0.0,0.0,47.25,240.3125,240.3125,0.0,0.1966189856957087,1.0,1.0,0.0,True,False,False,middle,middle,last_reported=Middle; inferred_type=high (junior-high naming) overridden — inferred_grade_type=middle confirms no Gr 9-12 grades
SCOTT HIGH SCHOOL,Secondary,high,637.5,0.0,0.0,0.0,0.0,0.0,0.0,0.0,0.0,0.0,0.0,186.3125,161.75,149.1875,140.25,0.0,0.0,0.0,637.5,0.0,0.0,0.0,1.0,False,False,True,high,high,last_reported=Secondary
SHERMAN HIGH SCHOOL,Secondary,high,385.875,0.0,0.0,0.0,0.0,0.0,0.0,0.0,0.0,0.0,0.0,106.5,101.75,93.3125,84.3125,0.0,0.0,0.0,385.875,0.0,0.0,0.0,1.0,False,False,True,high,high,last_reported=Secondary
VAN JUNIOR/SENIOR HIGH SCHOOL,Secondary,high,209.875,0.0,0.0,0.0,0.0,0.0,0.0,0.0,30.9375,31.1875,30.25,30.9375,30.4375,29.5,26.625,30.9375,92.375,92.375,117.5,0.1474091721262656,0.4401429422275164,0.4401429422275164,0.5598570577724836,True,False,True,high,high,last_reported=Secondary
BURNSVILLE ELEMENTARY SCHOOL,Elementary,elementary,136.0,15.375,17.8125,18.875,18.8125,19.5625,19.125,18.5625,7.875,0.0,0.0,0.0,0.0,0.0,0.0,136.0,136.0,26.4375,0.0,1.0,1.0,0.1943933823529411,0.0,False,True,False,elementary,elementary,last_reported=Elementary
DAVIS ELEMENTARY SCHOOL,Elementary,elementary,182.0,20.5625,25.0,25.5625,26.4375,25.625,26.4375,23.375,9.0,0.0,0.0,0.0,0.0,0.0,0.0,182.0,182.0,32.375,0.0,1.0,1.0,0.1778846153846154,0.0,False,True,False,elementary,elementary,last_reported=Elementary
FLATWOODS ELEMENTARY SCHOOL,Elementary,elementary,209.0,19.8125,27.75,30.125,29.75,30.4375,30.3125,28.0,12.8125,0.0,0.0,0.0,0.0,0.0,0.0,209.0,209.0,40.8125,0.0,1.0,1.0,0.1952751196172248,0.0,False,True,False,elementary,elementary,last_reported=Elementary
FRAMETOWN ELEMENTARY SCHOOL,Elementary,elementary,151.875,17.5625,21.9375,21.75,22.0625,20.625,20.8125,19.3125,7.8125,0.0,0.0,0.0,0.0,0.0,0.0,151.875,151.875,27.125,0.0,1.0,1.0,0.1786008230452674,0.0,False,True,False,elementary,elementary,last_reported=Elementary
LITTLE BIRCH ELEMENTARY SCHOOL,Elementary,elementary,113.625,12.0625,15.875,15.5625,15.5,16.375,16.375,15.0,6.875,0.0,0.0,0.0,0.0,0.0,0.0,113.625,113.625,21.875,0.0,1.0,1.0,0.1925192519251925,0.0,False,True,False,elementary,elementary,last_reported=Elementary
SUTTON ELEMENTARY SCHOOL,Elementary,elementary,193.3125,27.125,26.3125,25.375,25.6875,26.5625,27.1875,24.375,10.6875,0.0,0.0,0.0,0.0,0.0,0.0,193.3125,193.3125,35.0625,0.0,1.0,1.0,0.1813773035887488,0.0,False,True,False,elementary,elementary,last_reported=Elementary
BRAXTON COUNTY MIDDLE SCHOOL,Middle,middle,375.5625,0.0,0.0,0.0,0.0,0.0,0.0,9.8125,83.25,141.25,141.25,0.0,0.0,0.0,0.0,93.0625,375.5625,375.5625,0.0,0.2477949742053586,1.0,1.0,0.0,True,False,False,middle,middle,last_reported=Middle
BRAXTON COUNTY HIGH SCHOOL,Secondary,high,557.0625,0.0,0.0,0.0,0.0,0.0,0.0,0.0,0.0,0.0,0.0,154.5,137.375,132.6875,132.5,0.0,0.0,0.0,557.0625,0.0,0.0,0.0,1.0,False,False,True,high,high,last_reported=Secondary
BEECH BOTTOM PRIMARY,,elementary,111.75,18.125,18.375,18.875,18.75,19.25,18.375,0.0,0.0,0.0,0.0,0.0,0.0,0.0,0.0,111.75,111.75,0.0,0.0,1.0,1.0,0.0,0.0,False,True,False,elementary,elementary,no last_reported_type; inferred_grade_type=elementary (name: elementary)
COLLIER PRIMARY SCHOOL,,elementary,183.875,16.125,35.625,33.0,33.375,32.75,33.0,0.0,0.0,0.0,0.0,0.0,0.0,0.0,0.0,183.875,183.875,0.0,0.0,1.0,1.0,0.0,0.0,False,True,False,elementary,elementary,no last_reported_type; inferred_grade_type=elementary (name: elementary)
FRANKLIN PRIMARY SCHOOL,,elementary,171.75,0.0,33.625,33.75,37.25,33.75,33.375,0.0,0.0,0.0,0.0,0.0,0.0,0.0,0.0,171.75,171.75,0.0,0.0,1.0,1.0,0.0,0.0,False,True,False,elementary,elementary,no last_reported_type; inferred_grade_type=elementary (name: elementary)
HOOVERSON HEIGHTS PRIMARY SCHOOL,,elementary,164.125,0.125,35.0,32.75,30.75,31.125,34.375,0.0,0.0,0.0,0.0,0.0,0.0,0.0,0.0,164.125,164.125,0.0,0.0,1.0,1.0,0.0,0.0,False,True,False,elementary,elementary,no last_reported_type; inferred_grade_type=elementary (name: elementary)
JEFFERSON PRIMARY SCHOOL,,elementary,238.5,33.0,40.125,39.0,41.5,40.375,44.5,0.0,0.0,0.0,0.0,0.0,0.0,0.0,0.0,238.5,238.5,0.0,0.0,1.0,1.0,0.0,0.0,False,True,False,elementary,elementary,no last_reported_type; inferred_grade_type=elementary (name: elementary)
LAURETTA B MILLSOP PRIMARY SCHOOL,,elementary,89.625,0.0,18.625,16.125,17.125,19.25,18.5,0.0,0.0,0.0,0.0,0.0,0.0,0.0,0.0,89.625,89.625,0.0,0.0,1.0,1.0,0.0,0.0,False,True,False,elementary,elementary,no last_reported_type; inferred_grade_type=elementary (name: elementary)
WELLSBURG PRIMARY SCHOOL,,elementary,236.25,11.625,42.75,45.25,44.0,45.875,46.75,0.0,0.0,0.0,0.0,0.0,0.0,0.0,0.0,236.25,236.25,0.0,0.0,1.0,1.0,0.0,0.0,False,True,False,elementary,elementary,no last_reported_type; inferred_grade_type=elementary (name: elementary)
BROOKE PRIMARY SCHOOL NORTH,Primary,elementary,259.375,0.0,84.75,87.25,87.375,0.0,0.0,0.0,0.0,0.0,0.0,0.0,0.0,0.0,0.0,259.375,259.375,0.0,0.0,1.0,1.0,0.0,0.0,False,True,False,elementary,elementary,last_reported=Primary
BROOKE PRIMARY SCHOOL SOUTH,Primary,elementary,202.25,0.0,68.25,66.5,67.5,0.0,0.0,0.0,0.0,0.0,0.0,0.0,0.0,0.0,0.0,202.25,202.25,0.0,0.0,1.0,1.0,0.0,0.0,False,True,False,elementary,elementary,last_reported=Primary
BROOKE INTERMEDIATE SCHOOL NORTH,Elementary,middle,179.25,0.0,0.0,0.0,0.0,88.875,90.375,0.0,0.0,0.0,0.0,0.0,0.0,0.0,0.0,179.25,179.25,0.0,0.0,1.0,1.0,0.0,0.0,False,True,False,elementary,elementary,last_reported=Elementary; inferred_type=middle (name-based) overridden — grade data confirms elementary
BROOKE INTERMEDIATE SCHOOL SOUTH,Elementary,middle,135.125,0.0,0.0,0.0,0.0,66.5,68.625,0.0,0.0,0.0,0.0,0.0,0.0,0.0,0.0,135.125,135.125,0.0,0.0,1.0,1.0,0.0,0.0,False,True,False,elementary,elementary,last_reported=Elementary; inferred_type=middle (name-based) overridden — grade data confirms elementary
FOLLANSBEE MIDDLE SCHOOL,,middle,502.5,0.0,0.0,0.0,0.0,0.0,0.0,124.125,125.625,123.5,129.25,0.0,0.0,0.0,0.0,249.75,502.5,502.5,0.0,0.4970149253731343,1.0,1.0,0.0,True,False,False,middle,middle,no last_reported_type; inferred_grade_type=middle (name: middle)
WELLSBURG MIDDLE SCHOOL,,middle,436.125,0.0,0.0,0.0,0.0,0.0,0.0,105.125,110.125,112.0,108.875,0.0,0.0,0.0,0.0,215.25,436.125,436.125,0.0,0.4935511607910576,1.0,1.0,0.0,True,False,False,middle,middle,no last_reported_type; inferred_grade_type=middle (name: middle)
BROOKE MIDDLE SCHOOL,Middle,middle,739.875,0.0,0.0,0.0,0.0,0.0,0.0,170.5,178.75,190.25,200.375,0.0,0.0,0.0,0.0,349.25,739.875,739.875,0.0,0.472039195810103,1.0,1.0,0.0,True,False,False,middle,middle,last_reported=Middle
BROOKE HIGH SCHOOL,Secondary,high,1002.375,82.375,0.0,0.0,0.0,0.0,0.0,0.0,0.0,0.0,0.0,240.3125,232.25,224.5,222.9375,82.375,82.375,0.0,920.0,0.0821798229205636,0.0821798229205636,0.0,0.9178201770794364,False,True,True,high,high,last_reported=Secondary
ALTIZER ELEMENTARY SCHOOL,Elementary,elementary,251.3125,31.5625,37.8125,37.0,37.375,36.125,36.125,35.3125,0.0,0.0,0.0,0.0,0.0,0.0,0.0,251.3125,251.3125,35.3125,0.0,1.0,1.0,0.1405123103705546,0.0,False,True,False,elementary,elementary,last_reported=Elementary
COX LANDING ELEMENTARY SCHOOL,Elementary,elementary,205.4375,18.0625,31.625,31.25,30.875,30.6875,30.9375,32.0,0.0,0.0,0.0,0.0,0.0,0.0,0.0,205.4375,205.4375,32.0,0.0,1.0,1.0,0.1557651353818071,0.0,False,True,False,elementary,elementary,last_reported=Elementary
CULLODEN ELEMENTARY SCHOOL,Elementary,elementary,207.75,17.875,33.4375,34.0,31.625,31.6875,29.9375,29.1875,0.0,0.0,0.0,0.0,0.0,0.0,0.0,207.75,207.75,29.1875,0.0,1.0,1.0,0.1404933814681107,0.0,False,True,False,elementary,elementary,last_reported=Elementary
DAVIS CREEK ELEMENTARY SCHOOL,Elementary,elementary,245.125,33.875,34.25,34.125,34.6875,35.625,36.0625,36.5,0.0,0.0,0.0,0.0,0.0,0.0,0.0,245.125,245.125,36.5,0.0,1.0,1.0,0.1489036206017338,0.0,False,True,False,elementary,elementary,last_reported=Elementary
EXPLORER ACADEMY,Elementary,,440.1818181818182,73.72727272727273,66.27272727272727,63.90909090909091,60.81818181818182,60.18181818181818,59.81818181818182,55.45454545454545,0.0,0.0,0.0,0.0,0.0,0.0,0.0,440.1818181818182,440.1818181818182,55.45454545454545,0.0,1.0,1.0,0.1259809995869475,0.0,False,True,False,elementary,elementary,last_reported=Elementary
GENEVA KENT ELEMENTARY SCHOOL,,elementary,326.8,40.0,54.2,49.6,46.4,44.0,43.4,49.2,0.0,0.0,0.0,0.0,0.0,0.0,0.0,326.8,326.8,49.2,0.0,1.0,1.0,0.1505507955936352,0.0,False,True,False,elementary,elementary,no last_reported_type; inferred_grade_type=elementary (name: elementary)
GUYANDOTTE ELEMENTARY SCHOOL,Elementary,elementary,262.0625,54.6875,36.625,36.0625,34.0,35.0625,33.125,32.5,0.0,0.0,0.0,0.0,0.0,0.0,0.0,262.0625,262.0625,32.5,0.0,1.0,1.0,0.124016217505366,0.0,False,True,False,elementary,elementary,last_reported=Elementary
HIGHLAWN ELEMENTARY SCHOOL,Elementary,elementary,306.5625,65.0,41.0,42.125,40.1875,39.625,38.8125,39.8125,0.0,0.0,0.0,0.0,0.0,0.0,0.0,306.5625,306.5625,39.8125,0.0,1.0,1.0,0.1298674821610601,0.0,False,True,False,elementary,elementary,last_reported=Elementary
HITE SAUNDERS ELEMENTARY SCHOOL,Elementary,elementary,224.6875,18.5,38.4375,36.25,34.0625,32.5,32.4375,32.5,0.0,0.0,0.0,0.0,0.0,0.0,0.0,224.6875,224.6875,32.5,0.0,1.0,1.0,0.1446453407510431,0.0,False,True,False,elementary,elementary,last_reported=Elementary
MARTHA ELEMENTARY SCHOOL,Elementary,elementary,217.5625,18.6875,31.8125,33.4375,31.25,33.8125,34.25,34.3125,0.0,0.0,0.0,0.0,0.0,0.0,0.0,217.5625,217.5625,34.3125,0.0,1.0,1.0,0.1577133007756392,0.0,False,True,False,elementary,elementary,last_reported=Elementary
MEADOWS ELEMENTARY SCHOOL,Elementary,elementary,262.25,48.625,37.9375,35.375,36.8125,35.0625,34.1875,34.25,0.0,0.0,0.0,0.0,0.0,0.0,0.0,262.25,262.25,34.25,0.0,1.0,1.0,0.1306005719733079,0.0,False,True,False,elementary,elementary,last_reported=Elementary
MILTON ELEMENTARY SCHOOL,Elementary,elementary,605.875,86.6875,85.5,86.0625,87.25,86.5,85.8125,88.0625,0.0,0.0,0.0,0.0,0.0,0.0,0.0,605.875,605.875,88.0625,0.0,1.0,1.0,0.1453476377140499,0.0,False,True,False,elementary,elementary,last_reported=Elementary
NICHOLS ELEMENTARY SCHOOL,Elementary,elementary,235.5625,16.875,34.75,35.6875,36.0,35.5625,37.375,39.3125,0.0,0.0,0.0,0.0,0.0,0.0,0.0,235.5625,235.5625,39.3125,0.0,1.0,1.0,0.1668877686388962,0.0,False,True,False,elementary,elementary,last_reported=Elementary
ONA ELEMENTARY SCHOOL,Elementary,elementary,329.0625,19.875,52.6875,50.5,51.5625,50.5625,50.875,53.0,0.0,0.0,0.0,0.0,0.0,0.0,0.0,329.0625,329.0625,53.0,0.0,1.0,1.0,0.1610636277302944,0.0,False,True,False,elementary,elementary,last_reported=Elementary
PEYTON ELEMENTARY SCHOOL,,elementary,179.8,25.2,26.8,26.2,26.2,26.0,25.6,23.8,0.0,0.0,0.0,0.0,0.0,0.0,0.0,179.8,179.8,23.8,0.0,1.0,1.0,0.132369299221357,0.0,False,True,False,elementary,elementary,no last_reported_type; inferred_grade_type=elementary (name: elementary)
SALT ROCK ELEMENTARY SCHOOL,Elementary,elementary,225.5625,18.625,35.5,35.4375,33.125,34.125,33.9375,34.8125,0.0,0.0,0.0,0.0,0.0,0.0,0.0,225.5625,225.5625,34.8125,0.0,1.0,1.0,0.1543363812690496,0.0,False,True,False,elementary,elementary,last_reported=Elementary
SPRING HILL ELEMENTARY SCHOOL,Elementary,elementary,463.0,43.0625,72.4375,71.25,69.4375,66.75,69.75,70.3125,0.0,0.0,0.0,0.0,0.0,0.0,0.0,463.0,463.0,70.3125,0.0,1.0,1.0,0.1518628509719222,0.0,False,True,False,elementary,elementary,last_reported=Elementary
CENTRAL CITY ELEMENTARY SCHOOL,Elementary,elementary,482.0,66.9375,73.3125,72.75,68.6875,67.3125,67.0625,65.9375,0.0,0.0,0.0,0.0,0.0,0.0,0.0,482.0,482.0,65.9375,0.0,1.0,1.0,0.1367997925311203,0.0,False,True,False,elementary,elementary,last_reported=Elementary
VILLAGE OF BARBOURSVILLE ELEMENTARY SCH,Elementary,elementary,665.5625,54.9375,104.625,101.5625,102.8125,100.75,100.3125,100.5625,0.0,0.0,0.0,0.0,0.0,0.0,0.0,665.5625,665.5625,100.5625,0.0,1.0,1.0,0.1510939994365668,0.0,False,True,False,elementary,elementary,last_reported=Elementary
SOUTHSIDE ELEMENTARY,Elementary,elementary,455.8125,47.25,70.125,68.8125,66.0625,66.75,68.6875,68.125,0.0,0.0,0.0,0.0,0.0,0.0,0.0,455.8125,455.8125,68.125,0.0,1.0,1.0,0.1494583847525024,0.0,False,True,False,elementary,elementary,last_reported=Elementary
BARBOURSVILLE MIDDLE SCHOOL,Middle,middle,753.0625,0.0,0.0,0.0,0.0,0.0,0.0,0.0,249.8125,252.6875,250.5625,0.0,0.0,0.0,0.0,249.8125,753.0625,753.0625,0.0,0.3317287741721305,1.0,1.0,0.0,True,False,False,middle,middle,last_reported=Middle
BEVERLY HILLS MIDDLE SCHOOL,,middle,471.6666666666667,0.0,0.0,0.0,0.0,0.0,0.0,0.0,162.33333333333334,160.0,149.33333333333334,0.0,0.0,0.0,0.0,162.33333333333334,471.6666666666667,471.6666666666667,0.0,0.3441696113074205,1.0,1.0,0.0,True,False,False,middle,middle,no last_reported_type; inferred_grade_type=middle (name: middle)
ENSLOW MIDDLE SCHOOL,,middle,283.3333333333333,0.0,0.0,0.0,0.0,0.0,0.0,0.0,96.66666666666669,97.33333333333331,89.0,0.3333333333333333,0.0,0.0,0.0,96.66666666666669,283.0,283.0,0.3333333333333333,0.3411764705882353,0.9988235294117648,0.9988235294117648,0.0011764705882352,True,False,True,other,middle,no last_reported_type; inferred_grade_type=other; assigned from inferred_type=middle (name-based)
MILTON MIDDLE SCHOOL,Middle,middle,614.5,0.0,0.0,0.0,0.0,0.0,0.0,0.0,203.9375,206.875,203.6875,0.0,0.0,0.0,0.0,203.9375,614.5,614.5,0.0,0.3318755085435313,1.0,1.0,0.0,True,False,False,middle,middle,last_reported=Middle
HUNTINGTON MIDDLE SCHOOL,Middle,middle,629.125,0.0,0.0,0.0,0.0,0.0,0.0,0.0,214.625,209.9375,204.5625,0.0,0.0,0.0,0.0,214.625,629.125,629.125,0.0,0.3411484204251937,1.0,1.0,0.0,True,False,False,middle,middle,last_reported=Middle
HUNTINGTON EAST MIDDLE SCHOOL,Middle,middle,635.5384615384615,0.0,0.0,0.0,0.0,0.0,0.0,0.0,216.3846153846154,213.07692307692307,206.07692307692307,0.0,0.0,0.0,0.0,216.3846153846154,635.5384615384615,635.5384615384615,0.0,0.340474461389494,1.0,1.0,0.0,True,False,False,middle,middle,last_reported=Middle
CABELL ALTERNATIVE SCHOOL,Alternative,alternative,46.0625,0.0,0.0,0.0,0.0,0.0,0.0,0.0,0.6875,3.875,5.8125,7.6875,12.125,9.125,6.75,0.6875,10.375,10.375,35.6875,0.0149253731343283,0.2252374491180461,0.2252374491180461,0.7747625508819539,True,False,True,high,alternative,unchanged: last_reported_type or name-inferred type is Alternative
CABELL MIDLAND HIGH SCHOOL,Secondary,high,1831.6875,0.0,0.0,0.0,0.0,0.0,0.0,0.0,0.0,0.0,0.0,484.4375,466.25,446.5,434.5,0.0,0.0,0.0,1831.6875,0.0,0.0,0.0,1.0,False,False,True,high,high,last_reported=Secondary
HUNTINGTON HIGH SCHOOL,Secondary,high,1650.0,0.0,0.0,0.0,0.0,0.0,0.0,0.0,0.0,0.0,0.0,483.6875,423.1875,373.4375,369.6875,0.0,0.0,0.0,1650.0,0.0,0.0,0.0,1.0,False,False,True,high,high,last_reported=Secondary
ARNOLDSBURG SCHOOL,Elementary,,199.5625,30.3125,34.0,34.25,33.875,33.3125,33.8125,0.0,0.0,0.0,0.0,0.0,0.0,0.0,0.0,199.5625,199.5625,0.0,0.0,1.0,1.0,0.0,0.0,False,True,False,elementary,elementary,last_reported=Elementary
PLEASANT HILL SCHOOL,Elementary,,204.1875,27.8125,36.125,34.75,35.0625,35.25,35.1875,0.0,0.0,0.0,0.0,0.0,0.0,0.0,0.0,204.1875,204.1875,0.0,0.0,1.0,1.0,0.0,0.0,False,True,False,elementary,elementary,last_reported=Elementary
CALHOUN MIDDLE/HIGH SCHOOL,Secondary,high,564.0625,0.0,0.0,0.0,0.0,0.0,0.0,68.5625,69.0,70.375,70.8125,73.0,72.875,70.8125,68.625,137.5625,278.75,278.75,285.3125,0.2438781163434903,0.4941828254847645,0.4941828254847645,0.5058171745152354,True,False,True,high,high,last_reported=Secondary
CLAY ELEMENTARY SCHOOL,Elementary,elementary,443.125,58.625,60.375,62.1875,63.0625,64.6875,67.5625,66.625,0.0,0.0,0.0,0.0,0.0,0.0,0.0,443.125,443.125,66.625,0.0,1.0,1.0,0.1503526093088857,0.0,False,True,False,elementary,elementary,last_reported=Elementary
LIZEMORE ELEMENTARY SCHOOL,Elementary,elementary,128.57142857142858,14.5,18.428571428571427,18.5,18.714285714285715,19.785714285714285,19.142857142857142,19.5,0.0,0.0,0.0,0.0,0.0,0.0,0.0,128.57142857142856,128.57142857142856,19.5,0.0,0.9999999999999998,0.9999999999999998,0.1516666666666666,0.0,False,True,False,elementary,elementary,last_reported=Elementary
H E WHITE ELEMENTARY SCHOOL,Elementary,elementary,97.0,12.071428571428571,14.428571428571429,13.785714285714286,14.357142857142858,14.0,14.285714285714286,14.071428571428571,0.0,0.0,0.0,0.0,0.0,0.0,0.0,97.0,97.0,14.071428571428571,0.0,1.0,1.0,0.1450662739322533,0.0,False,True,False,elementary,elementary,last_reported=Elementary
BIG OTTER ELEMENTARY SCHOOL,Elementary,elementary,220.8125,31.0,30.1875,31.5,31.5,32.0,31.75,32.875,0.0,0.0,0.0,0.0,0.0,0.0,0.0,220.8125,220.8125,32.875,0.0,1.0,1.0,0.1488819699971695,0.0,False,True,False,elementary,elementary,last_reported=Elementary
CLAY MIDDLE SCHOOL,Middle,middle,401.4375,0.0,0.0,0.0,0.0,0.0,0.0,0.0,132.75,134.0625,134.625,0.0,0.0,0.0,0.0,132.75,401.4375,401.4375,0.0,0.3306865950490425,1.0,1.0,0.0,True,False,False,middle,middle,last_reported=Middle
CLAY COUNTY HIGH SCHOOL,Secondary,high,543.875,0.0,0.0,0.0,0.0,0.0,0.0,0.0,0.0,0.0,0.0,138.4375,136.4375,133.5,135.5,0.0,0.0,0.0,543.875,0.0,0.0,0.0,1.0,False,False,True,high,high,last_reported=Secondary
DODDRIDGE COUNTY ELEMENTARY SCHOOL,Elementary,elementary,389.5,9.4375,58.0,81.125,80.5625,81.125,79.25,0.0,0.0,0.0,0.0,0.0,0.0,0.0,0.0,389.5,389.5,0.0,0.0,1.0,1.0,0.0,0.0,False,True,False,elementary,elementary,last_reported=Elementary
DODDRIDGE COUNTY EARLY LEARNING ACADEMY,Primary,,94.64285714285714,70.92857142857143,23.714285714285715,0.0,0.0,0.0,0.0,0.0,0.0,0.0,0.0,0.0,0.0,0.0,0.0,94.64285714285714,94.64285714285714,0.0,0.0,1.0,1.0,0.0,0.0,False,True,False,elementary,elementary,last_reported=Primary
DODDRIDGE COUNTY MIDDLE SCHOOL,Middle,middle,337.3125,0.0,0.0,0.0,0.0,0.0,0.0,82.375,85.5,84.75,84.6875,0.0,0.0,0.0,0.0,167.875,337.3125,337.3125,0.0,0.4976838984621086,1.0,1.0,0.0,True,False,False,middle,middle,last_reported=Middle
DODDRIDGE COUNTY HIGH SCHOOL,Secondary,high,339.3125,0.0,0.0,0.0,0.0,0.0,0.0,0.0,0.0,0.0,0.0,90.5,85.125,81.8125,81.875,0.0,0.0,0.0,339.3125,0.0,0.0,0.0,1.0,False,False,True,high,high,last_reported=Secondary
FAYETTEVILLE PK-8,Middle,elementary + middle,565.5714285714286,45.285714285714285,45.0,50.85714285714285,52.142857142857146,55.142857142857146,58.57142857142857,58.0,61.42857142857143,70.28571428571429,68.57142857142857,0.2857142857142857,0.0,0.0,0.0,426.4285714285714,565.2857142857143,258.2857142857143,0.2857142857142857,0.7539782773427633,0.9994948219247286,0.456680980045466,0.0005051780752715,True,True,True,other,elementary_middle,last_reported=Middle but inferred_type=elementary+middle (name-based); corrected to elementary_middle
VALLEY PK-8,Middle,elementary + middle,509.7142857142857,49.71428571428572,49.285714285714285,50.0,48.142857142857146,47.42857142857143,48.85714285714285,50.71428571428572,55.42857142857143,55.285714285714285,54.85714285714285,0.0,0.0,0.0,0.0,399.57142857142856,509.7142857142857,216.28571428571428,0.0,0.7839125560538116,1.0,0.4243273542600896,0.0,True,True,False,elementary_middle,elementary_middle,last_reported=Middle but inferred_grade_type=elementary_middle; corrected to elementary_middle
MEADOW BRIDGE REGIONAL SCHOOL,Secondary,,392.5,17.5,24.0,22.5,21.5,26.5,28.5,28.0,34.5,35.5,33.5,30.5,26.0,32.0,32.0,203.0,272.0,131.5,120.5,0.5171974522292994,0.6929936305732484,0.3350318471337579,0.3070063694267516,True,True,True,other,high,"last_reported=Secondary; inferred_grade_type=other — complex multi-span grade distribution (e.g. elem/high combo or regional school), but official Secondary classification retained"
ANSTED ELEMENTARY,Elementary,elementary,217.4375,24.9375,31.25,31.6875,32.125,33.0,34.875,29.5625,0.0,0.0,0.0,0.0,0.0,0.0,0.0,217.4375,217.4375,29.5625,0.0,1.0,1.0,0.1359586087956309,0.0,False,True,False,elementary,elementary,last_reported=Elementary
DANESE ELEMENTARY,,elementary,112.5,31.0,16.5,14.0,14.0,10.0,12.0,15.0,0.0,0.0,0.0,0.0,0.0,0.0,0.0,112.5,112.5,15.0,0.0,1.0,1.0,0.1333333333333333,0.0,False,True,False,elementary,elementary,no last_reported_type; inferred_grade_type=elementary (name: elementary)
DIVIDE ELEMENTARY,Elementary,elementary,212.5,13.375,30.375,31.6875,32.1875,35.125,36.625,33.125,0.0,0.0,0.0,0.0,0.0,0.0,0.0,212.5,212.5,33.125,0.0,1.0,1.0,0.1558823529411764,0.0,False,True,False,elementary,elementary,last_reported=Elementary
FAYETTEVILLE ELEMENTARY,,elementary,444.1111111111111,46.66666666666666,46.888888888888886,45.888888888888886,48.333333333333336,52.0,55.0,74.44444444444444,74.88888888888889,0.0,0.0,0.0,0.0,0.0,0.0,444.1111111111111,444.1111111111111,149.33333333333331,0.0,1.0,1.0,0.3362521891418564,0.0,False,True,False,elementary,elementary,no last_reported_type; inferred_grade_type=elementary (name: elementary)
GATEWOOD ELEMENTARY,,elementary,107.0,14.555555555555555,19.88888888888889,19.22222222222222,18.11111111111111,17.77777777777778,17.444444444444443,0.0,0.0,0.0,0.0,0.0,0.0,0.0,0.0,107.0,107.0,0.0,0.0,1.0,1.0,0.0,0.0,False,True,False,elementary,elementary,no last_reported_type; inferred_grade_type=elementary (name: elementary)
GAULEY BRIDGE ELEMENTARY,Elementary,elementary,151.75,24.916666666666668,23.416666666666668,21.08333333333333,20.166666666666668,20.916666666666668,20.916666666666668,20.33333333333333,0.0,0.0,0.0,0.0,0.0,0.0,0.0,151.75,151.75,20.33333333333333,0.0,1.0,1.0,0.1339923119165293,0.0,False,True,False,elementary,elementary,last_reported=Elementary
MEADOW BRIDGE ELEMENTARY,Elementary,elementary,225.2142857142857,15.428571428571429,27.214285714285715,28.357142857142858,29.357142857142858,29.928571428571427,30.214285714285715,31.428571428571427,33.285714285714285,0.0,0.0,0.0,0.0,0.0,0.0,225.2142857142857,225.2142857142857,64.71428571428572,0.0,1.0,1.0,0.2873453853472883,0.0,False,True,False,elementary,elementary,last_reported=Elementary
MOUNT HOPE ELEMENTARY,,elementary,298.77777777777777,63.55555555555556,43.888888888888886,43.77777777777778,40.22222222222222,38.888888888888886,40.55555555555556,27.88888888888889,0.0,0.0,0.0,0.0,0.0,0.0,0.0,298.77777777777777,298.77777777777777,27.88888888888889,0.0,1.0,1.0,0.0933432502789141,0.0,False,True,False,elementary,elementary,no last_reported_type; inferred_grade_type=elementary (name: elementary)
ROSEDALE ELEMENTARY,,elementary,286.44444444444446,40.333333333333336,52.888888888888886,50.888888888888886,48.77777777777778,47.22222222222222,46.333333333333336,0.0,0.0,0.0,0.0,0.0,0.0,0.0,0.0,286.44444444444446,286.44444444444446,0.0,0.0,1.0,1.0,0.0,0.0,False,True,False,elementary,elementary,no last_reported_type; inferred_grade_type=elementary (name: elementary)
VALLEY ELEMENTARY,,elementary,354.8888888888889,26.666666666666668,54.0,54.333333333333336,52.888888888888886,55.0,55.11111111111112,56.888888888888886,0.0,0.0,0.0,0.0,0.0,0.0,0.0,354.8888888888889,354.8888888888889,56.888888888888886,0.0,1.0,1.0,0.1603005635566687,0.0,False,True,False,elementary,elementary,no last_reported_type; inferred_grade_type=elementary (name: elementary)
NEW RIVER ELEMENTARY,,elementary,758.4444444444445,47.0,144.33333333333334,146.11111111111111,142.55555555555554,140.88888888888889,137.55555555555554,0.0,0.0,0.0,0.0,0.0,0.0,0.0,0.0,758.4444444444445,758.4444444444445,0.0,0.0,1.0,1.0,0.0,0.0,False,True,False,elementary,elementary,no last_reported_type; inferred_grade_type=elementary (name: elementary)
NEW RIVER PRIMARY,Primary,elementary,631.4285714285714,113.28571428571428,164.57142857142858,173.14285714285714,180.42857142857144,0.0,0.0,0.0,0.0,0.0,0.0,0.0,0.0,0.0,0.0,631.4285714285714,631.4285714285714,0.0,0.0,1.0,1.0,0.0,0.0,False,True,False,elementary,elementary,last_reported=Primary
NEW RIVER INTERMEDIATE,Elementary,middle,581.8571428571429,0.0,0.0,0.0,0.0,186.28571428571428,195.42857142857144,200.14285714285717,0.0,0.0,0.0,0.0,0.0,0.0,0.0,581.8571428571429,581.8571428571429,200.14285714285717,0.0,1.0,1.0,0.3439725018413945,0.0,False,True,False,elementary,elementary,last_reported=Elementary; inferred_type=middle (name-based) overridden — grade data confirms elementary
ANSTED MIDDLE,,middle,235.25,0.0,0.0,0.0,0.0,0.0,0.0,11.75,73.0,74.875,75.625,0.0,0.0,0.0,0.0,84.75,235.25,235.25,0.0,0.3602550478214665,1.0,1.0,0.0,True,False,False,middle,middle,no last_reported_type; inferred_grade_type=middle (name: middle)
COLLINS MIDDLE,Middle,middle,728.5,0.0,0.0,0.0,0.0,0.0,0.0,101.1875,212.75,208.625,205.9375,0.0,0.0,0.0,0.0,313.9375,728.5,728.5,0.0,0.4309368565545641,1.0,1.0,0.0,True,False,False,middle,middle,last_reported=Middle
NUTTALL MIDDLE SCHOOL,,middle,169.0,0.0,0.0,0.0,0.0,0.0,0.0,39.5,46.5,44.5,38.5,0.0,0.0,0.0,0.0,86.0,169.0,169.0,0.0,0.5088757396449705,1.0,1.0,0.0,True,False,False,middle,middle,no last_reported_type; inferred_grade_type=middle (name: middle)
FAYETTEVILLE HIGH,,high,469.6666666666667,0.0,0.0,0.0,0.0,0.0,0.0,0.0,0.0,79.55555555555556,78.0,81.77777777777777,80.33333333333333,76.77777777777777,73.22222222222223,0.0,157.55555555555554,157.55555555555554,312.1111111111111,0.0,0.33546250295718,0.33546250295718,0.6645374970428198,True,False,True,high,high,no last_reported_type; inferred_grade_type=high (name: high)
MEADOW BRIDGE HIGH,Secondary,high,219.2142857142857,0.0,0.0,0.0,0.0,0.0,0.0,0.0,0.0,35.642857142857146,35.857142857142854,38.142857142857146,37.21428571428572,36.0,36.35714285714285,0.0,71.5,71.5,147.71428571428572,0.0,0.3261648745519713,0.3261648745519713,0.6738351254480287,True,False,True,high,high,last_reported=Secondary
MIDLAND TRAIL HIGH,Secondary,high,472.3125,0.0,0.0,0.0,0.0,0.0,0.0,0.4375,37.3125,39.25,40.1875,94.0625,90.3125,87.0,83.75,37.75,117.1875,117.1875,355.125,0.0799258965197829,0.2481143310837634,0.2481143310837634,0.7518856689162366,True,False,True,high,high,last_reported=Secondary
MOUNT HOPE HIGH SCHOOL,,high,302.0,0.0,0.0,0.0,0.0,0.0,0.0,38.0,40.0,34.0,42.0,38.0,49.0,28.0,33.0,78.0,154.0,154.0,148.0,0.2582781456953642,0.5099337748344371,0.5099337748344371,0.4900662251655629,True,False,True,other,high,no last_reported_type; inferred_grade_type=other; assigned from inferred_type=high (name-based)
OAK HILL HIGH,Secondary,high,953.0625,0.0,0.0,0.0,0.0,0.0,0.0,0.0,0.0,0.0,0.0,247.9375,243.4375,234.375,227.3125,0.0,0.0,0.0,953.0625,0.0,0.0,0.0,1.0,False,False,True,high,high,last_reported=Secondary
VALLEY HIGH SCHOOL,,high,521.5555555555555,0.0,0.0,0.0,0.0,0.0,0.0,0.0,76.88888888888889,80.0,75.55555555555556,79.0,73.77777777777777,69.44444444444444,66.88888888888889,76.88888888888889,232.44444444444449,232.44444444444449,289.1111111111111,0.1474222411589263,0.4456753302087772,0.4456753302087772,0.5543246697912229,True,False,True,high,high,no last_reported_type; inferred_grade_type=high (name: high)
GLENVILLE ELEMENTARY SCHOOL,,elementary,190.83333333333331,21.0,23.5,24.666666666666668,23.83333333333333,25.5,24.166666666666668,24.5,23.666666666666668,0.0,0.0,0.0,0.0,0.0,0.0,190.83333333333331,190.83333333333331,48.16666666666667,0.0,1.0,1.0,0.2524017467248908,0.0,False,True,False,elementary,elementary,no last_reported_type; inferred_grade_type=elementary (name: elementary)
NORMANTOWN ELEMENTARY,,elementary,118.16666666666669,13.666666666666666,17.0,15.666666666666666,16.0,14.333333333333334,14.333333333333334,14.166666666666666,13.0,0.0,0.0,0.0,0.0,0.0,0.0,118.16666666666666,118.16666666666666,27.166666666666664,0.0,1.0,1.0,0.2299012693935119,0.0,False,True,False,elementary,elementary,no last_reported_type; inferred_grade_type=elementary (name: elementary)
SAND FORK ELEMENTARY,,elementary,112.16666666666669,14.833333333333334,17.166666666666668,14.833333333333334,14.166666666666666,13.666666666666666,12.833333333333334,12.333333333333334,12.333333333333334,0.0,0.0,0.0,0.0,0.0,0.0,112.16666666666669,112.16666666666669,24.666666666666668,0.0,1.0,1.0,0.2199108469539376,0.0,False,True,False,elementary,elementary,no last_reported_type; inferred_grade_type=elementary (name: elementary)
TROY ELEMENTARY SCHOOL,,elementary,94.4,13.0,11.8,12.2,9.8,10.4,12.0,12.0,13.2,0.0,0.0,0.0,0.0,0.0,0.0,94.4,94.4,25.2,0.0,1.0,1.0,0.2669491525423728,0.0,False,True,False,elementary,elementary,no last_reported_type; inferred_grade_type=elementary (name: elementary)
GILMER COUNTY ELEMENTARY SCHOOL,Elementary,elementary,369.8,44.0,48.2,50.4,50.7,51.2,51.9,55.7,17.7,0.0,0.0,0.0,0.0,0.0,0.0,369.8,369.8,73.4,0.0,1.0,1.0,0.19848566792861,0.0,False,True,False,elementary,elementary,last_reported=Elementary
GILMER COUNTY HIGH SCHOOL,Secondary,high,411.5625,0.0,0.0,0.0,0.0,0.0,0.0,0.0,25.0625,63.9375,66.625,66.625,64.625,62.6875,62.0,25.0625,155.625,155.625,255.9375,0.0608959757023538,0.378132118451025,0.378132118451025,0.621867881548975,True,False,True,high,high,last_reported=Secondary
UNION EDUCATIONAL COMPLEX,Secondary,,208.0625,11.4375,13.8125,14.0625,13.8125,14.4375,14.3125,15.125,15.375,15.5,16.1875,17.0,16.375,15.8125,14.8125,112.375,144.0625,62.1875,64.0,0.5401021327726044,0.6924001201562031,0.2988885551216581,0.3075998798437969,True,True,True,other,high,"last_reported=Secondary; inferred_grade_type=other — complex multi-span grade distribution (e.g. elem/high combo or regional school), but official Secondary classification retained"
DORCAS ELEMENTARY SCHOOL,,elementary,64.33333333333333,0.0,2.333333333333333,5.0,9.333333333333334,10.333333333333334,13.0,12.0,12.333333333333334,0.0,0.0,0.0,0.0,0.0,0.0,64.33333333333334,64.33333333333334,24.333333333333336,0.0,1.0000000000000002,1.0000000000000002,0.378238341968912,0.0,False,True,False,elementary,elementary,no last_reported_type; inferred_grade_type=elementary (name: elementary)
MAYSVILLE ELEMENTARY SCHOOL,Elementary,elementary,171.5,16.0625,23.5,23.25,22.875,22.125,21.8125,21.1875,20.6875,0.0,0.0,0.0,0.0,0.0,0.0,171.5,171.5,41.875,0.0,1.0,1.0,0.2441690962099125,0.0,False,True,False,elementary,elementary,last_reported=Elementary
PETERSBURG ELEMENTARY SCHOOL,Elementary,elementary,645.875,71.4375,82.5,83.3125,80.4375,80.375,80.375,83.0,84.4375,0.0,0.0,0.0,0.0,0.0,0.0,645.875,645.875,167.4375,0.0,1.0,1.0,0.2592413392684343,0.0,False,True,False,elementary,elementary,last_reported=Elementary
PETERSBURG HIGH SCHOOL,Secondary,high,661.125,0.0,0.0,0.0,0.0,0.0,0.0,0.0,0.0,109.625,110.625,117.8125,110.0,109.8125,103.25,0.0,220.25,220.25,440.875,0.0,0.3331442616751749,0.3331442616751749,0.6668557383248251,True,False,True,high,high,last_reported=Secondary
CRICHTON ELEMENTARY,Elementary,elementary,97.125,11.25,14.0625,14.3125,14.75,13.8125,13.75,15.1875,0.0,0.0,0.0,0.0,0.0,0.0,0.0,97.125,97.125,15.1875,0.0,1.0,1.0,0.1563706563706563,0.0,False,True,False,elementary,elementary,last_reported=Elementary
RAINELLE ELEMENTARY,Elementary,elementary,210.0625,23.25,30.5625,31.6875,30.125,30.6875,31.8125,31.9375,0.0,0.0,0.0,0.0,0.0,0.0,0.0,210.0625,210.0625,31.9375,0.0,1.0,1.0,0.1520380839036001,0.0,False,True,False,elementary,elementary,last_reported=Elementary
RUPERT ELEMENTARY,Elementary,elementary,185.4375,22.5625,26.9375,26.625,27.0,27.0625,27.6875,27.5625,0.0,0.0,0.0,0.0,0.0,0.0,0.0,185.4375,185.4375,27.5625,0.0,1.0,1.0,0.1486349848331648,0.0,False,True,False,elementary,elementary,last_reported=Elementary
SMOOT ELEMENTARY,Elementary,elementary,142.1875,15.9375,21.5,21.4375,20.5625,20.8125,21.1875,20.75,0.0,0.0,0.0,0.0,0.0,0.0,0.0,142.1875,142.1875,20.75,0.0,1.0,1.0,0.1459340659340659,0.0,False,True,False,elementary,elementary,last_reported=Elementary
ALDERSON ELEMENTARY,Elementary,elementary,212.375,23.3125,32.125,31.125,30.5,29.75,32.0625,33.5,0.0,0.0,0.0,0.0,0.0,0.0,0.0,212.375,212.375,33.5,0.0,1.0,1.0,0.1577398469688052,0.0,False,True,False,elementary,elementary,last_reported=Elementary
FRANKFORD ELEMENTARY,Elementary,elementary,230.875,27.0,32.25,34.75,34.375,33.0625,33.8125,35.625,0.0,0.0,0.0,0.0,0.0,0.0,0.0,230.875,230.875,35.625,0.0,1.0,1.0,0.1543042772062804,0.0,False,True,False,elementary,elementary,last_reported=Elementary
LEWISBURG ELEMENTARY,Elementary,elementary,493.625,45.0625,73.75,74.75,72.125,75.0625,76.25,76.625,0.0,0.0,0.0,0.0,0.0,0.0,0.0,493.625,493.625,76.625,0.0,1.0,1.0,0.1552291719422638,0.0,False,True,False,elementary,elementary,last_reported=Elementary
RONCEVERTE ELEMENTARY,Elementary,elementary,392.5,30.125,58.5,60.6875,59.875,60.75,61.25,61.3125,0.0,0.0,0.0,0.0,0.0,0.0,0.0,392.5,392.5,61.3125,0.0,1.0,1.0,0.1562101910828025,0.0,False,True,False,elementary,elementary,last_reported=Elementary
WHITE SULPHUR ELEMENTARY,Elementary,elementary,327.875,32.75,49.0,50.1875,49.9375,48.6875,48.8125,48.5,0.0,0.0,0.0,0.0,0.0,0.0,0.0,327.875,327.875,48.5,0.0,1.0,1.0,0.1479222264582539,0.0,False,True,False,elementary,elementary,last_reported=Elementary
EASTERN GREENBRIER MIDDLE SCHOOL,Middle,middle,790.125,0.0,0.0,0.0,0.0,0.0,0.0,0.0,260.8125,263.0,266.3125,0.0,0.0,0.0,0.0,260.8125,790.125,790.125,0.0,0.3300901756051257,1.0,1.0,0.0,True,False,False,middle,middle,last_reported=Middle
WESTERN GREENBRIER MIDDLE SCHOOL,Middle,middle,298.125,0.0,0.0,0.0,0.0,0.0,0.0,0.0,98.5,100.5625,99.0625,0.0,0.0,0.0,0.0,98.5,298.125,298.125,0.0,0.330398322851153,1.0,1.0,0.0,True,False,False,middle,middle,last_reported=Middle
GREENBRIER EAST HIGH SCHOOL,Secondary,high,1081.4375,15.0625,0.0,0.0,0.0,0.0,0.0,0.0,0.0,0.0,0.0,308.5625,262.625,245.0,250.1875,15.0625,15.0625,0.0,1066.375,0.0139282205397907,0.0139282205397907,0.0,0.9860717794602092,False,True,True,high,high,last_reported=Secondary
GREENBRIER WEST HIGH SCHOOL,Secondary,high,390.625,0.0,0.0,0.0,0.0,0.0,0.0,0.0,0.0,0.0,0.0,106.9375,97.125,92.75,93.8125,0.0,0.0,0.0,390.625,0.0,0.0,0.0,1.0,False,False,True,high,high,last_reported=Secondary
THE ACHIEVEMENT CENTER,Alternative,alternative,31.0,0.0,0.0,0.0,0.0,0.0,0.0,0.25,0.5,4.75,4.5,10.5,5.0,3.25,2.25,0.75,10.0,10.0,21.0,0.0241935483870967,0.3225806451612903,0.3225806451612903,0.6774193548387096,True,False,True,high,alternative,unchanged: last_reported_type or name-inferred type is Alternative
AUGUSTA ELEMENTARY SCHOOL,Elementary,elementary,293.1428571428572,21.785714285714285,44.642857142857146,44.71428571428572,45.0,45.07142857142857,45.21428571428572,46.71428571428572,0.0,0.0,0.0,0.0,0.0,0.0,0.0,293.1428571428572,293.1428571428572,46.71428571428572,0.0,1.0,1.0,0.1593567251461988,0.0,False,True,False,elementary,elementary,last_reported=Elementary
JOHN J. CORNWELL,Elementary,,91.58333333333331,10.166666666666666,12.5,12.416666666666666,13.666666666666666,14.583333333333334,13.666666666666666,14.583333333333334,0.0,0.0,0.0,0.0,0.0,0.0,0.0,91.58333333333331,91.58333333333331,14.583333333333334,0.0,1.0,1.0,0.1592356687898089,0.0,False,True,False,elementary,elementary,last_reported=Elementary
ROMNEY ELEMENTARY SCHOOL,Elementary,elementary,441.3571428571428,60.42857142857143,67.21428571428571,62.71428571428572,64.14285714285714,63.285714285714285,61.71428571428572,61.85714285714285,0.0,0.0,0.0,0.0,0.0,0.0,0.0,441.3571428571428,441.3571428571428,61.85714285714285,0.0,1.0,1.0,0.1401521281760802,0.0,False,True,False,elementary,elementary,last_reported=Elementary
SLANESVILLE ELEMENTARY SCHOOL,Elementary,elementary,204.28571428571428,18.642857142857142,30.071428571428573,28.785714285714285,30.357142857142858,31.5,31.571428571428573,33.357142857142854,0.0,0.0,0.0,0.0,0.0,0.0,0.0,204.28571428571428,204.28571428571428,33.357142857142854,0.0,1.0,1.0,0.1632867132867133,0.0,False,True,False,elementary,elementary,last_reported=Elementary
SPRINGFIELD-GREEN SPRING ELEMENTARY SCH,Elementary,elementary,115.14285714285714,13.142857142857142,16.142857142857142,17.071428571428573,16.642857142857142,16.428571428571427,17.714285714285715,18.0,0.0,0.0,0.0,0.0,0.0,0.0,0.0,115.14285714285714,115.14285714285714,18.0,0.0,1.0,1.0,0.1563275434243176,0.0,False,True,False,elementary,elementary,last_reported=Elementary
CAPON BRIDGE ELEMENTARY SCHOOL,Elementary,elementary,352.625,32.1875,51.75,52.3125,51.1875,52.875,54.9375,57.375,0.0,0.0,0.0,0.0,0.0,0.0,0.0,352.625,352.625,57.375,0.0,1.0,1.0,0.162708259482453,0.0,False,True,False,elementary,elementary,last_reported=Elementary
ICE MOUNTAIN ELEMENTARY SCHOOL,Elementary,elementary,207.0,21.0,34.5,34.0,37.0,28.0,28.0,24.5,0.0,0.0,0.0,0.0,0.0,0.0,0.0,207.0,207.0,24.5,0.0,1.0,1.0,0.1183574879227053,0.0,False,True,False,elementary,elementary,last_reported=Elementary
WINDY RIDGE ELEMENTARY SCHOOL,Elementary,elementary,331.5,36.5,53.0,44.0,48.5,51.5,53.0,45.0,0.0,0.0,0.0,0.0,0.0,0.0,0.0,331.5,331.5,45.0,0.0,1.0,1.0,0.1357466063348416,0.0,False,True,False,elementary,elementary,last_reported=Elementary
SOUTH BRANCH ELEMENTARY SCHOOL,Elementary,elementary,484.0,60.5,67.0,71.0,67.0,71.5,76.5,70.5,0.0,0.0,0.0,0.0,0.0,0.0,0.0,484.0,484.0,70.5,0.0,1.0,1.0,0.1456611570247933,0.0,False,True,False,elementary,elementary,last_reported=Elementary
CAPON BRIDGE MIDDLE SCHOOL,Middle,middle,294.3125,0.0,0.0,0.0,0.0,0.0,0.0,0.0,96.125,98.1875,100.0,0.0,0.0,0.0,0.0,96.125,294.3125,294.3125,0.0,0.3266086217880654,1.0,1.0,0.0,True,False,False,middle,middle,last_reported=Middle
ROMNEY MIDDLE SCHOOL,Middle,middle,401.0625,0.0,0.0,0.0,0.0,0.0,0.0,0.0,133.4375,133.1875,134.4375,0.0,0.0,0.0,0.0,133.4375,401.0625,401.0625,0.0,0.3327099890914757,1.0,1.0,0.0,True,False,False,middle,middle,last_reported=Middle
HAMPSHIRE SENIOR HIGH SCHOOL,Secondary,high,943.125,0.0,0.0,0.0,0.0,0.0,0.0,0.0,0.0,0.25,0.625,249.6875,238.5625,229.9375,224.0625,0.0,0.875,0.875,942.25,0.0,0.0009277667329357,0.0009277667329357,0.9990722332670644,False,False,True,high,high,last_reported=Secondary
BROADVIEW ELEMENTARY SCHOOL,,elementary,382.0,115.25,61.25,53.75,54.25,47.0,50.5,0.0,0.0,0.0,0.0,0.0,0.0,0.0,0.0,382.0,382.0,0.0,0.0,1.0,1.0,0.0,0.0,False,True,False,elementary,elementary,no last_reported_type; inferred_grade_type=elementary (name: elementary)
LIBERTY ELEMENTARY SCHOOL,,elementary,241.0,11.5,46.75,45.25,42.75,49.75,45.0,0.0,0.0,0.0,0.0,0.0,0.0,0.0,0.0,241.0,241.0,0.0,0.0,1.0,1.0,0.0,0.0,False,True,False,elementary,elementary,no last_reported_type; inferred_grade_type=elementary (name: elementary)
NEW MANCHESTER ELEMENTARY SCHOOL,Elementary,elementary,307.1875,45.8125,51.125,51.25,51.5,52.375,55.125,0.0,0.0,0.0,0.0,0.0,0.0,0.0,0.0,307.1875,307.1875,0.0,0.0,1.0,1.0,0.0,0.0,False,True,False,elementary,elementary,last_reported=Elementary
WEIRTON HEIGHTS ELEMENTARY SCHOOL,,elementary,375.5,10.0,87.0,72.25,69.25,68.0,69.0,0.0,0.0,0.0,0.0,0.0,0.0,0.0,0.0,375.5,375.5,0.0,0.0,1.0,1.0,0.0,0.0,False,True,False,elementary,elementary,no last_reported_type; inferred_grade_type=elementary (name: elementary)
A. T. ALLISON ELEMENTARY SCHOOL,Elementary,elementary,375.875,32.5625,66.25,65.9375,67.625,70.5625,72.9375,0.0,0.0,0.0,0.0,0.0,0.0,0.0,0.0,375.875,375.875,0.0,0.0,1.0,1.0,0.0,0.0,False,True,False,elementary,elementary,last_reported=Elementary
WEIRTON ELEMENTARY,Elementary,elementary,865.0,126.33333333333331,148.33333333333334,150.91666666666666,145.0,146.5,147.91666666666666,0.0,0.0,0.0,0.0,0.0,0.0,0.0,0.0,865.0,865.0,0.0,0.0,1.0,1.0,0.0,0.0,False,True,False,elementary,elementary,last_reported=Elementary
WEIR MIDDLE SCHOOL,Middle,middle,616.4375,0.0,0.0,0.0,0.0,0.0,0.0,151.4375,152.125,155.375,157.5,0.0,0.0,0.0,0.0,303.5625,616.4375,616.4375,0.0,0.4924465172868296,1.0,1.0,0.0,True,False,False,middle,middle,last_reported=Middle
OAK GLEN MIDDLE SCHOOL,Middle,middle,541.875,0.0,0.0,0.0,0.0,0.0,0.0,132.625,133.25,137.625,138.375,0.0,0.0,0.0,0.0,265.875,541.875,541.875,0.0,0.4906574394463668,1.0,1.0,0.0,True,False,False,middle,middle,last_reported=Middle
OAK GLEN HIGH SCHOOL,Secondary,high,534.375,0.8125,0.0,0.0,0.0,0.0,0.0,0.0,0.0,0.0,0.0,162.375,131.4375,124.25,115.5,0.8125,0.8125,0.0,533.5625,0.0015204678362573,0.0015204678362573,0.0,0.9984795321637427,False,True,True,high,high,last_reported=Secondary
WEIR HIGH SCHOOL,Secondary,high,621.0,0.0,0.0,0.0,0.0,0.0,0.0,0.0,0.0,0.0,0.0,166.5,160.5,151.5625,142.4375,0.0,0.0,0.0,621.0,0.0,0.0,0.0,1.0,False,False,True,high,high,last_reported=Secondary
MOOREFIELD ELEMENTARY SCHOOL,Primary,elementary,455.625,103.4375,124.0625,116.25,111.875,0.0,0.0,0.0,0.0,0.0,0.0,0.0,0.0,0.0,0.0,455.625,455.625,0.0,0.0,1.0,1.0,0.0,0.0,False,True,False,elementary,elementary,last_reported=Primary
EAST HARDY EARLY/MIDDLE SCHOOL,Middle,middle,460.9375,33.1875,47.875,47.375,49.0625,48.0,49.5,48.375,51.5,43.1875,42.875,0.0,0.0,0.0,0.0,374.875,460.9375,185.9375,0.0,0.8132881355932203,1.0,0.4033898305084746,0.0,True,True,False,elementary_middle,elementary_middle,last_reported=Middle but inferred_grade_type=elementary_middle; corrected to elementary_middle
MOOREFIELD INTERMEDIATE SCHOOL,Elementary,middle,336.5625,0.0,0.0,0.0,0.0,111.75,113.4375,111.375,0.0,0.0,0.0,0.0,0.0,0.0,0.0,336.5625,336.5625,111.375,0.0,1.0,1.0,0.3309192200557103,0.0,False,True,False,elementary,elementary,last_reported=Elementary; inferred_type=middle (name-based) overridden — grade data confirms elementary
MOOREFIELD MIDDLE SCHOOL,Middle,middle,336.125,0.0,0.0,0.0,0.0,0.0,0.0,0.0,113.25,113.0,109.875,0.0,0.0,0.0,0.0,113.25,336.125,336.125,0.0,0.3369282261063592,1.0,1.0,0.0,True,False,False,middle,middle,last_reported=Middle
EAST HARDY HIGH SCHOOL,Secondary,high,247.8125,0.0,0.0,0.0,0.0,0.0,0.0,0.0,0.0,11.3125,11.25,60.5625,58.875,54.25,51.5625,0.0,22.5625,22.5625,225.25,0.0,0.091046658259773,0.091046658259773,0.908953341740227,True,False,True,high,high,last_reported=Secondary
MOOREFIELD HIGH SCHOOL,Secondary,high,438.25,0.0,0.0,0.0,0.0,0.0,0.0,0.0,0.0,0.0,0.0,116.6875,113.25,107.9375,100.375,0.0,0.0,0.0,438.25,0.0,0.0,0.0,1.0,False,False,True,high,high,last_reported=Secondary
ADAMSTON ELEMENTARY SCHOOL,Elementary,elementary,274.9166666666667,28.0,45.25,43.75,41.083333333333336,39.75,38.333333333333336,38.75,0.0,0.0,0.0,0.0,0.0,0.0,0.0,274.9166666666667,274.9166666666667,38.75,0.0,1.0,1.0,0.1409518035768414,0.0,False,True,False,elementary,elementary,last_reported=Elementary
JOHNSON ELEMENTARY SCHOOL,Elementary,elementary,640.8125,53.125,94.125,95.1875,96.625,98.1875,100.8125,102.75,0.0,0.0,0.0,0.0,0.0,0.0,0.0,640.8125,640.8125,102.75,0.0,1.0,1.0,0.1603433141519555,0.0,False,True,False,elementary,elementary,last_reported=Elementary
LOST CREEK ELEMENTARY SCHOOL,Elementary,elementary,158.5,20.0625,24.9375,23.3125,22.9375,22.625,22.0,22.625,0.0,0.0,0.0,0.0,0.0,0.0,0.0,158.5,158.5,22.625,0.0,1.0,1.0,0.1427444794952681,0.0,False,True,False,elementary,elementary,last_reported=Elementary
LUMBERPORT ELEMENTARY SCHOOL,Elementary,elementary,282.3125,25.4375,42.875,42.75,41.6875,42.625,43.25,43.6875,0.0,0.0,0.0,0.0,0.0,0.0,0.0,282.3125,282.3125,43.6875,0.0,1.0,1.0,0.1547487270312154,0.0,False,True,False,elementary,elementary,last_reported=Elementary
MOUNTAINEER ELEMENTARY SCHOOL,Elementary,elementary,303.875,42.5,46.625,44.5,43.625,41.8125,41.5,43.3125,0.0,0.0,0.0,0.0,0.0,0.0,0.0,303.875,303.875,43.3125,0.0,1.0,1.0,0.1425339366515837,0.0,False,True,False,elementary,elementary,last_reported=Elementary
NORWOOD ELEMENTARY SCHOOL,Elementary,elementary,330.0769230769231,53.07692307692308,44.61538461538461,45.38461538461539,45.69230769230769,46.30769230769231,46.53846153846154,48.46153846153846,0.0,0.0,0.0,0.0,0.0,0.0,0.0,330.0769230769231,330.0769230769231,48.46153846153846,0.0,1.0,1.0,0.1468189233278956,0.0,False,True,False,elementary,elementary,last_reported=Elementary
SIMPSON ELEMENTARY SCHOOL,Elementary,elementary,445.25,47.625,65.8125,66.25,66.3125,66.1875,66.5,66.5625,0.0,0.0,0.0,0.0,0.0,0.0,0.0,445.25,445.25,66.5625,0.0,1.0,1.0,0.1494946659180235,0.0,False,True,False,elementary,elementary,last_reported=Elementary
WEST MILFORD ELEMENTARY SCHOOL,Elementary,elementary,414.6875,49.75,58.8125,61.5625,59.8125,60.4375,61.0625,63.25,0.0,0.0,0.0,0.0,0.0,0.0,0.0,414.6875,414.6875,63.25,0.0,1.0,1.0,0.1525244913338357,0.0,False,True,False,elementary,elementary,last_reported=Elementary
WILSONBURG ELEMENTARY SCHOOL,Elementary,elementary,223.16666666666663,27.916666666666668,35.25,33.0,32.333333333333336,32.25,31.33333333333333,31.08333333333333,0.0,0.0,0.0,0.0,0.0,0.0,0.0,223.16666666666669,223.16666666666669,31.08333333333333,0.0,1.0000000000000002,1.0000000000000002,0.1392830470500373,0.0,False,True,False,elementary,elementary,last_reported=Elementary
BIG ELM ELEMENTARY SCHOOL,Elementary,elementary,663.0,92.375,98.125,95.5,91.4375,91.9375,96.0,97.625,0.0,0.0,0.0,0.0,0.0,0.0,0.0,663.0,663.0,97.625,0.0,1.0,1.0,0.1472473604826546,0.0,False,True,False,elementary,elementary,last_reported=Elementary
NUTTER FORT PRIMARY SCHOOL,Primary,elementary,626.0,139.75,161.5625,164.125,160.5625,0.0,0.0,0.0,0.0,0.0,0.0,0.0,0.0,0.0,0.0,626.0,626.0,0.0,0.0,1.0,1.0,0.0,0.0,False,True,False,elementary,elementary,last_reported=Primary
NUTTER FORT INTERMEDIATE SCHOOL,Elementary,middle,490.9375,0.0,0.0,0.0,0.0,164.75,162.5625,163.625,0.0,0.0,0.0,0.0,0.0,0.0,0.0,490.9375,490.9375,163.625,0.0,1.0,1.0,0.3332908975175048,0.0,False,True,False,elementary,elementary,last_reported=Elementary; inferred_type=middle (name-based) overridden — grade data confirms elementary
SALEM ELEMENTARY,Elementary,elementary,249.5,28.875,37.6875,36.5625,35.5,36.0,37.75,37.125,0.0,0.0,0.0,0.0,0.0,0.0,0.0,249.5,249.5,37.125,0.0,1.0,1.0,0.1487975951903807,0.0,False,True,False,elementary,elementary,last_reported=Elementary
VICTORY ELEMENTARY SCHOOL,Elementary,elementary,341.75,35.5,47.75,49.75,54.25,48.25,51.5,54.75,0.0,0.0,0.0,0.0,0.0,0.0,0.0,341.75,341.75,54.75,0.0,1.0,1.0,0.1602048280907095,0.0,False,True,False,elementary,elementary,last_reported=Elementary
BRIDGEPORT MIDDLE SCHOOL,Middle,middle,597.875,0.0,0.0,0.0,0.0,0.0,0.0,0.0,195.9375,201.5,200.4375,0.0,0.0,0.0,0.0,195.9375,597.875,597.875,0.0,0.3277231862847585,1.0,1.0,0.0,True,False,False,middle,middle,last_reported=Middle
LINCOLN MIDDLE SCHOOL,Middle,middle,434.625,0.0,0.0,0.0,0.0,0.0,0.0,0.0,142.6875,144.5,147.4375,0.0,0.0,0.0,0.0,142.6875,434.625,434.625,0.0,0.3283002588438309,1.0,1.0,0.0,True,False,False,middle,middle,last_reported=Middle
WASHINGTON IRVING MIDDLE SCHOOL,Middle,middle,572.6,0.0,0.0,0.0,0.0,0.0,0.0,0.0,193.6,189.53333333333333,189.46666666666667,0.0,0.0,0.0,0.0,193.6,572.6,572.6,0.0,0.3381068808941669,1.0,1.0,0.0,True,False,False,middle,middle,last_reported=Middle
SOUTH HARRISON MIDDLE SCHOOL,Middle,middle,275.4375,0.0,0.0,0.0,0.0,0.0,0.0,0.0,89.3125,92.125,94.0,0.0,0.0,0.0,0.0,89.3125,275.4375,275.4375,0.0,0.3242568640798729,1.0,1.0,0.0,True,False,False,middle,middle,last_reported=Middle
MOUNTAINEER MIDDLE SCHOOL,Middle,middle,425.8666666666667,0.0,0.0,0.0,0.0,0.0,0.0,0.0,141.6,143.53333333333333,140.73333333333332,0.0,0.0,0.0,0.0,141.6,425.8666666666667,425.8666666666667,0.0,0.332498434564809,1.0,1.0,0.0,True,False,False,middle,middle,last_reported=Middle
EVOLUTION MIDDLE SCHOOL,Alternative,alternative,12.8,0.0,0.0,0.0,0.0,0.0,0.0,0.0,0.8,2.2,3.8,0.0,0.0,0.0,0.0,0.8,6.8,6.8,0.0,0.0625,0.53125,0.53125,0.0,True,False,False,middle,alternative,unchanged: last_reported_type or name-inferred type is Alternative
LIBERTY MIDDLE SCHOOL,Middle,middle,759.0,0.0,0.0,0.0,0.0,0.0,0.0,0.0,204.0,274.0,281.0,0.0,0.0,0.0,0.0,204.0,759.0,759.0,0.0,0.2687747035573122,1.0,1.0,0.0,True,False,False,middle,middle,last_reported=Middle
BRIDGEPORT HIGH SCHOOL,Secondary,high,787.9375,0.0,0.0,0.0,0.0,0.0,0.0,0.0,0.0,0.0,0.0,205.5625,200.8125,195.5,186.0625,0.0,0.0,0.0,787.9375,0.0,0.0,0.0,1.0,False,False,True,high,high,last_reported=Secondary
LIBERTY HIGH SCHOOL,Secondary,high,524.7333333333333,0.0,0.0,0.0,0.0,0.0,0.0,0.0,0.0,0.0,0.0,155.8,134.0,121.13333333333334,113.8,0.0,0.0,0.0,524.7333333333333,0.0,0.0,0.0,1.0,False,False,True,high,high,last_reported=Secondary
LINCOLN HIGH SCHOOL,Secondary,high,573.125,0.0,0.0,0.0,0.0,0.0,0.0,0.0,0.0,0.0,0.0,159.6875,149.0625,134.875,129.5,0.0,0.0,0.0,573.125,0.0,0.0,0.0,1.0,False,False,True,high,high,last_reported=Secondary
SOUTH HARRISON HIGH SCHOOL,Secondary,high,368.5,0.0,0.0,0.0,0.0,0.0,0.0,0.0,0.0,0.0,0.0,105.1875,93.0,89.0625,81.25,0.0,0.0,0.0,368.5,0.0,0.0,0.0,1.0,False,False,True,high,high,last_reported=Secondary
ROBERT C BYRD HIGH SCHOOL,Secondary,high,763.6875,0.0,0.0,0.0,0.0,0.0,0.0,0.0,0.0,0.0,0.0,225.5625,195.6875,177.3125,165.125,0.0,0.0,0.0,763.6875,0.0,0.0,0.0,1.0,False,False,True,high,high,last_reported=Secondary
UNITED HIGH SCHOOL,Alternative,alternative,124.7,0.0,0.0,0.0,0.0,0.0,0.0,0.0,0.0,0.0,0.0,12.2,34.1,45.0,33.4,0.0,0.0,0.0,124.7,0.0,0.0,0.0,1.0,False,False,True,high,alternative,unchanged: last_reported_type or name-inferred type is Alternative
EVOLUTION HIGH SCHOOL,Alternative,alternative,27.25,0.0,0.0,0.0,0.0,0.0,0.0,0.0,0.0833333333333333,0.1666666666666666,0.1666666666666666,7.75,9.75,5.416666666666667,3.9166666666666665,0.0833333333333333,0.4166666666666666,0.4166666666666666,26.83333333333333,0.0030581039755351,0.0152905198776758,0.0152905198776758,0.984709480122324,False,False,True,high,alternative,unchanged: last_reported_type or name-inferred type is Alternative
PRESSLEY RIDGE SCHOOL,,,32.2,0.0,0.0,0.0,0.0,0.0,0.0,0.0,0.0,2.2,4.6,10.8,9.4,4.4,0.8,0.0,6.8,6.8,25.4,0.0,0.2111801242236024,0.2111801242236024,0.7888198757763976,True,False,True,high,high,no last_reported_type; inferred_grade_type=high (name: nan)
UNITED TECHNICAL CENTER,,,2.75,0.0,0.0,0.0,0.0,0.0,0.0,0.0,0.0,0.0,0.0,0.25,0.0,1.25,1.25,0.0,0.0,0.0,2.75,0.0,0.0,0.0,1.0,False,False,True,high,high,no last_reported_type; inferred_grade_type=high (name: nan)
COTTAGEVILLE ELEMENTARY SCHOOL,Elementary,elementary,146.3125,17.0,21.4375,22.1875,22.375,21.4375,20.9375,20.9375,0.0,0.0,0.0,0.0,0.0,0.0,0.0,146.3125,146.3125,20.9375,0.0,1.0,1.0,0.1431012387868432,0.0,False,True,False,elementary,elementary,last_reported=Elementary
EVANS ELEMENTARY SCHOOL,Elementary,elementary,159.1875,10.625,25.5,25.5,24.8125,24.375,24.125,24.25,0.0,0.0,0.0,0.0,0.0,0.0,0.0,159.1875,159.1875,24.25,0.0,1.0,1.0,0.1523360816647035,0.0,False,True,False,elementary,elementary,last_reported=Elementary
FAIRPLAIN ELEMENTARY SCHOOL,Elementary,elementary,192.8125,30.5625,27.5625,26.8125,27.0,26.0625,27.3125,27.5,0.0,0.0,0.0,0.0,0.0,0.0,0.0,192.8125,192.8125,27.5,0.0,1.0,1.0,0.1426256077795786,0.0,False,True,False,elementary,elementary,last_reported=Elementary
GILMORE ELEMENTARY SCHOOL,Elementary,elementary,196.4375,20.375,28.8125,30.75,29.625,29.9375,29.1875,27.75,0.0,0.0,0.0,0.0,0.0,0.0,0.0,196.4375,196.4375,27.75,0.0,1.0,1.0,0.1412663060769965,0.0,False,True,False,elementary,elementary,last_reported=Elementary
KENNA ELEMENTARY SCHOOL,Elementary,elementary,282.125,32.625,39.4375,40.875,40.4375,42.1875,43.3125,43.25,0.0,0.0,0.0,0.0,0.0,0.0,0.0,282.125,282.125,43.25,0.0,1.0,1.0,0.153300841825432,0.0,False,True,False,elementary,elementary,last_reported=Elementary
HENRY J KAISER ELEMENTARY SCHOOL,Primary,elementary,327.875,67.75,85.375,87.8125,86.9375,0.0,0.0,0.0,0.0,0.0,0.0,0.0,0.0,0.0,0.0,327.875,327.875,0.0,0.0,1.0,1.0,0.0,0.0,False,True,False,elementary,elementary,last_reported=Primary
RAVENSWOOD GRADE SCHOOL,Elementary,,270.375,0.0,0.0,0.0,0.0,88.0625,90.8125,91.5,0.0,0.0,0.0,0.0,0.0,0.0,0.0,270.375,270.375,91.5,0.0,1.0,1.0,0.3384188626907073,0.0,False,True,False,elementary,elementary,last_reported=Elementary
RIPLEY ELEMENTARY SCHOOL,Elementary,elementary,627.4375,68.125,89.625,92.3125,91.875,93.5625,94.4375,97.5,0.0,0.0,0.0,0.0,0.0,0.0,0.0,627.4375,627.4375,97.5,0.0,1.0,1.0,0.1553939635421855,0.0,False,True,False,elementary,elementary,last_reported=Elementary
RAVENSWOOD MIDDLE SCHOOL,Middle,middle,333.625,0.0,0.0,0.0,0.0,0.0,0.0,0.0,111.5625,110.625,111.4375,0.0,0.0,0.0,0.0,111.5625,333.625,333.625,0.0,0.3343949044585987,1.0,1.0,0.0,True,False,False,middle,middle,last_reported=Middle
RIPLEY MIDDLE SCHOOL,Middle,middle,674.125,0.0,0.0,0.0,0.0,0.0,0.0,0.0,222.4375,225.5,226.1875,0.0,0.0,0.0,0.0,222.4375,674.125,674.125,0.0,0.3299647691451882,1.0,1.0,0.0,True,False,False,middle,middle,last_reported=Middle
RAVENSWOOD HIGH SCHOOL,Secondary,high,432.625,0.0,0.0,0.0,0.0,0.0,0.0,0.0,0.0,0.0,0.0,126.0625,110.9375,98.125,97.5,0.0,0.0,0.0,432.625,0.0,0.0,0.0,1.0,False,False,True,high,high,last_reported=Secondary
RIPLEY HIGH SCHOOL,Secondary,high,885.25,0.0,0.0,0.0,0.0,0.0,0.0,0.0,0.0,0.0,0.0,255.625,226.875,207.875,194.875,0.0,0.0,0.0,885.25,0.0,0.0,0.0,1.0,False,False,True,high,high,last_reported=Secondary
BLUE RIDGE ELEMENTARY SCHOOL,Elementary,elementary,388.3125,28.625,46.875,47.125,67.0625,65.375,66.125,67.125,0.0,0.0,0.0,0.0,0.0,0.0,0.0,388.3125,388.3125,67.125,0.0,1.0,1.0,0.1728633510381458,0.0,False,True,False,elementary,elementary,last_reported=Elementary
NORTH JEFFERSON ELEMENTARY,Elementary,elementary,256.6875,47.875,35.4375,33.9375,34.5625,35.5,33.1875,36.1875,0.0,0.0,0.0,0.0,0.0,0.0,0.0,256.6875,256.6875,36.1875,0.0,1.0,1.0,0.1409788166544923,0.0,False,True,False,elementary,elementary,last_reported=Elementary
PAGE JACKSON ELEMENTARY,Primary,elementary,398.1875,20.4375,124.6875,127.0625,126.0,0.0,0.0,0.0,0.0,0.0,0.0,0.0,0.0,0.0,0.0,398.1875,398.1875,0.0,0.0,1.0,1.0,0.0,0.0,False,True,False,elementary,elementary,last_reported=Primary
RANSON ELEMENTARY SCHOOL,Elementary,elementary,356.4375,25.9375,55.6875,58.1875,55.25,54.375,54.5625,52.4375,0.0,0.0,0.0,0.0,0.0,0.0,0.0,356.4375,356.4375,52.4375,0.0,1.0,1.0,0.1471155532176047,0.0,False,True,False,elementary,elementary,last_reported=Elementary
SHEPHERDSTOWN ELEMENTARY SCHOOL,Elementary,elementary,399.6875,4.0,59.875,61.875,64.1875,67.4375,70.625,71.6875,0.0,0.0,0.0,0.0,0.0,0.0,0.0,399.6875,399.6875,71.6875,0.0,1.0,1.0,0.1793588741204065,0.0,False,True,False,elementary,elementary,last_reported=Elementary
C. W. SHIPLEY ELEMENTARY SCHOOL,Elementary,elementary,379.5625,1.5625,55.5,60.0625,62.625,65.25,67.1875,67.375,0.0,0.0,0.0,0.0,0.0,0.0,0.0,379.5625,379.5625,67.375,0.0,1.0,1.0,0.1775069981887041,0.0,False,True,False,elementary,elementary,last_reported=Elementary
SOUTH JEFFERSON ELEMENTARY SCHOOL,Elementary,elementary,478.6875,21.5,71.125,73.9375,73.6875,76.9375,79.5,82.0,0.0,0.0,0.0,0.0,0.0,0.0,0.0,478.6875,478.6875,82.0,0.0,1.0,1.0,0.1713017365191278,0.0,False,True,False,elementary,elementary,last_reported=Elementary
WRIGHT DENNY INTERMEDIATE SCHOOL,Elementary,middle,396.0625,0.0,0.0,0.0,0.0,127.4375,133.0,135.625,0.0,0.0,0.0,0.0,0.0,0.0,0.0,396.0625,396.0625,135.625,0.0,1.0,1.0,0.3424333280732207,0.0,False,True,False,elementary,elementary,last_reported=Elementary; inferred_type=middle (name-based) overridden — grade data confirms elementary
T A LOWERY ELEMENTARY SCHOOL,Elementary,elementary,546.1875,109.0,68.75,71.8125,73.3125,73.5625,74.875,74.875,0.0,0.0,0.0,0.0,0.0,0.0,0.0,546.1875,546.1875,74.875,0.0,1.0,1.0,0.1370866231834306,0.0,False,True,False,elementary,elementary,last_reported=Elementary
DRISWOOD ELEMENTARY SCHOOL,Elementary,elementary,443.625,42.25,62.9375,66.125,65.4375,67.5625,68.375,70.9375,0.0,0.0,0.0,0.0,0.0,0.0,0.0,443.625,443.625,70.9375,0.0,1.0,1.0,0.1599041983657368,0.0,False,True,False,elementary,elementary,last_reported=Elementary
BLUE RIDGE PRIMARY,,elementary,198.0,36.5,79.5,82.0,0.0,0.0,0.0,0.0,0.0,0.0,0.0,0.0,0.0,0.0,0.0,198.0,198.0,0.0,0.0,1.0,1.0,0.0,0.0,False,True,False,elementary,elementary,no last_reported_type; inferred_grade_type=elementary (name: elementary)
CHARLES TOWN MIDDLE SCHOOL,Middle,middle,656.0,0.0,0.0,0.0,0.0,0.0,0.0,0.0,216.125,220.125,219.75,0.0,0.0,0.0,0.0,216.125,656.0,656.0,0.0,0.3294588414634146,1.0,1.0,0.0,True,False,False,middle,middle,last_reported=Middle
HARPERS FERRY MIDDLE SCHOOL,Middle,middle,529.5625,0.0,0.0,0.0,0.0,0.0,0.0,0.0,175.125,176.9375,177.5,0.0,0.0,0.0,0.0,175.125,529.5625,529.5625,0.0,0.330697509736811,1.0,1.0,0.0,True,False,False,middle,middle,last_reported=Middle
SHEPHERDSTOWN MIDDLE SCHOOL,Middle,middle,338.875,0.0,0.0,0.0,0.0,0.0,0.0,0.0,111.375,114.4375,113.0625,0.0,0.0,0.0,0.0,111.375,338.875,338.875,0.0,0.3286610106971597,1.0,1.0,0.0,True,False,False,middle,middle,last_reported=Middle
WILDWOOD MIDDLE SCHOOL,Middle,middle,493.875,0.0,0.0,0.0,0.0,0.0,0.0,0.0,163.9375,166.125,163.8125,0.0,0.0,0.0,0.0,163.9375,493.875,493.875,0.0,0.3319412806884333,1.0,1.0,0.0,True,False,False,middle,middle,last_reported=Middle
JEFFERSON HIGH SCHOOL,Secondary,high,1420.3125,0.0,0.0,0.0,0.0,0.0,0.0,0.0,0.0,0.0,0.0,391.4375,365.75,347.5625,315.5625,0.0,0.0,0.0,1420.3125,0.0,0.0,0.0,1.0,False,False,True,high,high,last_reported=Secondary
WASHINGTON HIGH SCHOOL,Secondary,high,1257.6875,0.0,0.0,0.0,0.0,0.0,0.0,0.0,0.0,0.0,0.0,344.3125,326.125,307.4375,279.8125,0.0,0.0,0.0,1257.6875,0.0,0.0,0.0,1.0,False,False,True,high,high,last_reported=Secondary
ALBAN ELEMENTARY SCHOOL,Elementary,elementary,330.625,25.9375,49.8125,51.1875,50.0,50.5625,50.9375,52.1875,0.0,0.0,0.0,0.0,0.0,0.0,0.0,330.625,330.625,52.1875,0.0,1.0,1.0,0.1578449905482041,0.0,False,True,False,elementary,elementary,last_reported=Elementary
ALUM CREEK ELEMENTARY SCHOOL,Elementary,elementary,177.1875,16.125,26.375,26.8125,27.1875,27.0,27.375,26.3125,0.0,0.0,0.0,0.0,0.0,0.0,0.0,177.1875,177.1875,26.3125,0.0,1.0,1.0,0.1485008818342151,0.0,False,True,False,elementary,elementary,last_reported=Elementary
ANDREWS HEIGHTS ELEMENTARY SCHOOL,Elementary,elementary,289.6875,36.75,41.625,43.4375,41.0,40.8125,42.625,43.4375,0.0,0.0,0.0,0.0,0.0,0.0,0.0,289.6875,289.6875,43.4375,0.0,1.0,1.0,0.1499460625674218,0.0,False,True,False,elementary,elementary,last_reported=Elementary
ANNE BAILEY ELEMENTARY SCHOOL,Elementary,elementary,265.9375,37.375,39.25,40.9375,39.125,37.0,37.125,35.125,0.0,0.0,0.0,0.0,0.0,0.0,0.0,265.9375,265.9375,35.125,0.0,1.0,1.0,0.1320799059929494,0.0,False,True,False,elementary,elementary,last_reported=Elementary
BELLE ELEMENTARY SCHOOL,Elementary,elementary,277.4375,25.6875,42.3125,43.5625,42.0625,41.5,41.3125,41.0,0.0,0.0,0.0,0.0,0.0,0.0,0.0,277.4375,277.4375,41.0,0.0,1.0,1.0,0.1477810317639108,0.0,False,True,False,elementary,elementary,last_reported=Elementary
BONHAM ELEMENTARY SCHOOL,,elementary,155.0,0.0,37.0,28.0,31.0,26.0,33.0,0.0,0.0,0.0,0.0,0.0,0.0,0.0,0.0,155.0,155.0,0.0,0.0,1.0,1.0,0.0,0.0,False,True,False,elementary,elementary,no last_reported_type; inferred_grade_type=elementary (name: elementary)
BRIDGE ELEMENTARY SCHOOL,Elementary,elementary,131.9090909090909,21.454545454545453,18.63636363636364,18.0,18.09090909090909,17.272727272727273,18.454545454545453,20.0,0.0,0.0,0.0,0.0,0.0,0.0,0.0,131.9090909090909,131.9090909090909,20.0,0.0,1.0,1.0,0.1516195727084769,0.0,False,True,False,elementary,elementary,last_reported=Elementary
CEDAR GROVE ELEMENTARY SCHOOL,Elementary,elementary,234.625,20.6875,34.4375,34.4375,34.3125,36.0625,36.75,37.9375,0.0,0.0,0.0,0.0,0.0,0.0,0.0,234.625,234.625,37.9375,0.0,1.0,1.0,0.1616941928609483,0.0,False,True,False,elementary,elementary,last_reported=Elementary
CENTRAL ELEMENTARY SCHOOL,Elementary,elementary,369.625,58.875,53.0625,51.875,52.3125,51.625,50.875,51.0,0.0,0.0,0.0,0.0,0.0,0.0,0.0,369.625,369.625,51.0,0.0,1.0,1.0,0.1379776800811633,0.0,False,True,False,elementary,elementary,last_reported=Elementary
CHAMBERLAIN ELEMENTARY SCHOOL,Elementary,elementary,218.375,15.3125,31.75,34.125,34.5,35.1875,34.0625,33.4375,0.0,0.0,0.0,0.0,0.0,0.0,0.0,218.375,218.375,33.4375,0.0,1.0,1.0,0.1531196336576989,0.0,False,True,False,elementary,elementary,last_reported=Elementary
CHESAPEAKE ELEMENTARY SCHOOL,Elementary,elementary,159.4375,17.0,23.125,23.25,22.375,23.625,25.0625,25.0,0.0,0.0,0.0,0.0,0.0,0.0,0.0,159.4375,159.4375,25.0,0.0,1.0,1.0,0.1568012544100352,0.0,False,True,False,elementary,elementary,last_reported=Elementary
CLENDENIN ELEMENTARY SCHOOL,Elementary,elementary,308.9375,32.125,44.25,47.5625,45.875,46.5625,46.1875,46.375,0.0,0.0,0.0,0.0,0.0,0.0,0.0,308.9375,308.9375,46.375,0.0,1.0,1.0,0.1501112684604491,0.0,False,True,False,elementary,elementary,last_reported=Elementary
CROSS LANES ELEMENTARY SCHOOL,Elementary,elementary,331.375,49.8125,45.3125,46.375,45.75,46.625,48.9375,48.5625,0.0,0.0,0.0,0.0,0.0,0.0,0.0,331.375,331.375,48.5625,0.0,1.0,1.0,0.1465484722746133,0.0,False,True,False,elementary,elementary,last_reported=Elementary
DUNBAR PRIMARY CENTER,Primary,elementary,304.0,36.5,90.0,90.0,87.5,0.0,0.0,0.0,0.0,0.0,0.0,0.0,0.0,0.0,0.0,304.0,304.0,0.0,0.0,1.0,1.0,0.0,0.0,False,True,False,elementary,elementary,last_reported=Primary
FLINN ELEMENTARY SCHOOL,Elementary,elementary,481.8125,15.4375,89.6875,92.0,92.125,95.3125,97.25,0.0,0.0,0.0,0.0,0.0,0.0,0.0,0.0,481.8125,481.8125,0.0,0.0,1.0,1.0,0.0,0.0,False,True,False,elementary,elementary,last_reported=Elementary
GRANDVIEW ELEMENTARY SCHOOL,Elementary,elementary,216.07142857142856,25.714285714285715,33.642857142857146,33.5,31.5,30.785714285714285,30.928571428571427,30.0,0.0,0.0,0.0,0.0,0.0,0.0,0.0,216.07142857142856,216.07142857142856,30.0,0.0,1.0,1.0,0.1388429752066115,0.0,False,True,False,elementary,elementary,last_reported=Elementary
HOLZ ELEMENTARY SCHOOL,Elementary,elementary,276.375,23.8125,36.4375,40.1875,41.5625,43.125,44.6875,46.5625,0.0,0.0,0.0,0.0,0.0,0.0,0.0,276.375,276.375,46.5625,0.0,1.0,1.0,0.168475802804161,0.0,False,True,False,elementary,elementary,last_reported=Elementary
KANAWHA CITY ELEMENTARY SCHOOL,Elementary,elementary,279.25,48.0625,37.125,37.8125,37.4375,39.0,39.9375,39.875,0.0,0.0,0.0,0.0,0.0,0.0,0.0,279.25,279.25,39.875,0.0,1.0,1.0,0.1427931960608773,0.0,False,True,False,elementary,elementary,last_reported=Elementary
KENNA ELEMENTARY SCHOOL,Elementary,elementary,180.375,20.4375,24.9375,25.5,25.8125,27.5625,27.875,28.25,0.0,0.0,0.0,0.0,0.0,0.0,0.0,180.375,180.375,28.25,0.0,1.0,1.0,0.1566181566181566,0.0,False,True,False,elementary,elementary,last_reported=Elementary
LAKEWOOD ELEMENTARY SCHOOL,Elementary,elementary,277.9375,32.0625,36.4375,39.6875,40.0625,43.25,43.0,43.4375,0.0,0.0,0.0,0.0,0.0,0.0,0.0,277.9375,277.9375,43.4375,0.0,1.0,1.0,0.1562851360467731,0.0,False,True,False,elementary,elementary,last_reported=Elementary
MALDEN ELEMENTARY SCHOOL,Elementary,elementary,200.6875,31.25,27.3125,28.75,29.5625,27.6875,27.75,28.375,0.0,0.0,0.0,0.0,0.0,0.0,0.0,200.6875,200.6875,28.375,0.0,1.0,1.0,0.1413889753970725,0.0,False,True,False,elementary,elementary,last_reported=Elementary
MARMET ELEMENTARY SCHOOL,Elementary,elementary,141.35714285714286,13.785714285714286,21.714285714285715,21.714285714285715,21.5,21.142857142857142,20.071428571428573,21.428571428571427,0.0,0.0,0.0,0.0,0.0,0.0,0.0,141.35714285714286,141.35714285714286,21.428571428571427,0.0,1.0,1.0,0.1515917129863567,0.0,False,True,False,elementary,elementary,last_reported=Elementary
MARY INGLES ELEMENTARY SCHOOL,Elementary,elementary,166.375,19.375,24.5,24.3125,24.0625,24.3125,23.9375,25.875,0.0,0.0,0.0,0.0,0.0,0.0,0.0,166.375,166.375,25.875,0.0,1.0,1.0,0.1555221637866266,0.0,False,True,False,elementary,elementary,last_reported=Elementary
MIDLAND TRAIL ELEMENTARY SCHOOL,Elementary,elementary,202.5,18.1875,29.5625,30.1875,30.6875,31.625,31.4375,30.8125,0.0,0.0,0.0,0.0,0.0,0.0,0.0,202.5,202.5,30.8125,0.0,1.0,1.0,0.1521604938271605,0.0,False,True,False,elementary,elementary,last_reported=Elementary
MONTROSE ELEMENTARY SCHOOL,Elementary,elementary,259.5625,12.0,38.9375,39.9375,40.375,41.5625,43.125,43.625,0.0,0.0,0.0,0.0,0.0,0.0,0.0,259.5625,259.5625,43.625,0.0,1.0,1.0,0.1680712737779918,0.0,False,True,False,elementary,elementary,last_reported=Elementary
NITRO ELEMENTARY SCHOOL,Elementary,elementary,385.0,61.9375,55.125,53.6875,51.6875,54.875,54.5,53.1875,0.0,0.0,0.0,0.0,0.0,0.0,0.0,385.0,385.0,53.1875,0.0,1.0,1.0,0.1381493506493506,0.0,False,True,False,elementary,elementary,last_reported=Elementary
OVERBROOK ELEMENTARY SCHOOL,Elementary,elementary,400.8125,18.8125,60.25,62.375,62.5,64.125,64.875,67.875,0.0,0.0,0.0,0.0,0.0,0.0,0.0,400.8125,400.8125,67.875,0.0,1.0,1.0,0.1693435209730235,0.0,False,True,False,elementary,elementary,last_reported=Elementary
PINCH ELEMENTARY SCHOOL,Elementary,elementary,344.8125,16.75,52.5,54.1875,54.8125,54.125,55.375,57.0625,0.0,0.0,0.0,0.0,0.0,0.0,0.0,344.8125,344.8125,57.0625,0.0,1.0,1.0,0.1654884901214428,0.0,False,True,False,elementary,elementary,last_reported=Elementary
POINT HARMONY ELEMENTARY SCHOOL,Elementary,elementary,542.4375,11.375,87.625,87.5,87.5625,89.1875,89.4375,89.75,0.0,0.0,0.0,0.0,0.0,0.0,0.0,542.4375,542.4375,89.75,0.0,1.0,1.0,0.1654568498674962,0.0,False,True,False,elementary,elementary,last_reported=Elementary
PRATT ELEMENTARY SCHOOL,Elementary,elementary,212.3125,22.0625,30.4375,31.9375,31.5,30.75,32.125,33.5,0.0,0.0,0.0,0.0,0.0,0.0,0.0,212.3125,212.3125,33.5,0.0,1.0,1.0,0.1577862820135413,0.0,False,True,False,elementary,elementary,last_reported=Elementary
RICHMOND ELEMENTARY SCHOOL,Elementary,elementary,250.0625,29.875,38.0,36.875,36.5625,36.1875,36.875,35.6875,0.0,0.0,0.0,0.0,0.0,0.0,0.0,250.0625,250.0625,35.6875,0.0,1.0,1.0,0.1427143214196451,0.0,False,True,False,elementary,elementary,last_reported=Elementary
J E ROBINS ELEMENTARY SCHOOL,,elementary,232.0,19.75,35.75,36.0,34.5,35.75,35.0,35.25,0.0,0.0,0.0,0.0,0.0,0.0,0.0,232.0,232.0,35.25,0.0,1.0,1.0,0.1519396551724137,0.0,False,True,False,elementary,elementary,no last_reported_type; inferred_grade_type=elementary (name: elementary)
RUFFNER ELEMENTARY SCHOOL,Elementary,elementary,303.9375,24.3125,47.375,48.25,46.8125,46.8125,45.25,45.125,0.0,0.0,0.0,0.0,0.0,0.0,0.0,303.9375,303.9375,45.125,0.0,1.0,1.0,0.1484680238535883,0.0,False,True,False,elementary,elementary,last_reported=Elementary
RUTHLAWN ELEMENTARY SCHOOL,Elementary,elementary,257.3125,27.1875,38.0625,40.625,37.5,37.6875,37.4375,38.8125,0.0,0.0,0.0,0.0,0.0,0.0,0.0,257.3125,257.3125,38.8125,0.0,1.0,1.0,0.1508379888268156,0.0,False,True,False,elementary,elementary,last_reported=Elementary
SHARON DAWES ELEMENTARY SCHOOL,Elementary,elementary,171.1875,16.6875,25.5625,25.6875,25.8125,25.625,25.8125,26.0,0.0,0.0,0.0,0.0,0.0,0.0,0.0,171.1875,171.1875,26.0,0.0,1.0,1.0,0.1518802482657904,0.0,False,True,False,elementary,elementary,last_reported=Elementary
SHOALS ELEMENTARY SCHOOL,Elementary,elementary,227.8125,19.0625,32.9375,35.125,34.75,34.75,35.375,35.8125,0.0,0.0,0.0,0.0,0.0,0.0,0.0,227.8125,227.8125,35.8125,0.0,1.0,1.0,0.1572016460905349,0.0,False,True,False,elementary,elementary,last_reported=Elementary
SISSONVILLE ELEMENTARY SCHOOL,Elementary,elementary,252.6875,56.5,40.875,40.5625,38.5625,37.6875,38.5,0.0,0.0,0.0,0.0,0.0,0.0,0.0,0.0,252.6875,252.6875,0.0,0.0,1.0,1.0,0.0,0.0,False,True,False,elementary,elementary,last_reported=Elementary
WATTS ELEMENTARY SCHOOL,,elementary,195.0,50.0,24.0,22.75,26.25,24.5,23.5,24.0,0.0,0.0,0.0,0.0,0.0,0.0,0.0,195.0,195.0,24.0,0.0,1.0,1.0,0.123076923076923,0.0,False,True,False,elementary,elementary,no last_reported_type; inferred_grade_type=elementary (name: elementary)
WEBERWOOD ELEMENTARY SCHOOL,Elementary,elementary,254.5625,18.3125,39.125,38.0625,38.25,39.375,41.125,40.3125,0.0,0.0,0.0,0.0,0.0,0.0,0.0,254.5625,254.5625,40.3125,0.0,1.0,1.0,0.1583599312546035,0.0,False,True,False,elementary,elementary,last_reported=Elementary
GEORGE C. WEIMER ELEMENTARY SCHOOL,Elementary,elementary,163.85714285714286,33.07142857142857,22.857142857142858,21.642857142857142,20.285714285714285,21.928571428571427,21.928571428571427,22.142857142857142,0.0,0.0,0.0,0.0,0.0,0.0,0.0,163.85714285714286,163.85714285714286,22.142857142857142,0.0,1.0,1.0,0.1351351351351351,0.0,False,True,False,elementary,elementary,last_reported=Elementary
SHAWNEE COMMUNITY CENTER,Primary,,42.21428571428572,42.21428571428572,0.0,0.0,0.0,0.0,0.0,0.0,0.0,0.0,0.0,0.0,0.0,0.0,0.0,42.21428571428572,42.21428571428572,0.0,0.0,1.0,1.0,0.0,0.0,False,True,False,elementary,elementary,last_reported=Primary
ELK ELEMENTARY CENTER,Elementary,elementary,531.6875,70.5,72.9375,78.0,75.3125,76.4375,78.25,80.25,0.0,0.0,0.0,0.0,0.0,0.0,0.0,531.6875,531.6875,80.25,0.0,1.0,1.0,0.1509345245092277,0.0,False,True,False,elementary,elementary,last_reported=Elementary
BRIDGEVIEW ELEMENTARY SCHOOL,Elementary,elementary,443.5,37.5625,63.75,67.5625,67.4375,67.5,69.25,70.4375,0.0,0.0,0.0,0.0,0.0,0.0,0.0,443.5,443.5,70.4375,0.0,1.0,1.0,0.1588218714768884,0.0,False,True,False,elementary,elementary,last_reported=Elementary
PIEDMONT YEAR-ROUND EDUCATION,Elementary,,330.625,55.0625,52.9375,47.875,46.0,43.875,43.3125,41.5625,0.0,0.0,0.0,0.0,0.0,0.0,0.0,330.625,330.625,41.5625,0.0,1.0,1.0,0.1257088846880907,0.0,False,True,False,elementary,elementary,last_reported=Elementary
DUNBAR INTERMEDIATE CENTER,Elementary,middle,286.1875,17.0625,0.0,0.0,0.0,88.5,89.25,91.375,0.0,0.0,0.0,0.0,0.0,0.0,0.0,286.1875,286.1875,91.375,0.0,1.0,1.0,0.3192836863944092,0.0,False,True,False,elementary,elementary,last_reported=Elementary; inferred_type=middle (name-based) overridden — grade data confirms elementary
MARY C. SNOW WEST SIDE ELEMENTARY,Elementary,elementary,410.625,39.875,63.375,67.125,64.125,62.875,57.875,55.375,0.0,0.0,0.0,0.0,0.0,0.0,0.0,410.625,410.625,55.375,0.0,1.0,1.0,0.134855403348554,0.0,False,True,False,elementary,elementary,last_reported=Elementary
EDGEWOOD ELEMENTARY,Elementary,elementary,413.5833333333333,69.16666666666667,55.25,59.16666666666666,56.333333333333336,57.66666666666666,58.083333333333336,57.91666666666666,0.0,0.0,0.0,0.0,0.0,0.0,0.0,413.5833333333333,413.5833333333333,57.91666666666666,0.0,1.0,1.0,0.1400362683860568,0.0,False,True,False,elementary,elementary,last_reported=Elementary
GRANDVIEW ANNEX,Primary,,15.5,15.5,0.0,0.0,0.0,0.0,0.0,0.0,0.0,0.0,0.0,0.0,0.0,0.0,0.0,15.5,15.5,0.0,0.0,1.0,1.0,0.0,0.0,False,True,False,elementary,elementary,last_reported=Primary
JOHN ADAMS MIDDLE SCHOOL,Middle,middle,753.5,0.0,0.0,0.0,0.0,0.0,0.0,0.0,250.4375,253.6875,249.375,0.0,0.0,0.0,0.0,250.4375,753.5,753.5,0.0,0.3323656270736562,1.0,1.0,0.0,True,False,False,middle,middle,last_reported=Middle
ANDREW JACKSON MIDDLE SCHOOL,Middle,middle,581.875,0.0,0.0,0.0,0.0,0.0,0.0,0.0,193.75,194.375,193.75,0.0,0.0,0.0,0.0,193.75,581.875,581.875,0.0,0.3329752953813104,1.0,1.0,0.0,True,False,False,middle,middle,last_reported=Middle
CEDAR GROVE MIDDLE SCHOOL,Middle,middle,170.08333333333334,0.0,0.0,0.0,0.0,0.0,0.0,0.0,55.25,57.333333333333336,57.5,0.0,0.0,0.0,0.0,55.25,170.08333333333334,170.08333333333334,0.0,0.3248407643312102,1.0,1.0,0.0,True,False,False,middle,middle,last_reported=Middle
DUNBAR MIDDLE SCHOOL,Middle,middle,367.3125,0.0,0.0,0.0,0.0,0.0,0.0,0.0,123.6875,122.0,121.625,0.0,0.0,0.0,0.0,123.6875,367.3125,367.3125,0.0,0.3367364301514378,1.0,1.0,0.0,True,False,False,middle,middle,last_reported=Middle
DU PONT MIDDLE SCHOOL,Middle,middle,380.125,0.0,0.0,0.0,0.0,0.0,0.0,0.0,123.75,127.0625,129.3125,0.0,0.0,0.0,0.0,123.75,380.125,380.125,0.0,0.3255508056560342,1.0,1.0,0.0,True,False,False,middle,middle,last_reported=Middle
EAST BANK MIDDLE SCHOOL,Middle,middle,356.06666666666666,0.0,0.0,0.0,0.0,0.0,0.0,0.0,115.6,120.33333333333331,120.13333333333334,0.0,0.0,0.0,0.0,115.6,356.06666666666666,356.06666666666666,0.0,0.3246583036884478,1.0,1.0,0.0,True,False,False,middle,middle,last_reported=Middle
ELKVIEW MIDDLE SCHOOL,Middle,middle,652.8125,0.0,0.0,0.0,0.0,0.0,0.0,0.0,215.4375,217.9375,219.4375,0.0,0.0,0.0,0.0,215.4375,652.8125,652.8125,0.0,0.330014360938248,1.0,1.0,0.0,True,False,False,middle,middle,last_reported=Middle
HAYES MIDDLE SCHOOL,Middle,middle,479.875,0.0,0.0,0.0,0.0,0.0,0.0,0.0,159.5625,159.1875,161.125,0.0,0.0,0.0,0.0,159.5625,479.875,479.875,0.0,0.3325084657462881,1.0,1.0,0.0,True,False,False,middle,middle,last_reported=Middle
HORACE MANN MIDDLE SCHOOL,Middle,middle,461.3125,0.0,0.0,0.0,0.0,0.0,0.0,0.0,154.5,152.375,154.4375,0.0,0.0,0.0,0.0,154.5,461.3125,461.3125,0.0,0.3349139682969787,1.0,1.0,0.0,True,False,False,middle,middle,last_reported=Middle
MCKINLEY MIDDLE SCHOOL,Middle,middle,336.0,0.0,0.0,0.0,0.0,0.0,0.0,0.0,112.33333333333331,113.53333333333332,110.13333333333334,0.0,0.0,0.0,0.0,112.33333333333331,336.0,336.0,0.0,0.3343253968253968,1.0,1.0,0.0,True,False,False,middle,middle,last_reported=Middle
SISSONVILLE MIDDLE SCHOOL,Middle,middle,595.625,0.0,0.0,0.0,0.0,0.0,0.0,141.0625,150.6875,152.5,151.375,0.0,0.0,0.0,0.0,291.75,595.625,595.625,0.0,0.4898216159496327,1.0,1.0,0.0,True,False,False,middle,middle,last_reported=Middle
SOUTH CHARLESTON MIDDLE SCHOOL,Middle,middle,374.875,0.0,0.0,0.0,0.0,0.0,0.0,0.0,125.1875,125.0,124.6875,0.0,0.0,0.0,0.0,125.1875,374.875,374.875,0.0,0.333944648216072,1.0,1.0,0.0,True,False,False,middle,middle,last_reported=Middle
STONEWALL JACKSON MIDDLE SCHOOL,Middle,middle,455.625,0.0,0.0,0.0,0.0,0.0,0.0,0.0,151.5625,150.3125,153.75,0.0,0.0,0.0,0.0,151.5625,455.625,455.625,0.0,0.3326474622770919,1.0,1.0,0.0,True,False,False,middle,middle,last_reported=Middle
TYLER MIDDLE SCHOOL,,middle,68.0,0.0,0.0,0.0,0.0,0.0,0.0,0.0,9.0,25.5,33.5,0.0,0.0,0.0,0.0,9.0,68.0,68.0,0.0,0.1323529411764706,1.0,1.0,0.0,True,False,False,middle,middle,no last_reported_type; inferred_grade_type=middle (name: middle)
GEORGE WASHINGTON HIGH SCHOOL,Secondary,high,1129.625,0.0,0.0,0.0,0.0,0.0,0.0,0.0,0.0,0.0,0.0,304.0625,285.0,274.4375,266.125,0.0,0.0,0.0,1129.625,0.0,0.0,0.0,1.0,False,False,True,high,high,last_reported=Secondary
HERBERT HOOVER HIGH SCHOOL,Secondary,high,770.3125,0.0,0.0,0.0,0.0,0.0,0.0,0.0,0.0,0.0,0.0,244.625,188.25,167.5,169.9375,0.0,0.0,0.0,770.3125,0.0,0.0,0.0,1.0,False,False,True,high,high,last_reported=Secondary
NITRO HIGH SCHOOL,Secondary,high,789.0,0.0,0.0,0.0,0.0,0.0,0.0,0.0,0.0,0.0,0.0,231.6875,195.9375,179.3125,182.0625,0.0,0.0,0.0,789.0,0.0,0.0,0.0,1.0,False,False,True,high,high,last_reported=Secondary
SAINT ALBANS HIGH SCHOOL,Secondary,high,1005.8125,0.0,0.0,0.0,0.0,0.0,0.0,0.0,0.0,0.0,0.0,313.0625,251.0625,214.625,227.0625,0.0,0.0,0.0,1005.8125,0.0,0.0,0.0,1.0,False,False,True,high,high,last_reported=Secondary
SISSONVILLE HIGH SCHOOL,Secondary,high,599.6875,0.0,0.0,0.0,0.0,0.0,0.0,0.0,0.0,0.0,0.0,167.6875,149.875,143.125,139.0,0.0,0.0,0.0,599.6875,0.0,0.0,0.0,1.0,False,False,True,high,high,last_reported=Secondary
SOUTH CHARLESTON HIGH SCHOOL,Secondary,high,954.6875,0.0,0.0,0.0,0.0,0.0,0.0,0.0,0.0,0.0,0.0,296.6875,236.625,214.375,207.0,0.0,0.0,0.0,954.6875,0.0,0.0,0.0,1.0,False,False,True,high,high,last_reported=Secondary
CAPITAL HIGH SCHOOL,Secondary,high,1196.6875,2.8125,0.0,0.0,0.0,0.0,0.0,0.0,0.0,0.0,0.0,353.625,326.125,272.6875,241.4375,2.8125,2.8125,0.0,1193.875,0.0023502376351386,0.0023502376351386,0.0,0.9976497623648614,False,True,True,high,high,last_reported=Secondary
RIVERSIDE HIGH SCHOOL,Secondary,high,1181.4375,0.0,0.0,0.0,0.0,0.0,0.0,0.0,0.0,0.0,0.0,366.0625,297.25,265.25,252.875,0.0,0.0,0.0,1181.4375,0.0,0.0,0.0,1.0,False,False,True,high,high,last_reported=Secondary
CHANDLER ACADEMY,Alternative,alternative,172.8125,0.0,0.0,0.25,0.3125,0.3125,0.9375,1.0625,3.6875,13.875,18.625,38.0625,27.1875,27.5,41.0,6.5625,39.0625,37.25,133.75,0.0379746835443038,0.2260397830018083,0.2155515370705244,0.7739602169981917,True,True,True,high,alternative,unchanged: last_reported_type or name-inferred type is Alternative
BEN FRANKLIN VOCATIONAL CENTER,,,12.0,0.0,0.0,0.0,0.0,0.0,0.0,0.0,0.0,0.0,0.0,0.0,1.0,6.0,5.0,0.0,0.0,0.0,12.0,0.0,0.0,0.0,1.0,False,False,True,high,high,no last_reported_type; inferred_grade_type=high (name: nan)
ALUM BRIDGE ELEMENTARY SCHOOL,,elementary,96.8,12.4,17.8,16.2,16.6,16.8,17.0,0.0,0.0,0.0,0.0,0.0,0.0,0.0,0.0,96.8,96.8,0.0,0.0,1.0,1.0,0.0,0.0,False,True,False,elementary,elementary,no last_reported_type; inferred_grade_type=elementary (name: elementary)
LEADING CREEK ELEMENTARY,Elementary,elementary,139.0909090909091,15.545454545454543,18.63636363636364,19.454545454545453,19.90909090909091,18.818181818181817,19.545454545454547,17.90909090909091,9.272727272727272,0.0,0.0,0.0,0.0,0.0,0.0,139.0909090909091,139.0909090909091,27.181818181818183,0.0,1.0,1.0,0.1954248366013072,0.0,False,True,False,elementary,elementary,last_reported=Elementary
ROANOKE ELEMENTARY SCHOOL,Elementary,elementary,156.4375,18.4375,26.1875,26.75,26.625,26.5,26.1875,5.75,0.0,0.0,0.0,0.0,0.0,0.0,0.0,156.4375,156.4375,5.75,0.0,1.0,1.0,0.0367558929284858,0.0,False,True,False,elementary,elementary,last_reported=Elementary
PETERSON-CENTRAL ELEMENTARY SCHOOL,Elementary,elementary,472.125,71.4375,77.5625,77.0,76.375,78.75,77.9375,13.0625,0.0,0.0,0.0,0.0,0.0,0.0,0.0,472.125,472.125,13.0625,0.0,1.0,1.0,0.0276674609478422,0.0,False,True,False,elementary,elementary,last_reported=Elementary
JANE LEW ELEMENTARY SCHOOL,Elementary,elementary,314.625,36.25,54.3125,53.5,53.25,53.8125,55.375,8.125,0.0,0.0,0.0,0.0,0.0,0.0,0.0,314.625,314.625,8.125,0.0,1.0,1.0,0.0258243941199841,0.0,False,True,False,elementary,elementary,last_reported=Elementary
ROBERT L. BLAND MIDDLE SCHOOL,Middle,middle,687.4375,0.0,0.0,0.0,0.0,0.0,0.0,143.9375,176.6875,183.25,183.5625,0.0,0.0,0.0,0.0,320.625,687.4375,687.4375,0.0,0.4664060369124466,1.0,1.0,0.0,True,False,False,middle,middle,last_reported=Middle
LEWIS COUNTY HIGH SCHOOL,Secondary,high,734.8125,0.0,0.0,0.0,0.0,0.0,0.0,0.0,0.0,0.0,0.0625,201.0,189.625,174.6875,169.4375,0.0,0.0625,0.0625,734.75,0.0,8.505571149102662e-05,8.505571149102662e-05,0.999914944288509,False,False,True,high,high,last_reported=Secondary
DUVAL PK-8,Middle,elementary + middle,469.5,24.5,33.375,32.6875,34.0,34.5625,36.9375,39.1875,78.625,78.3125,77.3125,0.0,0.0,0.0,0.0,313.875,469.5,273.4375,0.0,0.6685303514376997,1.0,0.5824014909478168,0.0,True,True,False,elementary_middle,elementary_middle,last_reported=Middle but inferred_grade_type=elementary_middle; corrected to elementary_middle
HAMLIN PK-8,Middle,elementary + middle,494.0,42.125,49.0625,48.1875,47.5,48.875,49.1875,50.5,52.375,54.3125,51.875,0.0,0.0,0.0,0.0,387.8125,494.0,209.0625,0.0,0.7850455465587044,1.0,0.4232034412955465,0.0,True,True,False,elementary_middle,elementary_middle,last_reported=Middle but inferred_grade_type=elementary_middle; corrected to elementary_middle
HARTS PK-08,Middle,elementary + middle,366.8571428571428,30.642857142857142,41.07142857142857,37.285714285714285,35.57142857142857,35.92857142857143,36.285714285714285,36.07142857142857,38.142857142857146,37.85714285714285,38.0,0.0,0.0,0.0,0.0,291.0,366.8571428571428,150.07142857142856,0.0,0.7932242990654206,1.0,0.4090732087227414,0.0,True,True,False,elementary_middle,elementary_middle,last_reported=Middle but inferred_grade_type=elementary_middle; corrected to elementary_middle
MIDWAY ELEMENTARY SCHOOL,Elementary,elementary,281.9375,34.1875,43.0625,42.8125,42.5,41.375,39.4375,38.375,0.1875,0.0,0.0,0.0,0.0,0.0,0.0,281.9375,281.9375,38.5625,0.0,1.0,1.0,0.1367767679006872,0.0,False,True,False,elementary,elementary,last_reported=Elementary
RANGER ELEMENTARY,Elementary,elementary,110.07142857142856,11.857142857142858,15.571428571428571,17.071428571428573,16.285714285714285,16.857142857142858,16.5,15.928571428571429,0.0,0.0,0.0,0.0,0.0,0.0,0.0,110.07142857142856,110.07142857142856,15.928571428571429,0.0,1.0,1.0,0.1447112264763141,0.0,False,True,False,elementary,elementary,last_reported=Elementary
WEST HAMLIN ELEMENTARY,Elementary,elementary,492.0,66.0625,76.875,71.5625,71.75,69.25,68.75,67.75,0.0,0.0,0.0,0.0,0.0,0.0,0.0,492.0,492.0,67.75,0.0,1.0,1.0,0.1377032520325203,0.0,False,True,False,elementary,elementary,last_reported=Elementary
HARTS PRIMARY,,elementary,257.0,44.5,48.5,33.0,42.0,49.5,39.5,0.0,0.0,0.0,0.0,0.0,0.0,0.0,0.0,257.0,257.0,0.0,0.0,1.0,1.0,0.0,0.0,False,True,False,elementary,elementary,no last_reported_type; inferred_grade_type=elementary (name: elementary)
GUYAN VALLEY MIDDLE,Middle,middle,249.75,0.0,0.0,0.0,0.0,0.0,0.0,0.0,83.8125,82.875,83.0625,0.0,0.0,0.0,0.0,83.8125,249.75,249.75,0.0,0.3355855855855856,1.0,1.0,0.0,True,False,False,middle,middle,last_reported=Middle
HARTS INTERMEDIATE,,middle,167.0,0.0,0.0,0.0,0.0,0.0,0.0,41.5,43.5,43.5,38.5,0.0,0.0,0.0,0.0,85.0,167.0,167.0,0.0,0.5089820359281437,1.0,1.0,0.0,True,False,False,middle,middle,no last_reported_type; inferred_grade_type=middle (name: middle)
LINCOLN COUNTY HIGH SCHOOL,Secondary,high,864.5625,0.0,0.0,0.0,0.0,0.0,0.0,0.0,0.0,0.0,0.0,263.875,224.25,187.5625,188.875,0.0,0.0,0.0,864.5625,0.0,0.0,0.0,1.0,False,False,True,high,high,last_reported=Secondary
OMAR ELEMENTARY,Elementary,elementary,175.5,22.5625,31.8125,30.0,30.625,30.0625,30.4375,0.0,0.0,0.0,0.0,0.0,0.0,0.0,0.0,175.5,175.5,0.0,0.0,1.0,1.0,0.0,0.0,False,True,False,elementary,elementary,last_reported=Elementary
MAN MIDDLE SCHOOL,Middle,middle,404.5,0.0,0.0,0.0,0.0,0.0,0.0,100.625,101.125,100.875,101.875,0.0,0.0,0.0,0.0,201.75,404.5,404.5,0.0,0.4987639060568603,1.0,1.0,0.0,True,False,False,middle,middle,last_reported=Middle
BUFFALO ELEMENTARY SCHOOL,Elementary,elementary,210.625,27.5625,39.375,38.25,38.125,38.0625,29.25,0.0,0.0,0.0,0.0,0.0,0.0,0.0,0.0,210.625,210.625,0.0,0.0,1.0,1.0,0.0,0.0,False,True,False,elementary,elementary,last_reported=Elementary
CHAPMANVILLE EAST ELEMENTARY SCHOOL,,elementary,318.25,37.125,53.125,57.375,55.25,56.75,58.625,0.0,0.0,0.0,0.0,0.0,0.0,0.0,0.0,318.25,318.25,0.0,0.0,1.0,1.0,0.0,0.0,False,True,False,elementary,elementary,no last_reported_type; inferred_grade_type=elementary (name: elementary)
HOLDEN CENTRAL ELEMENTARY SCHOOL,Elementary,elementary,186.1875,22.375,31.875,33.6875,31.875,32.625,33.75,0.0,0.0,0.0,0.0,0.0,0.0,0.0,0.0,186.1875,186.1875,0.0,0.0,1.0,1.0,0.0,0.0,False,True,False,elementary,elementary,last_reported=Elementary
HUGH DINGESS ELEMENTARY SCHOOL,Elementary,elementary,103.4375,13.8125,17.5,17.625,18.5625,17.4375,18.5,0.0,0.0,0.0,0.0,0.0,0.0,0.0,0.0,103.4375,103.4375,0.0,0.0,1.0,1.0,0.0,0.0,False,True,False,elementary,elementary,last_reported=Elementary
JUSTICE ELEMENTARY SCHOOL,Elementary,elementary,113.25,15.125,19.375,21.125,19.6875,19.875,18.0625,0.0,0.0,0.0,0.0,0.0,0.0,0.0,0.0,113.25,113.25,0.0,0.0,1.0,1.0,0.0,0.0,False,True,False,elementary,elementary,last_reported=Elementary
LOGAN ELEMENTARY SCHOOL,Elementary,elementary,290.25,33.0,49.5,50.8125,52.0,51.75,53.1875,0.0,0.0,0.0,0.0,0.0,0.0,0.0,0.0,290.25,290.25,0.0,0.0,1.0,1.0,0.0,0.0,False,True,False,elementary,elementary,last_reported=Elementary
SOUTH MAN ELEMENTARY SCHOOL,Elementary,elementary,125.8125,34.6875,20.0625,18.75,18.875,18.6875,14.75,0.0,0.0,0.0,0.0,0.0,0.0,0.0,0.0,125.8125,125.8125,0.0,0.0,1.0,1.0,0.0,0.0,False,True,False,elementary,elementary,last_reported=Elementary
VERDUNVILLE ELEMENTARY SCHOOL,Elementary,elementary,123.625,17.25,21.1875,20.3125,21.75,21.75,21.375,0.0,0.0,0.0,0.0,0.0,0.0,0.0,0.0,123.625,123.625,0.0,0.0,1.0,1.0,0.0,0.0,False,True,False,elementary,elementary,last_reported=Elementary
WEST CHAPMANVILLE ELEMENTARY SCHOOL,,elementary,423.5,54.5,73.5,74.875,73.375,73.875,73.375,0.0,0.0,0.0,0.0,0.0,0.0,0.0,0.0,423.5,423.5,0.0,0.0,1.0,1.0,0.0,0.0,False,True,False,elementary,elementary,no last_reported_type; inferred_grade_type=elementary (name: elementary)
MAN ELEMENTARY SCHOOL,Elementary,elementary,234.6875,21.1875,37.6875,38.625,40.375,41.25,55.5625,0.0,0.0,0.0,0.0,0.0,0.0,0.0,0.0,234.6875,234.6875,0.0,0.0,1.0,1.0,0.0,0.0,False,True,False,elementary,elementary,last_reported=Elementary
CHAPMANVILLE PRIMARY SCHOOL,Primary,elementary,263.75,69.25,92.875,101.625,0.0,0.0,0.0,0.0,0.0,0.0,0.0,0.0,0.0,0.0,0.0,263.75,263.75,0.0,0.0,1.0,1.0,0.0,0.0,False,True,False,elementary,elementary,last_reported=Primary
CHAPMANVILLE INTERMEDIATE SCHOOL,Elementary,middle,309.75,0.0,0.0,0.0,100.125,103.25,106.375,0.0,0.0,0.0,0.0,0.0,0.0,0.0,0.0,309.75,309.75,0.0,0.0,1.0,1.0,0.0,0.0,False,True,False,elementary,elementary,last_reported=Elementary; inferred_type=middle (name-based) overridden — grade data confirms elementary
LOGAN MIDDLE SCHOOL,Middle,middle,641.1875,0.0,0.0,0.0,0.0,0.0,0.0,155.8125,157.75,161.9375,165.6875,0.0,0.0,0.0,0.0,313.5625,641.1875,641.1875,0.0,0.4890340189102252,1.0,1.0,0.0,True,False,False,middle,middle,last_reported=Middle
CHAPMANVILLE MIDDLE SCHOOL,Middle,middle,565.5,0.0,0.0,0.0,0.0,0.0,0.0,138.1875,140.25,142.375,144.6875,0.0,0.0,0.0,0.0,278.4375,565.5,565.5,0.0,0.4923740053050398,1.0,1.0,0.0,True,False,False,middle,middle,last_reported=Middle
CHAPMANVILLE REGIONAL HIGH SCHOOL,Secondary,high,696.1875,0.0,0.0,0.0,0.0,0.0,0.0,0.0,0.0,0.0,0.0,184.8125,181.5,167.375,162.5,0.0,0.0,0.0,696.1875,0.0,0.0,0.0,1.0,False,False,True,high,high,last_reported=Secondary
LOGAN SENIOR HIGH SCHOOL,Secondary,high,675.8125,0.0,0.0,0.0,0.0,0.0,0.0,0.0,0.0,0.0,0.0,177.625,177.1875,163.0625,157.9375,0.0,0.0,0.0,675.8125,0.0,0.0,0.0,1.0,False,False,True,high,high,last_reported=Secondary
MAN SENIOR HIGH SCHOOL,Secondary,high,398.125,0.0,0.0,0.0,0.0,0.0,0.0,0.0,0.0,0.0,0.0,108.8125,104.5,95.6875,89.125,0.0,0.0,0.0,398.125,0.0,0.0,0.0,1.0,False,False,True,high,high,last_reported=Secondary
BARRACKVILLE ELEMENTARY/MIDDLE SCHOOL,Middle,elementary + middle,354.75,16.9375,34.5625,35.375,37.1875,38.5,39.0625,40.0625,38.875,37.3125,36.875,0.0,0.0,0.0,0.0,280.5625,354.75,153.125,0.0,0.7908738548273432,1.0,0.4316420014094432,0.0,True,True,False,elementary_middle,elementary_middle,last_reported=Middle but inferred_grade_type=elementary_middle; corrected to elementary_middle
RIVESVILLE ELEMENTARY/MIDDLE SCHOOL,Middle,elementary + middle,343.875,36.8125,35.75,35.0,34.9375,34.6875,34.9375,33.6875,33.5625,33.125,31.375,0.0,0.0,0.0,0.0,279.375,343.875,131.75,0.0,0.8124318429661941,1.0,0.3831334060341694,0.0,True,True,False,elementary_middle,elementary_middle,last_reported=Middle but inferred_grade_type=elementary_middle; corrected to elementary_middle
EAST DALE ELEMENTARY SCHOOL,Elementary,elementary,488.9375,59.1875,74.25,75.9375,76.25,78.6875,79.375,22.5,22.75,0.0,0.0,0.0,0.0,0.0,0.0,488.9375,488.9375,45.25,0.0,1.0,1.0,0.0925476160040905,0.0,False,True,False,elementary,elementary,last_reported=Elementary
EAST PARK ELEMENTARY SCHOOL,Elementary,elementary,332.8125,19.5625,60.0625,57.9375,55.9375,56.375,57.0625,12.5625,13.3125,0.0,0.0,0.0,0.0,0.0,0.0,332.8125,332.8125,25.875,0.0,1.0,1.0,0.0777464788732394,0.0,False,True,False,elementary,elementary,last_reported=Elementary
FAIRVIEW ELEMENTARY SCHOOL,Elementary,elementary,160.3125,12.5625,35.125,34.0,34.4375,35.875,8.3125,0.0,0.0,0.0,0.0,0.0,0.0,0.0,0.0,160.3125,160.3125,0.0,0.0,1.0,1.0,0.0,0.0,False,True,False,elementary,elementary,last_reported=Elementary
JAYENNE ELEMENTARY SCHOOL,Elementary,elementary,346.6875,53.4375,58.75,59.9375,57.5625,58.625,58.375,0.0,0.0,0.0,0.0,0.0,0.0,0.0,0.0,346.6875,346.6875,0.0,0.0,1.0,1.0,0.0,0.0,False,True,False,elementary,elementary,last_reported=Elementary
MONONGAH ELEMENTARY SCHOOL,Elementary,elementary,313.0625,43.8125,53.5,53.4375,55.6875,53.8125,52.8125,0.0,0.0,0.0,0.0,0.0,0.0,0.0,0.0,313.0625,313.0625,0.0,0.0,1.0,1.0,0.0,0.0,False,True,False,elementary,elementary,last_reported=Elementary
PLEASANT VALLEY ELEMENTARY SCHOOL,Elementary,elementary,206.5,0.5,36.9375,37.8125,37.8125,37.5,36.9375,9.5625,9.4375,0.0,0.0,0.0,0.0,0.0,0.0,206.5,206.5,19.0,0.0,1.0,1.0,0.0920096852300242,0.0,False,True,False,elementary,elementary,last_reported=Elementary
WATSON ELEMENTARY SCHOOL,Elementary,elementary,405.375,84.5625,73.0,65.5625,63.125,60.5625,58.5625,0.0,0.0,0.0,0.0,0.0,0.0,0.0,0.0,405.375,405.375,0.0,0.0,1.0,1.0,0.0,0.0,False,True,False,elementary,elementary,last_reported=Elementary
WHITE HALL ELEMENTARY SCHOOL,Elementary,elementary,218.9375,12.3125,41.5,40.8125,41.625,41.5625,41.125,0.0,0.0,0.0,0.0,0.0,0.0,0.0,0.0,218.9375,218.9375,0.0,0.0,1.0,1.0,0.0,0.0,False,True,False,elementary,elementary,last_reported=Elementary
BLACKSHERE ELEMENTARY SCHOOL,Elementary,elementary,359.5,34.6875,66.3125,64.9375,64.0,64.3125,65.25,0.0,0.0,0.0,0.0,0.0,0.0,0.0,0.0,359.5,359.5,0.0,0.0,1.0,1.0,0.0,0.0,False,True,False,elementary,elementary,last_reported=Elementary
FAIRVIEW MIDDLE SCHOOL,Middle,middle,178.1875,4.4375,0.0,0.0,0.0,0.0,27.4375,36.5,35.5,36.875,37.4375,0.0,0.0,0.0,0.0,103.875,178.1875,146.3125,0.0,0.582953349701859,1.0,0.8211153981059277,0.0,True,True,False,elementary_middle,elementary_middle,last_reported=Middle but inferred_grade_type=elementary_middle; corrected to elementary_middle
MANNINGTON MIDDLE SCHOOL,Middle,middle,293.5625,13.125,0.0,0.0,0.0,0.0,0.0,67.375,69.75,70.8125,72.5,0.0,0.0,0.0,0.0,150.25,293.5625,280.4375,0.0,0.5118160527996594,1.0,0.955290611028316,0.0,True,True,False,elementary_middle,elementary_middle,last_reported=Middle but inferred_grade_type=elementary_middle; corrected to elementary_middle
MONONGAH MIDDLE SCHOOL,Middle,middle,210.75,0.0,0.0,0.0,0.0,0.0,0.0,52.8125,53.0625,52.8125,52.0625,0.0,0.0,0.0,0.0,105.875,210.75,210.75,0.0,0.5023724792408066,1.0,1.0,0.0,True,False,False,middle,middle,last_reported=Middle
WEST FAIRMONT MIDDLE SCHOOL,Middle,middle,638.75,0.0,0.0,0.0,0.0,0.0,0.0,156.75,159.0625,162.5,160.4375,0.0,0.0,0.0,0.0,315.8125,638.75,638.75,0.0,0.4944227005870841,1.0,1.0,0.0,True,False,False,middle,middle,last_reported=Middle
EAST FAIRMONT JUNIOR HIGH SCHOOL,Middle,high,618.0,0.0,0.0,0.0,0.0,0.0,0.0,130.0,130.8125,179.0625,178.125,0.0,0.0,0.0,0.0,260.8125,618.0,618.0,0.0,0.4220266990291262,1.0,1.0,0.0,True,False,False,middle,middle,last_reported=Middle; inferred_type=high (junior-high naming) overridden — inferred_grade_type=middle confirms no Gr 9-12 grades
EAST FAIRMONT HIGH SCHOOL,Secondary,high,737.25,26.8125,0.0,0.0,0.0,0.0,0.0,0.0,0.0,0.0,0.0,197.4375,178.75,168.0,166.25,26.8125,26.8125,0.0,710.4375,0.0363682604272634,0.0363682604272634,0.0,0.9636317395727364,False,True,True,high,high,last_reported=Secondary
FAIRMONT SENIOR HIGH SCHOOL,Secondary,high,787.4375,0.0,0.0,0.0,0.0,0.0,0.0,0.0,0.0,0.0,0.0,223.0,201.0625,181.875,181.5,0.0,0.0,0.0,787.4375,0.0,0.0,0.0,1.0,False,False,True,high,high,last_reported=Secondary
NORTH MARION HIGH SCHOOL,Secondary,high,748.375,0.0,0.0,0.0,0.0,0.0,0.0,0.0,0.0,0.0,0.0,200.8125,190.8125,179.25,177.5,0.0,0.0,0.0,748.375,0.0,0.0,0.0,1.0,False,False,True,high,high,last_reported=Secondary
CAMERON ELEMENTARY SCHOOL,Elementary,elementary,310.75,30.9375,39.5625,42.0625,40.8125,41.125,43.0625,44.125,29.0625,0.0,0.0,0.0,0.0,0.0,0.0,310.75,310.75,73.1875,0.0,1.0,1.0,0.2355189058728881,0.0,False,True,False,elementary,elementary,last_reported=Elementary
CENTRAL ELEMENTARY SCHOOL,Elementary,elementary,290.25,0.0,0.0,0.0,0.0,95.0,96.75,98.5,0.0,0.0,0.0,0.0,0.0,0.0,0.0,290.25,290.25,98.5,0.0,1.0,1.0,0.3393626184323858,0.0,False,True,False,elementary,elementary,last_reported=Elementary
GLEN DALE ELEMENTARY SCHOOL,Elementary,elementary,230.1875,22.75,33.0625,34.1875,34.1875,35.1875,35.625,35.1875,0.0,0.0,0.0,0.0,0.0,0.0,0.0,230.1875,230.1875,35.1875,0.0,1.0,1.0,0.152864512625577,0.0,False,True,False,elementary,elementary,last_reported=Elementary
CENTER MCMECHEN ELEMENTARY SCHOOL,Elementary,elementary,212.3125,28.9375,32.125,29.0625,30.4375,30.1875,30.6875,30.875,0.0,0.0,0.0,0.0,0.0,0.0,0.0,212.3125,212.3125,30.875,0.0,1.0,1.0,0.1454224315572564,0.0,False,True,False,elementary,elementary,last_reported=Elementary
MCNINCH PRIMARY SCHOOL,Primary,elementary,390.875,82.4375,106.5625,102.0,99.875,0.0,0.0,0.0,0.0,0.0,0.0,0.0,0.0,0.0,0.0,390.875,390.875,0.0,0.0,1.0,1.0,0.0,0.0,False,True,False,elementary,elementary,last_reported=Primary
SAND HILL ELEMENTARY SCHOOL,Elementary,elementary,55.9375,1.125,10.3125,8.5,8.9375,9.0625,9.1875,8.6875,0.125,0.0,0.0,0.0,0.0,0.0,0.0,55.9375,55.9375,8.8125,0.0,1.0,1.0,0.1575418994413407,0.0,False,True,False,elementary,elementary,last_reported=Elementary
WASHINGTON LANDS ELEMENTARY SCHOOL,Elementary,elementary,308.75,35.4375,44.375,44.25,45.0,45.9375,46.75,47.0,0.0,0.0,0.0,0.0,0.0,0.0,0.0,308.75,308.75,47.0,0.0,1.0,1.0,0.1522267206477733,0.0,False,True,False,elementary,elementary,last_reported=Elementary
HILLTOP ELEMENTARY SCHOOL,Elementary,elementary,393.375,42.25,59.0,55.875,57.5625,58.25,59.1875,61.25,0.0,0.0,0.0,0.0,0.0,0.0,0.0,393.375,393.375,61.25,0.0,1.0,1.0,0.1557038449316809,0.0,False,True,False,elementary,elementary,last_reported=Elementary
MOUNDSVILLE MIDDLE SCHOOL,Middle,middle,452.3125,0.0,0.0,0.0,0.0,0.0,0.0,0.0,148.125,150.875,153.3125,0.0,0.0,0.0,0.0,148.125,452.3125,452.3125,0.0,0.3274837639906038,1.0,1.0,0.0,True,False,False,middle,middle,last_reported=Middle
SHERRARD MIDDLE SCHOOL,Middle,middle,396.3125,0.0,0.0,0.0,0.0,0.0,0.0,0.0,131.8125,133.3125,131.1875,0.0,0.0,0.0,0.0,131.8125,396.3125,396.3125,0.0,0.3325973821163854,1.0,1.0,0.0,True,False,False,middle,middle,last_reported=Middle
CAMERON HIGH SCHOOL,Secondary,high,321.375,0.0,0.0,0.0,0.0,0.0,0.0,0.0,17.6875,47.875,50.5,51.5,51.5,52.25,50.0625,17.6875,116.0625,116.0625,205.3125,0.0550369506028782,0.3611435239206534,0.3611435239206534,0.6388564760793466,True,False,True,high,high,last_reported=Secondary
JOHN MARSHALL HIGH SCHOOL,Secondary,high,1088.0625,0.0,0.0,0.0,0.0,0.0,0.0,0.0,0.0,0.0,0.0,279.5,272.1875,268.0625,268.3125,0.0,0.0,0.0,1088.0625,0.0,0.0,0.0,1.0,False,False,True,high,high,last_reported=Secondary
GATEWAY ACHIEVEMENT CENTER,Alternative,alternative,23.8125,0.0,0.0,0.0,0.0,0.0,0.0625,0.125,0.25,0.6875,0.9375,2.0,5.4375,7.0625,7.25,0.4375,2.0625,2.0,21.75,0.0183727034120734,0.0866141732283464,0.0839895013123359,0.9133858267716536,True,True,True,high,alternative,unchanged: last_reported_type or name-inferred type is Alternative
BEALE ELEMENTARY SCHOOL,Elementary,elementary,263.25,29.75,33.625,32.9375,31.875,33.6875,33.1875,34.375,33.8125,0.0,0.0,0.0,0.0,0.0,0.0,263.25,263.25,68.1875,0.0,1.0,1.0,0.2590218423551756,0.0,False,True,False,elementary,elementary,last_reported=Elementary
LEON ELEMENTARY SCHOOL,Elementary,elementary,145.0625,15.0,20.625,19.8125,18.6875,18.625,17.8125,17.3125,17.1875,0.0,0.0,0.0,0.0,0.0,0.0,145.0625,145.0625,34.5,0.0,1.0,1.0,0.2378285221887117,0.0,False,True,False,elementary,elementary,last_reported=Elementary
NEW HAVEN ELEMENTARY SCHOOL,Elementary,elementary,481.5625,51.1875,60.4375,61.625,60.9375,61.5,61.5,62.125,62.25,0.0,0.0,0.0,0.0,0.0,0.0,481.5625,481.5625,124.375,0.0,1.0,1.0,0.2582738481505516,0.0,False,True,False,elementary,elementary,last_reported=Elementary
ROOSEVELT ELEMENTARY SCHOOL,Elementary,elementary,259.3125,14.75,32.0625,33.875,35.5,34.4375,36.375,35.5,36.8125,0.0,0.0,0.0,0.0,0.0,0.0,259.3125,259.3125,72.3125,0.0,1.0,1.0,0.2788623764762593,0.0,False,True,False,elementary,elementary,last_reported=Elementary
ASHTON ELEMENTARY SCHOOL,Elementary,elementary,364.5,36.3125,45.25,47.375,47.0625,46.3125,46.1875,47.875,48.125,0.0,0.0,0.0,0.0,0.0,0.0,364.5,364.5,96.0,0.0,1.0,1.0,0.2633744855967078,0.0,False,True,False,elementary,elementary,last_reported=Elementary
POINT PLEASANT PRIMARY SCHOOL,Primary,elementary,379.0625,105.9375,93.125,91.125,88.875,0.0,0.0,0.0,0.0,0.0,0.0,0.0,0.0,0.0,0.0,379.0625,379.0625,0.0,0.0,1.0,1.0,0.0,0.0,False,True,False,elementary,elementary,last_reported=Primary
POINT PLEASANT INTERMEDIATE SCHOOL,Elementary,middle,353.3125,0.0,0.0,0.0,0.0,86.75,88.8125,88.9375,88.8125,0.0,0.0,0.0,0.0,0.0,0.0,353.3125,353.3125,177.75,0.0,1.0,1.0,0.503095701397488,0.0,False,True,False,elementary,elementary,last_reported=Elementary; inferred_type=middle (name-based) overridden — grade data confirms elementary
HANNAN HIGH SCHOOL,Secondary,high,257.5625,0.0,0.0,0.0,0.0,0.0,0.0,0.0,0.0,42.75,42.25,44.75,45.0,41.5625,41.25,0.0,85.0,85.0,172.5625,0.0,0.3300169861684057,0.3300169861684057,0.6699830138315943,True,False,True,high,high,last_reported=Secondary
POINT PLEASANT JUNIOR/SENIOR HIGH SCHOOL,Secondary,high,1114.875,0.0,0.0,0.0,0.0,0.0,0.0,0.0,0.0,186.1875,187.125,193.1875,188.8125,181.1875,178.375,0.0,373.3125,373.3125,741.5625,0.0,0.3348469559367642,0.3348469559367642,0.6651530440632358,True,False,True,high,high,last_reported=Secondary
WAHAMA HIGH SCHOOL,Secondary,high,384.25,0.0,0.0,0.0,0.0,0.0,0.0,0.0,0.0,63.8125,63.6875,66.375,66.0625,64.375,59.9375,0.0,127.5,127.5,256.75,0.0,0.3318152244632401,0.3318152244632401,0.6681847755367599,True,False,True,high,high,last_reported=Secondary
MASON COUNTY SCHOOL FOR SUCCESS,Alternative,alternative,18.09090909090909,0.0,0.0,0.0,0.0,0.0,0.0,0.0,0.0,0.1818181818181818,1.4545454545454546,4.363636363636363,4.636363636363637,4.090909090909091,2.4545454545454546,0.0,1.6363636363636365,1.6363636363636365,15.545454545454543,0.0,0.0904522613065326,0.0904522613065326,0.8592964824120604,True,False,True,high,alternative,unchanged: last_reported_type or name-inferred type is Alternative
ATHENS ELEMENTARY SCHOOL,Elementary,elementary,279.5625,37.75,36.5625,36.5,38.1875,37.9375,38.3125,38.75,5.1875,4.8125,5.5625,0.0,0.0,0.0,0.0,269.1875,279.5625,54.3125,0.0,0.9628884417616812,1.0,0.1942767717415604,0.0,True,True,False,elementary_middle,elementary_middle,last_reported=Elementary but inferred_grade_type=elementary_middle (Gr 7-8 enrolment > 2 % of total); corrected to elementary_middle
BLUEWELL ELEMENTARY SCHOOL,Elementary,elementary,197.13333333333333,18.0,33.333333333333336,30.33333333333333,30.466666666666665,29.53333333333333,28.466666666666665,27.0,0.0,0.0,0.0,0.0,0.0,0.0,0.0,197.13333333333333,197.13333333333333,27.0,0.0,1.0,1.0,0.1369631383158606,0.0,False,True,False,elementary,elementary,last_reported=Elementary
BRUSHFORK ELEMENTARY SCHOOL,Elementary,elementary,188.2,0.0666666666666666,34.2,32.0,31.33333333333333,31.133333333333333,30.6,28.866666666666667,0.0,0.0,0.0,0.0,0.0,0.0,0.0,188.2,188.2,28.866666666666667,0.0,1.0000000000000002,1.0000000000000002,0.1533829259652851,0.0,False,True,False,elementary,elementary,last_reported=Elementary
CERES ELEMENTARY SCHOOL,Elementary,elementary,207.5,18.1875,35.0,32.875,32.125,29.5625,30.375,29.375,0.0,0.0,0.0,0.0,0.0,0.0,0.0,207.5,207.5,29.375,0.0,1.0,1.0,0.1415662650602409,0.0,False,True,False,elementary,elementary,last_reported=Elementary
GLENWOOD SCHOOL,Middle,elementary + middle,673.8125,0.0,66.3125,69.125,70.3125,71.25,73.625,75.6875,84.0,82.5,81.0,0.0,0.0,0.0,0.0,510.3125,673.8125,323.1875,0.0,0.7573508950932195,1.0,0.4796401075966979,0.0,True,True,False,elementary_middle,elementary_middle,last_reported=Middle but inferred_grade_type=elementary_middle; corrected to elementary_middle
LASHMEET/MATOAKA ELEMENTARY SCHOOL,Elementary,elementary,236.0625,28.3125,35.0625,32.375,31.6875,32.3125,33.5625,33.6875,2.625,3.3125,3.125,0.0,0.0,0.0,0.0,229.625,236.0625,42.75,0.0,0.9727296796399258,1.0,0.1810961080222398,0.0,True,True,False,elementary_middle,elementary_middle,last_reported=Elementary but inferred_grade_type=elementary_middle (Gr 7-8 enrolment > 2 % of total); corrected to elementary_middle
MELROSE ELEMENTARY SCHOOL,Elementary,elementary,262.25,0.0,45.875,44.0,42.3125,45.0625,43.0625,41.9375,0.0,0.0,0.0,0.0,0.0,0.0,0.0,262.25,262.25,41.9375,0.0,1.0,1.0,0.1599142040038131,0.0,False,True,False,elementary,elementary,last_reported=Elementary
MEMORIAL ELEMENTARY SCHOOL,Primary,elementary,191.5,0.0,67.9,63.8,59.8,0.0,0.0,0.0,0.0,0.0,0.0,0.0,0.0,0.0,0.0,191.5,191.5,0.0,0.0,1.0,1.0,0.0,0.0,False,True,False,elementary,elementary,last_reported=Primary
MERCER ELEMENTARY,Elementary,elementary,320.625,0.0,0.0,0.0,0.0,106.0625,106.3125,108.25,0.0,0.0,0.0,0.0,0.0,0.0,0.0,320.625,320.625,108.25,0.0,1.0,1.0,0.3376218323586745,0.0,False,True,False,elementary,elementary,last_reported=Elementary
MONTCALM ELEMENTARY SCHOOL,Elementary,elementary,294.625,30.1875,35.6875,34.375,35.875,36.1875,37.1875,38.8125,46.3125,0.0,0.0,0.0,0.0,0.0,0.0,294.625,294.625,85.125,0.0,1.0,1.0,0.2889266016122189,0.0,False,True,False,elementary,elementary,last_reported=Elementary
OAKVALE SCHOOL,Elementary,,155.1875,17.375,23.0,23.875,22.9375,21.5625,21.0,20.9375,1.5625,1.25,1.6875,0.0,0.0,0.0,0.0,152.25,155.1875,25.4375,0.0,0.9810712847362062,1.0,0.1639146194120016,0.0,False,True,False,elementary,elementary,last_reported=Elementary
SPANISHBURG,Elementary,,194.6875,17.5625,29.5,27.875,27.875,27.5625,28.1875,30.25,2.125,2.3125,1.4375,0.0,0.0,0.0,0.0,190.9375,194.6875,36.125,0.0,0.9807383627608348,1.0,0.185553772070626,0.0,False,True,False,elementary,elementary,last_reported=Elementary
STRALEY ELEMENTARY SCHOOL,Elementary,elementary,170.5625,0.0,0.0,0.0,0.0,58.8125,57.0,54.75,0.0,0.0,0.0,0.0,0.0,0.0,0.0,170.5625,170.5625,54.75,0.0,1.0,1.0,0.3209967020886771,0.0,False,True,False,elementary,elementary,last_reported=Elementary
SUN VALLEY ELEMENTARY SCHOOL,Elementary,elementary,114.5625,0.0625,19.8125,19.0625,18.3125,18.9375,18.9375,19.4375,0.0,0.0,0.0,0.0,0.0,0.0,0.0,114.5625,114.5625,19.4375,0.0,1.0,1.0,0.1696672122204037,0.0,False,True,False,elementary,elementary,last_reported=Elementary
WHITETHORN ELEMENTARY SCHOOL,Primary,elementary,160.8,0.0,56.5,54.1,50.2,0.0,0.0,0.0,0.0,0.0,0.0,0.0,0.0,0.0,0.0,160.8,160.8,0.0,0.0,1.0,1.0,0.0,0.0,False,True,False,elementary,elementary,last_reported=Primary
MERCER COUNTY EARLY LEARNING CENTER,Primary,,316.8125,316.8125,0.0,0.0,0.0,0.0,0.0,0.0,0.0,0.0,0.0,0.0,0.0,0.0,0.0,316.8125,316.8125,0.0,0.0,1.0,1.0,0.0,0.0,False,True,False,elementary,elementary,last_reported=Primary
TIMBERWOOD ELEMENTARY SCHOOL,Elementary,elementary,340.0,28.0,47.0,47.0,55.0,50.0,61.0,52.0,0.0,0.0,0.0,0.0,0.0,0.0,0.0,340.0,340.0,52.0,0.0,1.0,1.0,0.1529411764705882,0.0,False,True,False,elementary,elementary,last_reported=Elementary
BLUEFIELD INTERMEDIATE,Elementary,middle,320.625,0.0,0.0,0.0,0.0,106.125,106.5625,107.9375,0.0,0.0,0.0,0.0,0.0,0.0,0.0,320.625,320.625,107.9375,0.0,1.0,1.0,0.3366471734892787,0.0,False,True,False,elementary,elementary,last_reported=Elementary; inferred_type=middle (name-based) overridden — grade data confirms elementary
PRINCETON PRIMARY,Primary,elementary,519.9375,0.0,175.0625,174.75,170.125,0.0,0.0,0.0,0.0,0.0,0.0,0.0,0.0,0.0,0.0,519.9375,519.9375,0.0,0.0,1.0,1.0,0.0,0.0,False,True,False,elementary,elementary,last_reported=Primary
BLUEFIELD PRIMARY SCHOOL,Primary,elementary,327.1666666666667,36.0,101.16666666666669,95.33333333333331,94.66666666666669,0.0,0.0,0.0,0.0,0.0,0.0,0.0,0.0,0.0,0.0,327.1666666666667,327.1666666666667,0.0,0.0,1.0,1.0,0.0,0.0,False,True,False,elementary,elementary,last_reported=Primary
BLUEFIELD MIDDLE SCHOOL,Middle,middle,500.6875,0.0,0.0,0.0,0.0,0.0,0.0,0.0,169.8125,167.75,163.125,0.0,0.0,0.0,0.0,169.8125,500.6875,500.6875,0.0,0.3391586568468356,1.0,1.0,0.0,True,False,False,middle,middle,last_reported=Middle
PIKEVIEW MIDDLE SCHOOL,Middle,middle,535.1333333333333,0.0,0.0,0.0,0.0,0.0,0.0,0.0,177.8,179.6,177.73333333333332,0.0,0.0,0.0,0.0,177.8,535.1333333333333,535.1333333333333,0.0,0.3322536439516632,1.0,1.0,0.0,True,False,False,middle,middle,last_reported=Middle
PRINCETON MIDDLE SCHOOL,Middle,middle,531.9375,0.0,0.0,0.0,0.0,0.0,0.0,0.0,180.1875,175.3125,176.4375,0.0,0.0,0.0,0.0,180.1875,531.9375,531.9375,0.0,0.3387381036305957,1.0,1.0,0.0,True,False,False,middle,middle,last_reported=Middle
BLUEFIELD HIGH SCHOOL,Secondary,high,645.1875,0.0,0.0,0.0,0.0,0.0,0.0,0.0,0.0,0.0,0.0,189.6875,163.125,148.0,144.375,0.0,0.0,0.0,645.1875,0.0,0.0,0.0,1.0,False,False,True,high,high,last_reported=Secondary
MONTCALM HIGH SCHOOL,Secondary,high,301.1875,0.0,0.0,0.0,0.0,0.0,0.0,0.0,0.0,51.1875,51.25,55.25,49.5625,47.0,46.9375,0.0,102.4375,102.4375,198.75,0.0,0.3401120564432455,0.3401120564432455,0.6598879435567545,True,False,True,high,high,last_reported=Secondary
PRINCETON SENIOR HIGH SCHOOL,Secondary,high,997.3125,0.0,0.0,0.0,0.0,0.0,0.0,0.0,0.0,0.0,0.0,287.0,257.4375,226.0625,226.8125,0.0,0.0,0.0,997.3125,0.0,0.0,0.0,1.0,False,False,True,high,high,last_reported=Secondary
PIKEVIEW HIGH SCHOOL,Secondary,high,671.375,0.0,0.0,0.0,0.0,0.0,0.0,0.0,0.0,0.0,0.0,200.875,171.3125,150.1875,149.0,0.0,0.0,0.0,671.375,0.0,0.0,0.0,1.0,False,False,True,high,high,last_reported=Secondary
COMPASS VIRTUAL ACADEMY,Alternative,alternative,43.5,0.0,0.0,0.0,0.0,0.0,0.0,0.0,1.0,5.5,6.5,14.0,9.0,4.5,3.0,1.0,13.0,13.0,30.5,0.0229885057471264,0.2988505747126437,0.2988505747126437,0.7011494252873564,True,False,True,high,alternative,unchanged: last_reported_type or name-inferred type is Alternative
ELK GARDEN SCHOOL,Elementary,,78.6875,11.1875,13.4375,13.1875,13.25,13.1875,12.5625,1.875,0.0,0.0,0.0,0.0,0.0,0.0,0.0,78.6875,78.6875,1.875,0.0,1.0,1.0,0.0238284352660841,0.0,False,True,False,elementary,elementary,last_reported=Elementary
KEYSER MIDDLE SCHOOL,Middle,middle,770.9375,0.0,19.375,19.375,17.5625,17.5,16.875,160.75,173.0,172.75,173.75,0.0,0.0,0.0,0.0,424.4375,770.9375,680.25,0.0,0.5505472233481962,1.0,0.8823672476692339,0.0,True,True,False,elementary_middle,elementary_middle,last_reported=Middle but inferred_grade_type=elementary_middle; corrected to elementary_middle
BURLINGTON PRIMARY,Elementary,elementary,118.0625,15.25,18.875,19.1875,19.3125,19.9375,20.75,4.75,0.0,0.0,0.0,0.0,0.0,0.0,0.0,118.0625,118.0625,4.75,0.0,1.0,1.0,0.0402329274748544,0.0,False,True,False,elementary,elementary,last_reported=Elementary
FORT ASHBY PRIMARY SCHOOL,Primary,elementary,207.0,1.6428571428571428,69.14285714285714,68.28571428571429,67.92857142857143,0.0,0.0,0.0,0.0,0.0,0.0,0.0,0.0,0.0,0.0,207.0,207.0,0.0,0.0,1.0,1.0,0.0,0.0,False,True,False,elementary,elementary,last_reported=Primary
FOUNTAIN PRIMARY SCHOOL,Elementary,elementary,120.0,18.1875,20.0,20.0625,20.25,20.5,21.0,0.0,0.0,0.0,0.0,0.0,0.0,0.0,0.0,120.0,120.0,0.0,0.0,1.0,1.0,0.0,0.0,False,True,False,elementary,elementary,last_reported=Elementary
NEW CREEK PRIMARY SCHOOL,Elementary,elementary,128.75,15.3125,20.9375,21.875,22.0625,22.0,22.0625,4.5,0.0,0.0,0.0,0.0,0.0,0.0,0.0,128.75,128.75,4.5,0.0,1.0,1.0,0.0349514563106796,0.0,False,True,False,elementary,elementary,last_reported=Elementary
WILEY FORD PRIMARY SCHOOL,Primary,elementary,181.8571428571429,40.85714285714285,48.85714285714285,46.285714285714285,45.142857142857146,0.5,0.2142857142857142,0.0,0.0,0.0,0.0,0.0,0.0,0.0,0.0,181.8571428571429,181.8571428571429,0.0,0.0,1.0,1.0,0.0,0.0,False,True,False,elementary,elementary,last_reported=Primary
KEYSER HEADSTART,,,93.66666666666669,93.66666666666669,0.0,0.0,0.0,0.0,0.0,0.0,0.0,0.0,0.0,0.0,0.0,0.0,0.0,93.66666666666669,93.66666666666669,0.0,0.0,1.0,1.0,0.0,0.0,False,True,False,elementary,elementary,no last_reported_type; inferred_grade_type=elementary (name: nan)
KEYSER PRIMARY SCHOOL,Elementary,elementary,574.8461538461538,91.15384615384616,97.76923076923076,98.15384615384616,95.07692307692308,96.92307692307692,95.76923076923076,0.0,0.0,0.0,0.0,0.0,0.0,0.0,0.0,574.8461538461538,574.8461538461538,0.0,0.0,1.0,1.0,0.0,0.0,False,True,False,elementary,elementary,last_reported=Elementary
FRANKFORT ELEMENTARY SCHOOL,Elementary,elementary,705.5,97.5,118.0,119.0,115.5,123.5,132.0,0.0,0.0,0.0,0.0,0.0,0.0,0.0,0.0,705.5,705.5,0.0,0.0,1.0,1.0,0.0,0.0,False,True,False,elementary,elementary,last_reported=Elementary
FRANKFORT MIDDLE SCHOOL,Middle,middle,505.875,0.0,0.0,0.0,0.0,0.0,0.0625,122.875,125.375,128.375,129.1875,0.0,0.0,0.0,0.0,248.3125,505.875,505.8125,0.0,0.490857425253274,1.0,0.999876451692612,0.0,True,True,False,elementary_middle,elementary_middle,last_reported=Middle but inferred_grade_type=elementary_middle; corrected to elementary_middle
FRANKFORT INTERMEDIATE SCHOOL,Elementary,middle,290.1428571428572,56.35714285714285,0.0,0.2142857142857142,0.5,115.5,117.57142857142856,0.0,0.0,0.0,0.0,0.0,0.0,0.0,0.0,290.1428571428571,290.1428571428571,0.0,0.0,0.9999999999999998,0.9999999999999998,0.0,0.0,False,True,False,elementary,elementary,last_reported=Elementary; inferred_type=middle (name-based) overridden — grade data confirms elementary
FRANKFORT HIGH SCHOOL,Secondary,high,516.0625,0.0,0.0,0.0,0.0,0.0,0.0,0.0,0.0,0.0,0.0,137.0,130.125,125.75,123.1875,0.0,0.0,0.0,516.0625,0.0,0.0,0.0,1.0,False,False,True,high,high,last_reported=Secondary
KEYSER HIGH SCHOOL,Secondary,high,676.75,0.0,0.0,0.0,0.0,0.0,0.0,0.0,0.0,0.0,0.0,183.25,170.1875,159.4375,163.875,0.0,0.0,0.0,676.75,0.0,0.0,0.0,1.0,False,False,True,high,high,last_reported=Secondary
MINERAL COUNTY ALTERNATIVE PROGRAM,Alternative,alternative,10.3,0.0,0.0,0.0,0.0,0.0,0.0,0.1,0.1,0.9,1.5,2.4,1.7,0.9,0.7,0.2,2.6,2.6,5.7,0.0194174757281553,0.2524271844660194,0.2524271844660194,0.5533980582524272,True,False,True,high,alternative,unchanged: last_reported_type or name-inferred type is Alternative
LENORE K-8 SCHOOL,Middle,elementary + middle,496.25,28.6875,40.0,41.0625,41.375,42.0625,43.5625,56.875,68.1875,67.0625,67.375,0.0,0.0,0.0,0.0,361.8125,496.25,259.5,0.0,0.7290931989924433,1.0,0.5229219143576826,0.0,True,True,False,elementary_middle,elementary_middle,last_reported=Middle but inferred_grade_type=elementary_middle; corrected to elementary_middle
BURCH ELEMENTARY SCHOOL,,elementary,374.6666666666667,45.16666666666666,58.5,60.333333333333336,58.833333333333336,64.66666666666667,65.83333333333333,10.666666666666666,10.666666666666666,0.0,0.0,0.0,0.0,0.0,0.0,374.6666666666667,374.6666666666667,21.33333333333333,0.0,1.0,1.0,0.0569395017793594,0.0,False,True,False,elementary,elementary,no last_reported_type; inferred_grade_type=elementary (name: elementary)
DINGESS ELEMENTARY SCHOOL,Elementary,elementary,152.125,20.0,24.5625,25.25,24.0,24.0,22.9375,11.375,0.0,0.0,0.0,0.0,0.0,0.0,0.0,152.125,152.125,11.375,0.0,1.0,1.0,0.0747740345110928,0.0,False,True,False,elementary,elementary,last_reported=Elementary
GILBERT ELEMENTARY SCHOOL,,elementary,345.5,48.375,60.25,57.5,56.25,54.5,53.375,9.25,6.0,0.0,0.0,0.0,0.0,0.0,0.0,345.5,345.5,15.25,0.0,1.0,1.0,0.0441389290882778,0.0,False,True,False,elementary,elementary,no last_reported_type; inferred_grade_type=elementary (name: elementary)
RIVERSIDE ELEMENTARY SCHOOL,,elementary,341.0,48.333333333333336,66.0,62.333333333333336,55.333333333333336,52.66666666666666,56.333333333333336,0.0,0.0,0.0,0.0,0.0,0.0,0.0,0.0,341.0,341.0,0.0,0.0,1.0,1.0,0.0,0.0,False,True,False,elementary,elementary,no last_reported_type; inferred_grade_type=elementary (name: elementary)
MATEWAN ELEMENTARY SCHOOL,,elementary,281.6666666666667,38.66666666666666,50.333333333333336,49.0,46.66666666666666,46.333333333333336,50.66666666666666,0.0,0.0,0.0,0.0,0.0,0.0,0.0,0.0,281.6666666666667,281.6666666666667,0.0,0.0,1.0,1.0,0.0,0.0,False,True,False,elementary,elementary,no last_reported_type; inferred_grade_type=elementary (name: elementary)
KERMIT AREA SCHOOL (K-8),Middle,elementary + middle,296.8125,22.375,31.4375,32.0,30.5,30.8125,30.3125,29.0625,30.0,29.5,30.8125,0.0,0.0,0.0,0.0,236.5,296.8125,119.375,0.0,0.7967993261739313,1.0,0.4021899347230996,0.0,True,True,False,elementary_middle,elementary_middle,last_reported=Middle but inferred_grade_type=elementary_middle; corrected to elementary_middle
WILLIAMSON PK-8,Middle,elementary + middle,458.3125,38.8125,47.0625,44.6875,42.8125,41.75,42.3125,53.875,49.875,49.75,47.375,0.0,0.0,0.0,0.0,361.1875,458.3125,200.875,0.0,0.7880812764216555,1.0,0.4382926496658939,0.0,True,True,False,elementary_middle,elementary_middle,last_reported=Middle but inferred_grade_type=elementary_middle; corrected to elementary_middle
MATEWAN PK-8,Middle,elementary + middle,393.375,27.25,36.625,36.75,36.5625,36.5,35.75,46.5,46.0,45.9375,45.5,0.0,0.0,0.0,0.0,301.9375,393.375,183.9375,0.0,0.7675564029234191,1.0,0.4675881792183031,0.0,True,True,False,elementary_middle,elementary_middle,last_reported=Middle but inferred_grade_type=elementary_middle; corrected to elementary_middle
BURCH MIDDLE SCHOOL,Middle,middle,408.8666666666667,24.53333333333333,33.13333333333333,34.93333333333333,34.666666666666664,33.06666666666667,31.933333333333334,52.333333333333336,54.93333333333333,55.06666666666667,54.266666666666666,0.0,0.0,0.0,0.0,299.5333333333333,408.8666666666667,216.6,0.0,0.732594162726235,1.0,0.5297570520136964,0.0,True,True,False,elementary_middle,elementary_middle,last_reported=Middle but inferred_grade_type=elementary_middle; corrected to elementary_middle
GILBERT MIDDLE SCHOOL,Middle,middle,329.26666666666665,20.0,22.0,23.666666666666668,22.666666666666668,21.2,22.066666666666663,47.73333333333333,48.53333333333333,50.0,51.4,0.0,0.0,0.0,0.0,227.86666666666667,329.26666666666665,197.66666666666663,0.0,0.6920429236687589,1.0,0.6003239522170479,0.0,True,True,False,elementary_middle,elementary_middle,last_reported=Middle but inferred_grade_type=elementary_middle; corrected to elementary_middle
BURCH HIGH SCHOOL,,high,351.0,0.0,0.0,0.0,0.0,0.0,0.0,0.0,0.0,49.0,60.0,70.0,76.0,50.0,46.0,0.0,109.0,109.0,242.0,0.0,0.3105413105413105,0.3105413105413105,0.6894586894586895,True,False,True,high,high,no last_reported_type; inferred_grade_type=high (name: high)
GILBERT HIGH SCHOOL,,high,365.0,0.0,0.0,0.0,0.0,0.0,0.0,0.0,0.0,69.0,56.0,71.0,56.0,56.0,57.0,0.0,125.0,125.0,240.0,0.0,0.3424657534246575,0.3424657534246575,0.6575342465753424,True,False,True,high,high,no last_reported_type; inferred_grade_type=high (name: high)
MATEWAN HIGH SCHOOL,,high,196.0,0.0,0.0,0.0,0.0,0.0,0.0,0.0,0.0,0.0,0.0,43.0,51.0,45.0,57.0,0.0,0.0,0.0,196.0,0.0,0.0,0.0,1.0,False,False,True,high,high,no last_reported_type; inferred_grade_type=high (name: high)
WILLIAMSON HIGH SCHOOL,,high,176.0,0.0,0.0,0.0,0.0,0.0,0.0,0.0,0.0,0.0,0.0,47.0,43.0,44.0,42.0,0.0,0.0,0.0,176.0,0.0,0.0,0.0,1.0,False,False,True,high,high,no last_reported_type; inferred_grade_type=high (name: high)
TUG VALLEY HIGH SCHOOL,Secondary,high,371.25,0.0,0.0,0.0,0.0,0.0,0.0,0.0,0.0,0.0,0.0,112.6875,98.1875,83.0625,77.3125,0.0,0.0,0.0,371.25,0.0,0.0,0.0,1.0,False,False,True,high,high,last_reported=Secondary
MINGO CENTRAL COMPREHENSIVE HIGH SCHOOL,Secondary,high,693.8666666666667,0.0,0.0,0.0,0.0,0.0,0.0,0.0,0.0,0.0,0.0,188.06666666666663,177.4,166.93333333333334,161.46666666666667,0.0,0.0,0.0,693.8666666666667,0.0,0.0,0.0,1.0,False,False,True,high,high,last_reported=Secondary
MINGO CAREER & TECHNICAL CENTER,,,5.0,0.0,0.0,0.0,0.0,0.0,0.0,0.0,0.0,0.0,0.0,0.0,0.0,4.0,1.0,0.0,0.0,0.0,5.0,0.0,0.0,0.0,1.0,False,False,True,high,high,no last_reported_type; inferred_grade_type=high (name: nan)
BROOKHAVEN ELEMENTARY,Elementary,elementary,563.1875,81.1875,81.625,81.5625,80.6875,81.3125,79.5625,77.25,0.0,0.0,0.0,0.0,0.0,0.0,0.0,563.1875,563.1875,77.25,0.0,1.0,1.0,0.1371656863833092,0.0,False,True,False,elementary,elementary,last_reported=Elementary
RIDGEDALE ELEMENTARY,Elementary,elementary,476.6875,65.25,68.9375,69.8125,69.3125,67.875,68.1875,67.3125,0.0,0.0,0.0,0.0,0.0,0.0,0.0,476.6875,476.6875,67.3125,0.0,1.0,1.0,0.1412088632489838,0.0,False,True,False,elementary,elementary,last_reported=Elementary
EASTON ELEMENTARY SCHOOL (CLSD 2013),,elementary,242.33333333333331,81.0,39.0,30.666666666666668,24.666666666666668,22.0,23.33333333333333,21.666666666666668,0.0,0.0,0.0,0.0,0.0,0.0,0.0,242.33333333333331,242.33333333333331,21.666666666666668,0.0,1.0,1.0,0.0894085281980742,0.0,False,True,False,elementary,elementary,no last_reported_type; inferred_grade_type=elementary (name: elementary)
NORTH ELEMENTARY SCHOOL,Elementary,elementary,686.0625,60.75,98.0,99.375,98.6875,97.8125,114.6875,116.75,0.0,0.0,0.0,0.0,0.0,0.0,0.0,686.0625,686.0625,116.75,0.0,1.0,1.0,0.1701740001821991,0.0,False,True,False,elementary,elementary,last_reported=Elementary
SUNCREST ELEMENTARY SCHOOL,Elementary,elementary,424.5,65.5,69.375,67.9375,66.125,64.375,48.0,43.1875,0.0,0.0,0.0,0.0,0.0,0.0,0.0,424.5,424.5,43.1875,0.0,1.0,1.0,0.1017373380447585,0.0,False,True,False,elementary,elementary,last_reported=Elementary
WOODBURN ELEMENTARY SCHOOL  (CLSD 2013),,elementary,282.3333333333333,35.0,47.0,45.0,44.66666666666666,44.66666666666666,33.0,33.0,0.0,0.0,0.0,0.0,0.0,0.0,0.0,282.3333333333333,282.3333333333333,33.0,0.0,1.0,1.0,0.1168831168831169,0.0,False,True,False,elementary,elementary,no last_reported_type; inferred_grade_type=elementary (name: elementary)
CHEAT LAKE ELEMENTARY SCHOOL,Elementary,elementary,805.125,58.3125,119.875,122.6875,124.25,126.0625,126.625,127.3125,0.0,0.0,0.0,0.0,0.0,0.0,0.0,805.125,805.125,127.3125,0.0,1.0,1.0,0.1581276199347927,0.0,False,True,False,elementary,elementary,last_reported=Elementary
MOUNTAINVIEW ELEMENTARY,Elementary,elementary,717.6875,80.625,109.0625,106.125,107.125,104.5625,105.0625,105.125,0.0,0.0,0.0,0.0,0.0,0.0,0.0,717.6875,717.6875,105.125,0.0,1.0,1.0,0.146477401375947,0.0,False,True,False,elementary,elementary,last_reported=Elementary
MASON DIXON  ELEMENTARY,Elementary,elementary,322.3125,33.5625,45.375,46.9375,47.25,49.25,50.25,49.6875,0.0,0.0,0.0,0.0,0.0,0.0,0.0,322.3125,322.3125,49.6875,0.0,1.0,1.0,0.1541593949970913,0.0,False,True,False,elementary,elementary,last_reported=Elementary
SKYVIEW ELEMENTARY,Elementary,elementary,452.6875,62.5625,64.5625,65.25,65.8125,65.0,64.0,65.5,0.0,0.0,0.0,0.0,0.0,0.0,0.0,452.6875,452.6875,65.5,0.0,1.0,1.0,0.1446914262046113,0.0,False,True,False,elementary,elementary,last_reported=Elementary
MYLAN PARK ELEMENTARY,Elementary,elementary,478.1875,57.6875,70.125,69.625,69.6875,69.8125,71.375,69.875,0.0,0.0,0.0,0.0,0.0,0.0,0.0,478.1875,478.1875,69.875,0.0,1.0,1.0,0.146124689583061,0.0,False,True,False,elementary,elementary,last_reported=Elementary
EASTWOOD ELEMENTARY SCHOOL,Elementary,elementary,627.4615384615385,90.92307692307692,89.23076923076923,92.07692307692308,90.92307692307692,89.53846153846153,90.46153846153848,84.3076923076923,0.0,0.0,0.0,0.0,0.0,0.0,0.0,627.4615384615385,627.4615384615385,84.3076923076923,0.0,1.0,1.0,0.1343631236974377,0.0,False,True,False,elementary,elementary,last_reported=Elementary
MOUNTAINEER MIDDLE SCHOOL,Middle,middle,587.375,0.0,0.0,0.0,0.0,0.0,0.0,0.0,197.5,198.25,191.625,0.0,0.0,0.0,0.0,197.5,587.375,587.375,0.0,0.3362417535645882,1.0,1.0,0.0,True,False,False,middle,middle,last_reported=Middle
WESTWOOD MIDDLE SCHOOL,Middle,middle,386.5625,0.0,0.0,0.0,0.0,0.0,0.0,0.0,128.8125,128.875,128.875,0.0,0.0,0.0,0.0,128.8125,386.5625,386.5625,0.0,0.3332255456750202,1.0,1.0,0.0,True,False,False,middle,middle,last_reported=Middle
SOUTH MIDDLE SCHOOL,Middle,middle,754.5625,0.0,0.0,0.0,0.0,0.0,0.0,0.0,252.75,251.4375,250.375,0.0,0.0,0.0,0.0,252.75,754.5625,754.5625,0.0,0.3349623125983599,1.0,1.0,0.0,True,False,False,middle,middle,last_reported=Middle
SUNCREST MIDDLE SCHOOL,Middle,middle,491.25,0.0,0.0,0.0,0.0,0.0,0.0,0.0,163.3125,162.8125,165.125,0.0,0.0,0.0,0.0,163.3125,491.25,491.25,0.0,0.332442748091603,1.0,1.0,0.0,True,False,False,middle,middle,last_reported=Middle
CLAY-BATTELLE HIGH SCHOOL,Secondary,high,395.1875,0.0,0.0,0.0,0.0,0.0,0.0,0.0,53.0625,53.8125,55.6875,57.0,57.9375,58.3125,59.375,53.0625,162.5625,162.5625,232.625,0.1342717064684485,0.411355369286731,0.411355369286731,0.588644630713269,True,False,True,high,high,last_reported=Secondary
MORGANTOWN HIGH SCHOOL,Secondary,high,1775.875,0.0,0.0,0.0,0.0,0.0,0.0,0.0,0.0,0.0,0.0,469.8125,468.5625,429.625,407.875,0.0,0.0,0.0,1775.875,0.0,0.0,0.0,1.0,False,False,True,high,high,last_reported=Secondary
UNIVERSITY HIGH SCHOOL,Secondary,high,1299.0,0.0,0.0,0.0,0.0,0.0,0.0,0.0,0.0,0.0,0.0,339.125,339.9375,316.875,303.0625,0.0,0.0,0.0,1299.0,0.0,0.0,0.0,1.0,False,False,True,high,high,last_reported=Secondary
EXCEL CENTER,Alternative,alternative,55.5,2.0,2.5,3.0,2.5,2.5,3.0,3.0,2.5,4.0,4.0,2.5,9.5,10.5,4.0,21.0,29.0,13.5,26.5,0.3783783783783784,0.5225225225225225,0.2432432432432432,0.4774774774774775,True,True,True,other,alternative,unchanged: last_reported_type or name-inferred type is Alternative
PETERSTOWN ELEMENTARY,Elementary,elementary,426.0625,60.6875,71.6875,73.1875,72.9375,72.5,75.0625,0.0,0.0,0.0,0.0,0.0,0.0,0.0,0.0,426.0625,426.0625,0.0,0.0,1.0,1.0,0.0,0.0,False,True,False,elementary,elementary,last_reported=Elementary
MOUNTAIN VIEW ELEMENTARY & MIDDLE,Middle,elementary + middle,512.0625,44.0625,49.75,50.1875,49.5,51.875,52.8125,53.0,53.75,54.4375,52.6875,0.0,0.0,0.0,0.0,404.9375,512.0625,213.875,0.0,0.790797021847919,1.0,0.4176736238252166,0.0,True,True,False,elementary_middle,elementary_middle,last_reported=Middle but inferred_grade_type=elementary_middle; corrected to elementary_middle
PETERSTOWN MIDDLE SCHOOL,Middle,middle,307.1875,0.0,0.0,0.0,0.0,0.0,0.0,74.5,77.0,77.8125,77.875,0.0,0.0,0.0,0.0,151.5,307.1875,307.1875,0.0,0.4931841302136317,1.0,1.0,0.0,True,False,False,middle,middle,last_reported=Middle
JAMES MONROE HIGH SCHOOL,Secondary,high,493.5625,0.0,0.0,0.0,0.0,0.0,0.0,0.0,0.0,0.0,0.0,142.9375,123.5,109.125,118.0,0.0,0.0,0.0,493.5625,0.0,0.0,0.0,1.0,False,False,True,high,high,last_reported=Secondary
GREENWOOD ELEMENTARY SCHOOL,,elementary,53.833333333333336,0.1666666666666666,9.0,9.833333333333334,8.5,9.5,9.166666666666666,7.666666666666667,0.0,0.0,0.0,0.0,0.0,0.0,0.0,53.833333333333336,53.833333333333336,7.666666666666667,0.0,1.0,1.0,0.1424148606811145,0.0,False,True,False,elementary,elementary,no last_reported_type; inferred_grade_type=elementary (name: elementary)
PAW PAW ELEMENTARY SCHOOL,Elementary,elementary,95.8125,0.0625,12.8125,13.375,13.3125,13.3125,13.6875,14.625,14.625,0.0,0.0,0.0,0.0,0.0,0.0,95.8125,95.8125,29.25,0.0,1.0,1.0,0.3052837573385518,0.0,False,True,False,elementary,elementary,last_reported=Elementary
PLEASANT VIEW ELEMENTARY SCHOOL,Elementary,elementary,124.0,0.0625,20.625,20.625,20.8125,20.875,20.8125,20.1875,0.0,0.0,0.0,0.0,0.0,0.0,0.0,124.0,124.0,20.1875,0.0,1.0,1.0,0.1628024193548387,0.0,False,True,False,elementary,elementary,last_reported=Elementary
WIDMYER ELEMENTARY,Primary,elementary,472.8125,113.0625,118.75,120.875,120.125,0.0,0.0,0.0,0.0,0.0,0.0,0.0,0.0,0.0,0.0,472.8125,472.8125,0.0,0.0,1.0,1.0,0.0,0.0,False,True,False,elementary,elementary,last_reported=Primary
WARM SPRINGS INTERMEDIATE SCHOOL,Elementary,middle,378.3125,0.0,0.0,0.0,0.0,122.4375,124.5625,131.3125,0.0,0.0,0.0,0.0,0.0,0.0,0.0,378.3125,378.3125,131.3125,0.0,1.0,1.0,0.3471006112671402,0.0,False,True,False,elementary,elementary,last_reported=Elementary; inferred_type=middle (name-based) overridden — grade data confirms elementary
WARM SPRINGS MIDDLE SCHOOL,Middle,middle,476.75,0.0,0.0,0.0,0.0,0.0,0.0,0.0,156.75,159.25,160.75,0.0,0.0,0.0,0.0,156.75,476.75,476.75,0.0,0.3287886733088621,1.0,1.0,0.0,True,False,False,middle,middle,last_reported=Middle
BERKELEY SPRINGS HIGH SCHOOL,Secondary,high,679.0625,0.0,0.0,0.0,0.0,0.0,0.0,0.0,0.0,0.0,0.0,184.875,172.125,158.5,163.5625,0.0,0.0,0.0,679.0625,0.0,0.0,0.0,1.0,False,False,True,high,high,last_reported=Secondary
PAW PAW HIGH SCHOOL,Secondary,high,86.1875,0.0,0.0,0.0,0.0,0.0,0.0,0.0,0.0,14.5625,14.8125,16.0,14.1875,13.9375,12.6875,0.0,29.375,29.375,56.8125,0.0,0.3408266860043509,0.3408266860043509,0.659173313995649,True,False,True,high,high,last_reported=Secondary
ANAWALT ELEMENTARY SCHOOL,,elementary,93.55555555555556,9.11111111111111,13.88888888888889,13.333333333333334,13.555555555555555,14.333333333333334,15.0,14.333333333333334,0.0,0.0,0.0,0.0,0.0,0.0,0.0,93.55555555555556,93.55555555555556,14.333333333333334,0.0,1.0,1.0,0.1532066508313539,0.0,False,True,False,elementary,elementary,no last_reported_type; inferred_grade_type=elementary (name: elementary)
BRADSHAW ELEMENTARY SCHOOL,Elementary,elementary,246.5,26.875,37.9375,36.0625,36.625,36.5,36.75,35.75,0.0,0.0,0.0,0.0,0.0,0.0,0.0,246.5,246.5,35.75,0.0,1.0,1.0,0.1450304259634888,0.0,False,True,False,elementary,elementary,last_reported=Elementary
FALL RIVER ELEMENTARY SCHOOL,Elementary,elementary,145.2,19.066666666666663,22.0,21.8,20.066666666666663,20.2,20.866666666666667,21.2,0.0,0.0,0.0,0.0,0.0,0.0,0.0,145.2,145.2,21.2,0.0,1.0,1.0,0.1460055096418732,0.0,False,True,False,elementary,elementary,last_reported=Elementary
IAEGER ELEMENTARY SCHOOL,Elementary,elementary,260.5625,27.5,38.75,38.75,37.8125,39.0,39.8125,38.9375,0.0,0.0,0.0,0.0,0.0,0.0,0.0,260.5625,260.5625,38.9375,0.0,1.0,1.0,0.1494363156632286,0.0,False,True,False,elementary,elementary,last_reported=Elementary
KIMBALL ELEMENTARY SCHOOL,Elementary,elementary,220.26666666666668,26.2,30.0,31.133333333333333,32.333333333333336,32.86666666666667,32.6,35.13333333333333,0.0,0.0,0.0,0.0,0.0,0.0,0.0,220.26666666666668,220.26666666666668,35.13333333333333,0.0,1.0,1.0,0.159503631961259,0.0,False,True,False,elementary,elementary,last_reported=Elementary
WELCH ELEMENTARY SCHOOL,Elementary,elementary,272.0,29.933333333333334,42.0,39.06666666666667,39.86666666666667,40.8,40.266666666666666,40.06666666666667,0.0,0.0,0.0,0.0,0.0,0.0,0.0,272.0,272.0,40.06666666666667,0.0,1.0,1.0,0.1473039215686274,0.0,False,True,False,elementary,elementary,last_reported=Elementary
SOUTHSIDE K-8,Middle,elementary + middle,373.75,29.875,37.0,38.1875,38.875,39.0,38.1875,38.375,38.5625,38.5,37.1875,0.0,0.0,0.0,0.0,298.0625,373.75,152.625,0.0,0.7974916387959866,1.0,0.4083612040133779,0.0,True,True,False,elementary_middle,elementary_middle,last_reported=Middle but inferred_grade_type=elementary_middle; corrected to elementary_middle
COALFIELD ELEMENTARY SCHOOL,Elementary,elementary,400.0,47.0,51.0,56.0,66.0,60.0,64.0,56.0,0.0,0.0,0.0,0.0,0.0,0.0,0.0,400.0,400.0,56.0,0.0,1.0,1.0,0.14,0.0,False,True,False,elementary,elementary,last_reported=Elementary
SANDY RIVER MIDDLE SCHOOL,Middle,middle,244.375,0.0,0.0,0.0,0.0,0.0,0.0,0.0,79.5625,81.6875,83.125,0.0,0.0,0.0,0.0,79.5625,244.375,244.375,0.0,0.3255754475703324,1.0,1.0,0.0,True,False,False,middle,middle,last_reported=Middle
RIVER VIEW HIGH SCHOOL,Secondary,high,466.6875,0.0,0.0,0.0,0.0,0.0,0.0,0.0,0.0,0.0,0.0,130.4375,124.5,104.125,107.625,0.0,0.0,0.0,466.6875,0.0,0.0,0.0,1.0,False,False,True,high,high,last_reported=Secondary
MOUNT VIEW HIGH SCHOOL,Secondary,high,679.75,0.0,0.0,0.0,0.0,0.0,0.0,0.0,100.0,97.9375,99.25,102.5625,99.625,92.5,87.875,100.0,297.1875,297.1875,382.5625,0.1471129091577785,0.4372011769032732,0.4372011769032732,0.5627988230967267,True,False,True,high,high,last_reported=Secondary
BEAVER ELEMENTARY SCHOOL,,elementary,125.33333333333331,22.33333333333333,21.0,19.666666666666668,18.33333333333333,17.666666666666668,14.0,12.333333333333334,0.0,0.0,0.0,0.0,0.0,0.0,0.0,125.33333333333331,125.33333333333331,12.333333333333334,0.0,1.0,1.0,0.0984042553191489,0.0,False,True,False,elementary,elementary,no last_reported_type; inferred_grade_type=elementary (name: elementary)
BIRCH RIVER ELEMENTARY SCHOOL,Elementary,elementary,91.625,10.5,12.3125,13.25,13.125,14.3125,14.25,13.875,0.0,0.0,0.0,0.0,0.0,0.0,0.0,91.625,91.625,13.875,0.0,1.0,1.0,0.1514324693042291,0.0,False,True,False,elementary,elementary,last_reported=Elementary
CHERRY RIVER ELEMENTARY SCHOOL,Elementary,elementary,201.0,20.375,30.375,30.125,29.6875,29.625,30.3125,30.5,0.0,0.0,0.0,0.0,0.0,0.0,0.0,201.0,201.0,30.5,0.0,1.0,1.0,0.1517412935323383,0.0,False,True,False,elementary,elementary,last_reported=Elementary
CRAIGSVILLE ELEMENTARY SCHOOL,,elementary,254.33333333333331,22.33333333333333,39.66666666666666,36.333333333333336,40.0,37.333333333333336,39.0,39.66666666666666,0.0,0.0,0.0,0.0,0.0,0.0,0.0,254.3333333333333,254.3333333333333,39.66666666666666,0.0,1.0,1.0,0.1559633027522935,0.0,False,True,False,elementary,elementary,no last_reported_type; inferred_grade_type=elementary (name: elementary)
DIXIE ELEMENTARY SCHOOL,,elementary,70.0,4.833333333333333,9.5,11.333333333333334,10.833333333333334,9.833333333333334,11.0,12.666666666666666,0.0,0.0,0.0,0.0,0.0,0.0,0.0,70.0,70.0,12.666666666666666,0.0,1.0,1.0,0.1809523809523809,0.0,False,True,False,elementary,elementary,no last_reported_type; inferred_grade_type=elementary (name: elementary)
GLADE CREEK ELEMENTARY SCHOOL,Elementary,elementary,149.625,17.125,21.125,21.1875,22.0,22.25,22.9375,23.0,0.0,0.0,0.0,0.0,0.0,0.0,0.0,149.625,149.625,23.0,0.0,1.0,1.0,0.1537176274018379,0.0,False,True,False,elementary,elementary,last_reported=Elementary
GAULEY RIVER ELEMENTARY SCHOOL,Elementary,elementary,340.53846153846155,34.46153846153846,50.92307692307692,50.0,52.0,51.76923076923077,49.46153846153846,51.92307692307692,0.0,0.0,0.0,0.0,0.0,0.0,0.0,340.53846153846155,340.53846153846155,51.92307692307692,0.0,1.0,1.0,0.1524734583239213,0.0,False,True,False,elementary,elementary,last_reported=Elementary
MOUNT LOOKOUT ELEMENTARY SCHOOL,Elementary,elementary,134.75,18.625,19.6875,18.5625,19.3125,20.0625,19.4375,19.0625,0.0,0.0,0.0,0.0,0.0,0.0,0.0,134.75,134.75,19.0625,0.0,1.0,1.0,0.1414656771799629,0.0,False,True,False,elementary,elementary,last_reported=Elementary
MOUNT NEBO ELEMENTARY SCHOOL,Elementary,elementary,105.0625,0.6875,18.0625,17.1875,17.4375,17.0625,17.5,17.125,0.0,0.0,0.0,0.0,0.0,0.0,0.0,105.0625,105.0625,17.125,0.0,1.0,1.0,0.1629982153480071,0.0,False,True,False,elementary,elementary,last_reported=Elementary
SUMMERSVILLE ELEMENTARY SCHOOL,Elementary,elementary,385.25,58.625,56.875,56.0,52.9375,53.4375,53.4375,53.9375,0.0,0.0,0.0,0.0,0.0,0.0,0.0,385.25,385.25,53.9375,0.0,1.0,1.0,0.1400064892926671,0.0,False,True,False,elementary,elementary,last_reported=Elementary
ZELA ELEMENTARY SCHOOL,Elementary,elementary,91.625,0.6875,14.75,14.9375,15.1875,15.4375,15.0625,15.5625,0.0,0.0,0.0,0.0,0.0,0.0,0.0,91.625,91.625,15.5625,0.0,1.0,1.0,0.169849931787176,0.0,False,True,False,elementary,elementary,last_reported=Elementary
PANTHER CREEK ELEMENTARY SCHOOL,Elementary,elementary,250.875,27.625,38.125,37.8125,37.875,37.6875,36.25,35.5,0.0,0.0,0.0,0.0,0.0,0.0,0.0,250.875,250.875,35.5,0.0,1.0,1.0,0.1415047334329845,0.0,False,True,False,elementary,elementary,last_reported=Elementary
RICHWOOD MIDDLE SCHOOL,Middle,middle,259.5625,0.0,0.0,0.0,0.0,0.0,0.0,0.0,86.0,87.0,86.5625,0.0,0.0,0.0,0.0,86.0,259.5625,259.5625,0.0,0.3313267517457259,1.0,1.0,0.0,True,False,False,middle,middle,last_reported=Middle
SUMMERSVILLE MIDDLE SCHOOL,Middle,middle,547.5625,0.0,0.0,0.0,0.0,0.0,0.0,0.0,179.0625,182.375,186.125,0.0,0.0,0.0,0.0,179.0625,547.5625,547.5625,0.0,0.3270174637598447,1.0,1.0,0.0,True,False,False,middle,middle,last_reported=Middle
NICHOLAS COUNTY HIGH SCHOOL,Secondary,high,711.1875,0.0,0.0,0.0,0.0,0.0,0.0,0.0,0.0,0.0,0.0625,185.625,182.5,175.1875,167.8125,0.0,0.0625,0.0625,711.125,0.0,8.788118463836892e-05,8.788118463836892e-05,0.9999121188153616,False,False,True,high,high,last_reported=Secondary
RICHWOOD HIGH SCHOOL,Secondary,high,362.375,0.0,0.0,0.0,0.0,0.0,0.0,0.0,0.0,0.0,0.0,89.625,91.875,90.9375,89.9375,0.0,0.0,0.0,362.375,0.0,0.0,0.0,1.0,False,False,True,high,high,last_reported=Secondary
NICHOLAS COUNTY CAREER/TECHNICAL CENTER,,,1.0,0.0,0.0,0.0,0.0,0.0,0.0,0.0,0.0,0.0,0.0,0.0,0.0,0.0,1.0,0.0,0.0,0.0,1.0,0.0,0.0,0.0,1.0,False,False,True,high,high,no last_reported_type; inferred_grade_type=high (name: nan)
BETHLEHEM ELEMENTARY SCHOOL,Elementary,elementary,125.3125,12.3125,19.5625,18.625,19.1875,19.25,18.5625,17.8125,0.0,0.0,0.0,0.0,0.0,0.0,0.0,125.3125,125.3125,17.8125,0.0,1.0,1.0,0.14214463840399,0.0,False,True,False,elementary,elementary,last_reported=Elementary
ELM GROVE ELEMENTARY SCHOOL,Elementary,elementary,364.375,35.3125,57.8125,55.0625,56.6875,54.25,53.0625,52.1875,0.0,0.0,0.0,0.0,0.0,0.0,0.0,364.375,364.375,52.1875,0.0,1.0,1.0,0.1432246998284734,0.0,False,True,False,elementary,elementary,last_reported=Elementary
MADISON ELEMENTARY SCHOOL,Elementary,elementary,265.1875,48.625,44.6875,37.0,38.375,32.875,32.3125,31.3125,0.0,0.0,0.0,0.0,0.0,0.0,0.0,265.1875,265.1875,31.3125,0.0,1.0,1.0,0.1180768324298845,0.0,False,True,False,elementary,elementary,last_reported=Elementary
MIDDLE CREEK ELEMENTARY SCHOOL,Elementary,elementary + middle,289.0,27.5625,48.9375,41.0,42.875,43.25,43.125,42.25,0.0,0.0,0.0,0.0,0.0,0.0,0.0,289.0,289.0,42.25,0.0,1.0,1.0,0.1461937716262975,0.0,False,True,False,elementary,elementary,last_reported=Elementary; inferred_type=elementary + middle (name-based) overridden — grade data confirms elementary
RITCHIE ELEMENTARY SCHOOL,Elementary,elementary,295.625,29.125,44.5625,43.6875,42.6875,46.125,45.625,43.8125,0.0,0.0,0.0,0.0,0.0,0.0,0.0,295.625,295.625,43.8125,0.0,1.0,1.0,0.1482029598308668,0.0,False,True,False,elementary,elementary,last_reported=Elementary
STEENROD ELEMENTARY SCHOOL,Elementary,elementary,287.5625,31.4375,38.4375,41.5625,41.875,42.8125,45.1875,46.25,0.0,0.0,0.0,0.0,0.0,0.0,0.0,287.5625,287.5625,46.25,0.0,1.0,1.0,0.1608346011736579,0.0,False,True,False,elementary,elementary,last_reported=Elementary
WEST LIBERTY ELEMENTARY SCHOOL,Elementary,elementary,116.4375,8.625,18.3125,18.3125,18.125,17.8125,17.5,17.75,0.0,0.0,0.0,0.0,0.0,0.0,0.0,116.4375,116.4375,17.75,0.0,1.0,1.0,0.1524422973698336,0.0,False,True,False,elementary,elementary,last_reported=Elementary
WOODSDALE ELEMENTARY SCHOOL,Elementary,elementary,444.5625,57.0,65.75,64.625,63.625,64.625,64.25,64.6875,0.0,0.0,0.0,0.0,0.0,0.0,0.0,444.5625,444.5625,64.6875,0.0,1.0,1.0,0.1455082243778996,0.0,False,True,False,elementary,elementary,last_reported=Elementary
WARWOOD ELEMENTARY SCHOOL,Elementary,elementary,292.0,29.0,39.5,42.0,44.5,46.0,48.0,43.0,0.0,0.0,0.0,0.0,0.0,0.0,0.0,292.0,292.0,43.0,0.0,1.0,1.0,0.1472602739726027,0.0,False,True,False,elementary,elementary,last_reported=Elementary
BRIDGE STREET MIDDLE SCHOOL,Middle,middle,304.25,0.0,0.0,0.0,0.0,0.0,0.0,0.0,99.3125,101.5,103.4375,0.0,0.0,0.0,0.0,99.3125,304.25,304.25,0.0,0.326417419884963,1.0,1.0,0.0,True,False,False,middle,middle,last_reported=Middle
TRIADELPHIA MIDDLE SCHOOL,Middle,middle,416.1875,0.0,0.0,0.0,0.0,0.0,0.0,0.0,136.6875,138.6875,140.8125,0.0,0.0,0.0,0.0,136.6875,416.1875,416.1875,0.0,0.3284276918456225,1.0,1.0,0.0,True,False,False,middle,middle,last_reported=Middle
WARWOOD SCHOOL,Middle,,550.7142857142857,39.71428571428572,53.642857142857146,46.92857142857143,46.71428571428572,47.642857142857146,48.71428571428572,49.785714285714285,70.07142857142857,74.07142857142857,73.42857142857143,0.0,0.0,0.0,0.0,403.2142857142857,550.7142857142858,267.35714285714283,0.0,0.7321660181582361,1.0000000000000002,0.485473411154345,0.0,True,True,False,elementary_middle,elementary_middle,last_reported=Middle but inferred_grade_type=elementary_middle; corrected to elementary_middle
WHEELING MIDDLE SCHOOL,Middle,middle,189.1875,0.0,0.0,0.0,0.0,0.0,0.0,0.0,63.9375,63.0625,62.1875,0.0,0.0,0.0,0.0,63.9375,189.1875,189.1875,0.0,0.3379583746283449,1.0,1.0,0.0,True,False,False,middle,middle,last_reported=Middle
WARWOOD MIDDLE SCHOOL,Middle,middle,181.0,0.0,0.0,0.0,0.0,0.0,0.0,0.0,58.0,60.0,63.0,0.0,0.0,0.0,0.0,58.0,181.0,181.0,0.0,0.3204419889502762,1.0,1.0,0.0,True,False,False,middle,middle,last_reported=Middle
WHEELING PARK HIGH SCHOOL,Secondary,high,1535.75,0.0,0.0,0.0,0.0,0.0,0.0,0.0,0.0,0.0,0.0,395.375,388.5625,381.8125,370.0,0.0,0.0,0.0,1535.75,0.0,0.0,0.0,1.0,False,False,True,high,high,last_reported=Secondary
BRANDYWINE ELEMENTARY SCHOOL,Elementary,elementary,116.0625,13.25,15.8125,14.625,14.3125,14.875,14.3125,14.3125,14.5625,0.0,0.0,0.0,0.0,0.0,0.0,116.0625,116.0625,28.875,0.0,1.0,1.0,0.2487883683360258,0.0,False,True,False,elementary,elementary,last_reported=Elementary
FRANKLIN ELEMENTARY SCHOOL,Elementary,elementary,290.5625,35.875,34.125,35.875,36.125,35.6875,36.375,37.375,39.125,0.0,0.0,0.0,0.0,0.0,0.0,290.5625,290.5625,76.5,0.0,1.0,1.0,0.2632824263282426,0.0,False,True,False,elementary,elementary,last_reported=Elementary
NORTH FORK ELEMENTARY SCHOOL,Elementary,elementary,107.0625,11.0625,13.875,13.875,13.5625,14.1875,13.625,13.5625,13.3125,0.0,0.0,0.0,0.0,0.0,0.0,107.0625,107.0625,26.875,0.0,1.0,1.0,0.2510215995329831,0.0,False,True,False,elementary,elementary,last_reported=Elementary
PENDLETON COUNTY MIDDLE/HIGH SCHOOL,Secondary,high,412.25,0.0,0.0,0.0,0.0,0.0,0.0,0.0,0.0,67.875,68.9375,70.6875,70.0625,68.0625,66.625,0.0,136.8125,136.8125,275.4375,0.0,0.3318677986658581,0.3318677986658581,0.6681322013341419,True,False,True,high,high,last_reported=Secondary
BELMONT ELEMENTARY,Elementary,elementary,213.625,33.4375,37.125,37.1875,34.8125,34.4375,36.625,0.0,0.0,0.0,0.0,0.0,0.0,0.0,0.0,213.625,213.625,0.0,0.0,1.0,1.0,0.0,0.0,False,True,False,elementary,elementary,last_reported=Elementary
SAINT MARYS ELEMENTARY SCHOOL,Elementary,elementary,240.6875,36.0625,39.75,42.0,40.875,41.25,40.75,0.0,0.0,0.0,0.0,0.0,0.0,0.0,0.0,240.6875,240.6875,0.0,0.0,1.0,1.0,0.0,0.0,False,True,False,elementary,elementary,last_reported=Elementary
PLEASANTS COUNTY MIDDLE SCHOOL,Middle,middle,323.9375,0.0,0.0,0.0,0.0,0.0,0.0,78.375,80.125,82.25,83.1875,0.0,0.0,0.0,0.0,158.5,323.9375,323.9375,0.0,0.4892919158788346,1.0,1.0,0.0,True,False,False,middle,middle,last_reported=Middle
SAINT MARYS HIGH SCHOOL,Secondary,high,356.75,0.0,0.0,0.0,0.0,0.0,0.0,0.0,0.0,0.0,0.0,90.75,88.1875,87.0625,90.75,0.0,0.0,0.0,356.75,0.0,0.0,0.0,1.0,False,False,True,high,high,last_reported=Secondary
HILLSBORO ELEMENTARY SCHOOL,Elementary,elementary,84.125,11.0625,11.8125,11.5625,12.0625,13.5,12.8125,11.3125,0.0,0.0,0.0,0.0,0.0,0.0,0.0,84.125,84.125,11.3125,0.0,1.0,1.0,0.1344725111441307,0.0,False,True,False,elementary,elementary,last_reported=Elementary
GREEN BANK ELEMENTARY-MIDDLE SCHOOL,Middle,elementary + middle,241.875,17.8125,24.5625,25.0625,23.6875,24.0625,24.875,24.6875,25.125,26.25,25.75,0.0,0.0,0.0,0.0,189.875,241.875,101.8125,0.0,0.7850129198966408,1.0,0.4209302325581395,0.0,True,True,False,elementary_middle,elementary_middle,last_reported=Middle but inferred_grade_type=elementary_middle; corrected to elementary_middle
MARLINTON ELEMENTARY SCHOOL,Elementary,elementary,225.4375,28.0625,33.875,34.375,34.25,34.3125,35.25,25.3125,0.0,0.0,0.0,0.0,0.0,0.0,0.0,225.4375,225.4375,25.3125,0.0,1.0,1.0,0.1122816745217632,0.0,False,True,False,elementary,elementary,last_reported=Elementary
MARLINTON MIDDLE SCHOOL,Middle,middle,157.125,0.0,0.0,0.0,0.0,0.0,0.0,11.5,48.4375,48.8125,48.375,0.0,0.0,0.0,0.0,59.9375,157.125,157.125,0.0,0.3814638027048528,1.0,1.0,0.0,True,False,False,middle,middle,last_reported=Middle
POCAHONTAS COUNTY HIGH SCHOOL,Secondary,high,306.375,0.0,0.0,0.0,0.0,0.0,0.0,0.0,0.0,0.0,0.0,81.3125,77.625,76.375,71.0625,0.0,0.0,0.0,306.375,0.0,0.0,0.0,1.0,False,False,True,high,high,last_reported=Secondary
AURORA ELEMENTARY,Middle,elementary,152.75,14.875,19.3125,16.6875,16.25,15.5,15.75,15.5625,14.625,12.375,11.8125,0.0,0.0,0.0,0.0,128.5625,152.75,54.375,0.0,0.8416530278232406,1.0,0.3559738134206219,0.0,True,True,False,elementary_middle,elementary_middle,last_reported=Middle but inferred_grade_type=elementary_middle; corrected to elementary_middle
ROWLESBURG SCHOOL,Middle,,96.06666666666666,2.933333333333333,8.066666666666666,9.266666666666667,9.733333333333333,10.266666666666667,10.333333333333334,11.533333333333331,11.666666666666666,10.8,11.466666666666669,0.0,0.0,0.0,0.0,73.8,96.06666666666666,45.46666666666667,0.0,0.7682165163081194,1.0,0.4732824427480916,0.0,True,True,False,elementary_middle,elementary_middle,last_reported=Middle but inferred_grade_type=elementary_middle; corrected to elementary_middle
BRUCETON SCHOOL,Middle,,607.9375,54.375,63.25,63.5625,64.875,63.0625,63.1875,60.4375,59.5,58.9375,56.75,0.0,0.0,0.0,0.0,492.25,607.9375,235.625,0.0,0.8097049449984579,1.0,0.3875809602138377,0.0,True,True,False,elementary_middle,elementary_middle,last_reported=Middle but inferred_grade_type=elementary_middle; corrected to elementary_middle
TERRA ALTA/EAST PRESTON,Middle,,361.75,26.25,37.0,37.5625,37.375,37.6875,36.8125,36.625,35.125,37.6875,39.625,0.0,0.0,0.0,0.0,284.4375,361.75,149.0625,0.0,0.7862819626814098,1.0,0.4120594333102971,0.0,True,True,False,elementary_middle,elementary_middle,last_reported=Middle but inferred_grade_type=elementary_middle; corrected to elementary_middle
SOUTH PRESTON SCHOOL,Middle,,353.25,25.25,30.916666666666668,31.58333333333333,31.58333333333333,31.0,32.583333333333336,34.416666666666664,46.16666666666666,46.0,43.75,0.0,0.0,0.0,0.0,263.5,353.25,170.33333333333331,0.0,0.745930644019816,1.0,0.4821891955649917,0.0,True,True,False,elementary_middle,elementary_middle,last_reported=Middle but inferred_grade_type=elementary_middle; corrected to elementary_middle
WEST PRESTON SCHOOL,Middle,,678.8,52.4,67.1,66.8,69.7,69.1,69.7,70.2,70.3,71.9,71.6,0.0,0.0,0.0,0.0,535.3,678.8,284.0,0.0,0.7885975250441957,1.0,0.4183853859752505,0.0,True,True,False,elementary_middle,elementary_middle,last_reported=Middle but inferred_grade_type=elementary_middle; corrected to elementary_middle
FELLOWSVILLE ELEMENTARY,Elementary,elementary,98.46666666666668,9.733333333333333,15.133333333333333,14.466666666666669,14.733333333333333,15.466666666666669,15.066666666666666,13.866666666666667,0.0,0.0,0.0,0.0,0.0,0.0,0.0,98.46666666666668,98.46666666666668,13.866666666666667,0.0,1.0,1.0,0.1408259986459038,0.0,False,True,False,elementary,elementary,last_reported=Elementary
KINGWOOD ELEMENTARY,Elementary,elementary,451.125,58.0,74.0,72.125,72.8125,73.1875,75.875,25.125,0.0,0.0,0.0,0.0,0.0,0.0,0.0,451.125,451.125,25.125,0.0,1.0,1.0,0.055694098088113,0.0,False,True,False,elementary,elementary,last_reported=Elementary
TUNNELTON-DENVER ELEMENTARY (CLOSED),,elementary,191.75,6.75,32.5,34.5,30.0,32.25,27.75,28.0,0.0,0.0,0.0,0.0,0.0,0.0,0.0,191.75,191.75,28.0,0.0,1.0,1.0,0.1460234680573663,0.0,False,True,False,elementary,elementary,no last_reported_type; inferred_grade_type=elementary (name: elementary)
VALLEY ELEMENTARY,,elementary,515.6666666666666,60.833333333333336,79.33333333333333,78.33333333333333,75.5,75.33333333333333,72.5,73.83333333333333,0.0,0.0,0.0,0.0,0.0,0.0,0.0,515.6666666666666,515.6666666666666,73.83333333333333,0.0,1.0,1.0,0.143180349062702,0.0,False,True,False,elementary,elementary,no last_reported_type; inferred_grade_type=elementary (name: elementary)
CENTRAL PRESTON MIDDLE SCHOOL,Middle,middle,304.5,0.0,0.0,0.0,0.0,0.0,0.0,52.625,81.25,83.5,87.125,0.0,0.0,0.0,0.0,133.875,304.5,304.5,0.0,0.4396551724137931,1.0,1.0,0.0,True,False,False,middle,middle,last_reported=Middle
SOUTH PRESTON MIDDLE SCHOOL (CLOSED),,middle,143.75,0.0,0.0,0.0,0.0,0.0,0.0,0.0,48.25,47.25,48.25,0.0,0.0,0.0,0.0,48.25,143.75,143.75,0.0,0.3356521739130435,1.0,1.0,0.0,True,False,False,middle,middle,no last_reported_type; inferred_grade_type=middle (name: middle)
WEST PRESTON MIDDLE SCHOOL,,middle,206.83333333333331,0.0,0.0,0.0,0.0,0.0,0.0,0.0,68.5,68.5,69.83333333333333,0.0,0.0,0.0,0.0,68.5,206.8333333333333,206.8333333333333,0.0,0.3311845286059629,1.0,1.0,0.0,True,False,False,middle,middle,no last_reported_type; inferred_grade_type=middle (name: middle)
PRESTON HIGH SCHOOL,Secondary,high,1211.0,0.0,0.0,0.0,0.0,0.0,0.0,0.0,0.0,0.0,0.0625,353.875,303.6875,275.25,278.125,0.0,0.0625,0.0625,1210.9375,0.0,5.1610239471511145e-05,5.1610239471511145e-05,0.9999483897605284,False,False,True,high,high,last_reported=Secondary
ROWLESBURG OPPORTUNITY CENTER,Alternative,alternative,33.0,0.0,0.0,0.0,0.0,0.0,0.0,0.0,1.0,3.0,3.0,4.0,11.0,7.0,4.0,1.0,7.0,7.0,26.0,0.0303030303030303,0.2121212121212121,0.2121212121212121,0.7878787878787878,True,False,True,high,alternative,unchanged: last_reported_type or name-inferred type is Alternative
BUFFALO ELEMENTARY SCHOOL,Elementary,elementary,212.9375,22.9375,31.125,32.0625,31.0,31.1875,32.375,32.25,0.0,0.0,0.0,0.0,0.0,0.0,0.0,212.9375,212.9375,32.25,0.0,1.0,1.0,0.1514528911065453,0.0,False,True,False,elementary,elementary,last_reported=Elementary
CONFIDENCE ELEMENTARY,Elementary,elementary,145.5625,14.5625,21.1875,20.6875,21.375,22.6875,22.75,22.3125,0.0,0.0,0.0,0.0,0.0,0.0,0.0,145.5625,145.5625,22.3125,0.0,1.0,1.0,0.1532846715328467,0.0,False,True,False,elementary,elementary,last_reported=Elementary
CONNER STREET ELEMENTARY,Elementary,elementary,362.4375,30.875,55.4375,54.6875,53.9375,54.25,56.3125,56.9375,0.0,0.0,0.0,0.0,0.0,0.0,0.0,362.4375,362.4375,56.9375,0.0,1.0,1.0,0.1570960510432833,0.0,False,True,False,elementary,elementary,last_reported=Elementary
EASTBROOK ELEMENTARY SCHOOL,Elementary,elementary,271.5,28.375,40.3125,39.6875,39.6875,41.3125,40.5625,41.5625,0.0,0.0,0.0,0.0,0.0,0.0,0.0,271.5,271.5,41.5625,0.0,1.0,1.0,0.1530847145488029,0.0,False,True,False,elementary,elementary,last_reported=Elementary
GEORGE WASHINGTON ELEMENTARY SCHOOL,Elementary,elementary,237.8125,18.125,34.6875,34.75,36.375,37.9375,37.375,38.5625,0.0,0.0,0.0,0.0,0.0,0.0,0.0,237.8125,237.8125,38.5625,0.0,1.0,1.0,0.1621550591327201,0.0,False,True,False,elementary,elementary,last_reported=Elementary
HOMETOWN ELEMENTARY,Elementary,elementary,71.375,9.625,11.625,10.0,9.5625,9.5,10.4375,10.625,0.0,0.0,0.0,0.0,0.0,0.0,0.0,71.375,71.375,10.625,0.0,1.0,1.0,0.148861646234676,0.0,False,True,False,elementary,elementary,last_reported=Elementary
HURRICANE TOWN ELEMENTARY,Elementary,elementary,352.75,37.125,49.25,50.75,52.4375,53.125,54.0625,56.0,0.0,0.0,0.0,0.0,0.0,0.0,0.0,352.75,352.75,56.0,0.0,1.0,1.0,0.1587526576895818,0.0,False,True,False,elementary,elementary,last_reported=Elementary
LAKESIDE ELEMENTARY,Elementary,elementary,227.3125,19.3125,34.0625,32.8125,34.375,35.375,35.125,36.25,0.0,0.0,0.0,0.0,0.0,0.0,0.0,227.3125,227.3125,36.25,0.0,1.0,1.0,0.1594720923838328,0.0,False,True,False,elementary,elementary,last_reported=Elementary
POCA ELEMENTARY,Elementary,elementary,306.1875,23.0625,45.5625,46.1875,45.75,47.875,48.6875,49.0625,0.0,0.0,0.0,0.0,0.0,0.0,0.0,306.1875,306.1875,49.0625,0.0,1.0,1.0,0.1602367830169422,0.0,False,True,False,elementary,elementary,last_reported=Elementary
ROCK BRANCH ELEMENTARY,Elementary,elementary,223.9375,18.0625,35.6875,34.9375,33.5,33.6875,33.5625,34.5,0.0,0.0,0.0,0.0,0.0,0.0,0.0,223.9375,223.9375,34.5,0.0,1.0,1.0,0.1540608428691041,0.0,False,True,False,elementary,elementary,last_reported=Elementary
SCOTT TEAYS ELEMENTARY,Elementary,elementary,457.375,65.375,62.4375,63.375,63.5,66.3125,67.625,68.75,0.0,0.0,0.0,0.0,0.0,0.0,0.0,457.375,457.375,68.75,0.0,1.0,1.0,0.1503142935228204,0.0,False,True,False,elementary,elementary,last_reported=Elementary
WEST TEAYS ELEMENTARY,Elementary,elementary,532.4375,37.0,77.6875,80.75,81.625,83.1875,85.25,86.9375,0.0,0.0,0.0,0.0,0.0,0.0,0.0,532.4375,532.4375,86.9375,0.0,1.0,1.0,0.1632820753609578,0.0,False,True,False,elementary,elementary,last_reported=Elementary
WINFIELD ELEMENTARY,Elementary,elementary,528.25,46.5625,78.0625,77.25,78.8125,79.75,82.3125,85.5,0.0,0.0,0.0,0.0,0.0,0.0,0.0,528.25,528.25,85.5,0.0,1.0,1.0,0.1618551822053951,0.0,False,True,False,elementary,elementary,last_reported=Elementary
MOUNTAIN VIEW ELEMENTARY SCHOOL,Elementary,elementary,453.5,50.4375,69.9375,68.5,67.5625,65.625,66.125,65.3125,0.0,0.0,0.0,0.0,0.0,0.0,0.0,453.5,453.5,65.3125,0.0,1.0,1.0,0.144018743109151,0.0,False,True,False,elementary,elementary,last_reported=Elementary
GEORGE WASHINGTON MIDDLE SCHOOL,Middle,middle,295.8125,0.0,0.0,0.0,0.0,0.0,0.0,0.0,96.75,99.6875,99.375,0.0,0.0,0.0,0.0,96.75,295.8125,295.8125,0.0,0.3270652862877667,1.0,1.0,0.0,True,False,False,middle,middle,last_reported=Middle
HURRICANE MIDDLE,Middle,middle,900.75,0.0,0.0,0.0,0.0,0.0,0.0,0.0,299.8125,299.3125,301.625,0.0,0.0,0.0,0.0,299.8125,900.75,900.75,0.0,0.3328476269775187,1.0,1.0,0.0,True,False,False,middle,middle,last_reported=Middle
POCA MIDDLE SCHOOL,Middle,middle,314.1875,0.0,0.0,0.0,0.0,0.0,0.0,0.0,100.625,105.5625,108.0,0.0,0.0,0.0,0.0,100.625,314.1875,314.1875,0.0,0.3202705390889198,1.0,1.0,0.0,True,False,False,middle,middle,last_reported=Middle
WINFIELD MIDDLE SCHOOL,Middle,middle,608.1875,0.0,0.0,0.0,0.0,0.0,0.0,0.0,199.6875,203.5625,204.9375,0.0,0.0,0.0,0.0,199.6875,608.1875,608.1875,0.0,0.3283321344157846,1.0,1.0,0.0,True,False,False,middle,middle,last_reported=Middle
BUFFALO HIGH SCHOOL,Secondary,high,344.0,0.0,0.0,0.0,0.0,0.0,0.0,0.0,0.0,0.0,0.0,93.4375,87.6875,82.375,80.5,0.0,0.0,0.0,344.0,0.0,0.0,0.0,1.0,False,False,True,high,high,last_reported=Secondary
HURRICANE HIGH SCHOOL,Secondary,high,1213.1875,0.0,0.0,0.0,0.0,0.0,0.0,0.0,0.0,0.0,0.0,329.3125,303.5,283.9375,296.4375,0.0,0.0,0.0,1213.1875,0.0,0.0,0.0,1.0,False,False,True,high,high,last_reported=Secondary
POCA HIGH SCHOOL,Secondary,high,493.0625,0.0,0.0,0.0,0.0,0.0,0.0,0.0,0.0,0.0,0.0,130.5625,127.625,115.5,119.375,0.0,0.0,0.0,493.0625,0.0,0.0,0.0,1.0,False,False,True,high,high,last_reported=Secondary
WINFIELD HIGH SCHOOL,Secondary,high,814.25,0.0,0.0,0.0,0.0,0.0,0.0,0.0,0.0,0.0,0.0,213.625,204.4375,198.625,197.5625,0.0,0.0,0.0,814.25,0.0,0.0,0.0,1.0,False,False,True,high,high,last_reported=Secondary
BRADLEY ELEMENTARY SCHOOL,Elementary,elementary,424.5,69.875,60.0625,60.1875,58.9375,58.0,57.6875,59.75,0.0,0.0,0.0,0.0,0.0,0.0,0.0,424.5,424.5,59.75,0.0,1.0,1.0,0.1407538280329799,0.0,False,True,False,elementary,elementary,last_reported=Elementary
CLEAR FORK DISTRICT ELEMENTARY,Elementary,elementary,133.1875,13.75,18.4375,19.5625,20.1875,20.1875,20.1875,20.875,0.0,0.0,0.0,0.0,0.0,0.0,0.0,133.1875,133.1875,20.875,0.0,1.0,1.0,0.1567339277334584,0.0,False,True,False,elementary,elementary,last_reported=Elementary
COAL CITY ELEMENTARY,Elementary,elementary,324.6875,35.25,46.3125,48.875,47.125,48.25,49.3125,49.5625,0.0,0.0,0.0,0.0,0.0,0.0,0.0,324.6875,324.6875,49.5625,0.0,1.0,1.0,0.1526467757459095,0.0,False,True,False,elementary,elementary,last_reported=Elementary
CRAB ORCHARD ELEMENTARY,,elementary,303.125,22.625,45.375,45.875,47.25,48.875,46.875,46.25,0.0,0.0,0.0,0.0,0.0,0.0,0.0,303.125,303.125,46.25,0.0,1.0,1.0,0.1525773195876288,0.0,False,True,False,elementary,elementary,no last_reported_type; inferred_grade_type=elementary (name: elementary)
CRANBERRY-PROSPERITY ELEMENTARY,Elementary,elementary,260.5,35.0,40.0625,38.875,38.1875,36.9375,35.625,35.8125,0.0,0.0,0.0,0.0,0.0,0.0,0.0,260.5,260.5,35.8125,0.0,1.0,1.0,0.1374760076775432,0.0,False,True,False,elementary,elementary,last_reported=Elementary
CRESCENT ELEMENTARY,Elementary,elementary,343.3125,38.625,50.8125,50.3125,49.125,50.0625,52.75,51.625,0.0,0.0,0.0,0.0,0.0,0.0,0.0,343.3125,343.3125,51.625,0.0,1.0,1.0,0.1503732022574185,0.0,False,True,False,elementary,elementary,last_reported=Elementary
DANIELS ELEMENTARY,Elementary,elementary,596.25,55.875,85.875,89.3125,89.1875,92.1875,91.4375,92.3125,0.0625,0.0,0.0,0.0,0.0,0.0,0.0,596.25,596.25,92.375,0.0,1.0,1.0,0.1549266247379455,0.0,False,True,False,elementary,elementary,last_reported=Elementary
FAIRDALE ELEMENTARY SCHOOL,Elementary,elementary,450.25,45.0,66.125,67.0,66.5625,67.1875,67.75,70.625,0.0,0.0,0.0,0.0,0.0,0.0,0.0,450.25,450.25,70.625,0.0,1.0,1.0,0.1568573014991671,0.0,False,True,False,elementary,elementary,last_reported=Elementary
GHENT ELEMENTARY,Elementary,elementary,221.5625,26.0,32.0,32.5,33.5625,32.25,32.5625,32.6875,0.0,0.0,0.0,0.0,0.0,0.0,0.0,221.5625,221.5625,32.6875,0.0,1.0,1.0,0.1475317348377997,0.0,False,True,False,elementary,elementary,last_reported=Elementary
HOLLYWOOD ELEMENTARY,Elementary,elementary,262.625,28.1875,39.625,39.25,39.125,38.625,38.875,38.9375,0.0,0.0,0.0,0.0,0.0,0.0,0.0,262.625,262.625,38.9375,0.0,1.0,1.0,0.1482627320323655,0.0,False,True,False,elementary,elementary,last_reported=Elementary
LESTER ELEMENTARY,,elementary,153.125,26.5,21.625,21.375,20.5,20.875,21.0,21.25,0.0,0.0,0.0,0.0,0.0,0.0,0.0,153.125,153.125,21.25,0.0,1.0,1.0,0.1387755102040816,0.0,False,True,False,elementary,elementary,no last_reported_type; inferred_grade_type=elementary (name: elementary)
MABSCOTT ELEMENTARY,Elementary,elementary,246.0,22.875,40.0625,38.625,36.4375,37.1875,34.4375,36.375,0.0,0.0,0.0,0.0,0.0,0.0,0.0,246.0,246.0,36.375,0.0,1.0,1.0,0.1478658536585365,0.0,False,True,False,elementary,elementary,last_reported=Elementary
MAXWELL HILL ELEMENTARY,Elementary,elementary,247.4375,29.3125,37.5,37.375,37.125,35.875,34.8125,35.4375,0.0,0.0,0.0,0.0,0.0,0.0,0.0,247.4375,247.4375,35.4375,0.0,1.0,1.0,0.1432179843394796,0.0,False,True,False,elementary,elementary,last_reported=Elementary
RIDGEVIEW ELEMENTARY,Elementary,elementary,457.375,46.875,69.5,67.25,66.625,68.875,70.5,67.75,0.0,0.0,0.0,0.0,0.0,0.0,0.0,457.375,457.375,67.75,0.0,1.0,1.0,0.1481279037988521,0.0,False,True,False,elementary,elementary,last_reported=Elementary
STANAFORD ELEMENTARY,Elementary,elementary,274.875,25.1875,39.4375,41.25,42.25,42.5,42.75,41.5,0.0,0.0,0.0,0.0,0.0,0.0,0.0,274.875,274.875,41.5,0.0,1.0,1.0,0.1509777171441564,0.0,False,True,False,elementary,elementary,last_reported=Elementary
SHADY SPRING ELEMENTARY,Elementary,elementary,500.125,48.125,69.4375,71.25,72.75,75.8125,79.75,83.0,0.0,0.0,0.0,0.0,0.0,0.0,0.0,500.125,500.125,83.0,0.0,1.0,1.0,0.1659585103724069,0.0,False,True,False,elementary,elementary,last_reported=Elementary
SOPHIA-SOAK CREEK ELEMENTARY,,elementary,310.375,44.625,49.375,45.25,44.375,43.125,41.25,42.375,0.0,0.0,0.0,0.0,0.0,0.0,0.0,310.375,310.375,42.375,0.0,1.0,1.0,0.1365283930728957,0.0,False,True,False,elementary,elementary,no last_reported_type; inferred_grade_type=elementary (name: elementary)
MARSH FORK ELEMENTARY,Elementary,elementary,205.5,24.5625,30.8125,30.6875,29.5,29.5,30.375,30.0625,0.0,0.0,0.0,0.0,0.0,0.0,0.0,205.5,205.5,30.0625,0.0,1.0,1.0,0.1462895377128953,0.0,False,True,False,elementary,elementary,last_reported=Elementary
STRATTON ELEMENTARY,Elementary,elementary,270.6875,50.3125,37.9375,39.0,36.5,36.375,35.75,34.8125,0.0,0.0,0.0,0.0,0.0,0.0,0.0,270.6875,270.6875,34.8125,0.0,1.0,1.0,0.1286077118448395,0.0,False,True,False,elementary,elementary,last_reported=Elementary
BECKLEY ELEMENTARY,Elementary,elementary,363.375,44.875,53.5625,52.375,52.9375,53.4375,53.3125,52.875,0.0,0.0,0.0,0.0,0.0,0.0,0.0,363.375,363.375,52.875,0.0,1.0,1.0,0.1455108359133126,0.0,False,True,False,elementary,elementary,last_reported=Elementary
TRAP HILL MIDDLE,Middle,middle,401.5,0.0,0.0,0.0,0.0,0.0,0.0,0.0,131.125,134.5625,135.75,0.0,0.0,0.0625,0.0,131.125,401.4375,401.4375,0.0625,0.3265877957658779,0.9998443337484434,0.9998443337484434,0.0001556662515566,True,False,True,other,middle,last_reported=Middle; inferred_grade_type=other (negligible cross-grade enrolment); kept middle
PARK JUNIOR HIGH,Middle,high,408.125,0.0,0.0,0.0,0.0,0.0,0.0,0.0,139.0625,137.0,132.0625,0.0,0.0,0.0,0.0,139.0625,408.125,408.125,0.0,0.3407350689127105,1.0,1.0,0.0,True,False,False,middle,middle,last_reported=Middle; inferred_type=high (junior-high naming) overridden — inferred_grade_type=middle confirms no Gr 9-12 grades
SHADY SPRING MIDDLE SCHOOL,Middle,middle,646.125,0.0,0.0,0.0,0.0,0.0,0.0,0.0,215.0,215.9375,215.1875,0.0,0.0,0.0,0.0,215.0,646.125,646.125,0.0,0.3327529502805185,1.0,1.0,0.0,True,False,False,middle,middle,last_reported=Middle
INDEPENDENCE MIDDLE SCHOOL,Middle,middle,465.6875,0.0,0.0,0.0,0.0,0.0,0.0,0.0,154.25,156.0625,155.375,0.0,0.0,0.0,0.0,154.25,465.6875,465.6875,0.0,0.3312307072876124,1.0,1.0,0.0,True,False,False,middle,middle,last_reported=Middle
BECKLEY-STRATTON MIDDLE SCHOOL,Middle,middle,660.1875,0.0,0.0,0.0,0.0,0.0,0.0,0.0,219.0,219.3125,221.875,0.0,0.0,0.0,0.0,219.0,660.1875,660.1875,0.0,0.3317239420619142,1.0,1.0,0.0,True,False,False,middle,middle,last_reported=Middle
INDEPENDENCE HIGH SCHOOL,Secondary,high,612.75,0.0,0.0,0.0,0.0,0.0,0.0,0.0,0.0,0.0,0.0,176.5,154.875,143.1875,138.1875,0.0,0.0,0.0,612.75,0.0,0.0,0.0,1.0,False,False,True,high,high,last_reported=Secondary
LIBERTY HIGH,Secondary,high,523.4375,0.0,0.0,0.0,0.0,0.0,0.0,0.0,0.0,0.0,0.0,147.1875,133.5625,124.875,117.8125,0.0,0.0,0.0,523.4375,0.0,0.0,0.0,1.0,False,False,True,high,high,last_reported=Secondary
SHADY SPRING HIGH,Secondary,high,801.6875,0.0,0.0,0.0,0.0,0.0,0.0,0.0,0.0,0.0,0.0,223.8125,205.375,191.375,181.125,0.0,0.0,0.0,801.6875,0.0,0.0,0.0,1.0,False,False,True,high,high,last_reported=Secondary
WOODROW WILSON HIGH SCHOOL,Secondary,high,1320.6875,0.0,0.0,0.0,0.0,0.0,0.0,0.0,0.0,0.0,0.0,388.0,338.8125,309.0625,284.8125,0.0,0.0,0.0,1320.6875,0.0,0.0,0.0,1.0,False,False,True,high,high,last_reported=Secondary
COALTON ELEMENTARY SCHOOL,Elementary,elementary,153.875,16.3125,23.3125,22.4375,23.6875,23.0,22.375,22.75,0.0,0.0,0.0,0.0,0.0,0.0,0.0,153.875,153.875,22.75,0.0,1.0,1.0,0.1478472786352559,0.0,False,True,False,elementary,elementary,last_reported=Elementary
HARMAN ELEMENTARY/HIGH SCHOOL,Secondary,high,151.1875,8.0,10.1875,10.9375,10.6875,11.0,11.5625,11.3125,11.4375,11.0,11.1875,11.5,11.125,10.8125,10.4375,85.125,107.3125,44.9375,43.875,0.5630425795783381,0.7097974369574204,0.2972302604381976,0.2902025630425796,True,True,True,other,high,"last_reported=Secondary; inferred_grade_type=other — complex multi-span grade distribution (e.g. elem/high combo or regional school), but official Secondary classification retained"
PICKENS ELEMENTARY/HIGH SCHOOL,Secondary,high,34.6875,0.4375,2.375,2.75,2.5,2.8125,3.0,3.3125,2.6875,2.75,2.625,2.4375,2.5625,2.25,2.1875,19.875,25.25,11.375,9.4375,0.572972972972973,0.7279279279279279,0.3279279279279279,0.272072072072072,True,True,True,other,high,"last_reported=Secondary; inferred_grade_type=other — complex multi-span grade distribution (e.g. elem/high combo or regional school), but official Secondary classification retained"
BEVERLY ELEMENTARY SCHOOL,Elementary,elementary,241.5625,24.375,39.3125,38.25,37.4375,35.6875,33.4375,33.0625,0.0,0.0,0.0,0.0,0.0,0.0,0.0,241.5625,241.5625,33.0625,0.0,1.0,1.0,0.136869340232859,0.0,False,True,False,elementary,elementary,last_reported=Elementary
JENNINGS RANDOLPH ELEMENTARY SCHOOL,Elementary,elementary,261.0,22.125,42.625,40.3125,38.8125,39.625,39.1875,38.3125,0.0,0.0,0.0,0.0,0.0,0.0,0.0,261.0,261.0,38.3125,0.0,1.0,1.0,0.1467911877394636,0.0,False,True,False,elementary,elementary,last_reported=Elementary
ELKINS THIRD WARD ELEMENTARY SCHOOL,Elementary,elementary,313.75,31.9375,48.1875,50.125,48.1875,45.375,45.0625,44.875,0.0,0.0,0.0,0.0,0.0,0.0,0.0,313.75,313.75,44.875,0.0,1.0,1.0,0.1430278884462151,0.0,False,True,False,elementary,elementary,last_reported=Elementary
GEORGE WARD ELEMENTARY SCHOOL,Elementary,elementary,310.3125,38.0625,44.625,45.125,45.625,45.5,44.6875,46.6875,0.0,0.0,0.0,0.0,0.0,0.0,0.0,310.3125,310.3125,46.6875,0.0,1.0,1.0,0.150453172205438,0.0,False,True,False,elementary,elementary,last_reported=Elementary
HOMESTEAD ELEMENTARY SCHOOL,,elementary,124.25,14.25,17.875,17.625,15.625,18.75,20.625,19.5,0.0,0.0,0.0,0.0,0.0,0.0,0.0,124.25,124.25,19.5,0.0,1.0,1.0,0.1569416498993963,0.0,False,True,False,elementary,elementary,no last_reported_type; inferred_grade_type=elementary (name: elementary)
MIDLAND ELEMENTARY SCHOOL,Elementary,elementary,245.4375,28.8125,35.9375,34.5,35.75,35.75,37.1875,37.5,0.0,0.0,0.0,0.0,0.0,0.0,0.0,245.4375,245.4375,37.5,0.0,1.0,1.0,0.1527883880825057,0.0,False,True,False,elementary,elementary,last_reported=Elementary
NORTH ELEMENTARY SCHOOL,Elementary,elementary,241.125,26.6875,34.625,35.3125,35.6875,35.5,35.75,37.5625,0.0,0.0,0.0,0.0,0.0,0.0,0.0,241.125,241.125,37.5625,0.0,1.0,1.0,0.1557801969932607,0.0,False,True,False,elementary,elementary,last_reported=Elementary
VALLEY HEAD ELEMENTARY SCHOOL,,elementary,34.0,0.0,4.714285714285714,6.142857142857143,5.571428571428571,5.428571428571429,5.857142857142857,6.285714285714286,0.0,0.0,0.0,0.0,0.0,0.0,0.0,34.0,34.0,6.285714285714286,0.0,1.0,1.0,0.1848739495798319,0.0,False,True,False,elementary,elementary,no last_reported_type; inferred_grade_type=elementary (name: elementary)
ELKINS MIDDLE SCHOOL,Middle,middle,621.625,0.0,0.0,0.0,0.0,0.0,0.0,0.0,210.125,206.9375,204.5625,0.0,0.0,0.0,0.0,210.125,621.625,621.625,0.0,0.3380253368188216,1.0,1.0,0.0,True,False,False,middle,middle,last_reported=Middle
TYGARTS VALLEY MIDDLE/HIGH SCHOOL,Secondary,high,444.3125,0.0,0.0,0.0,0.0,0.0,0.0,0.0,62.625,64.6875,65.5,66.5625,64.125,60.25,60.5625,62.625,192.8125,192.8125,251.5,0.1409480939653959,0.4339569559713039,0.4339569559713039,0.566043044028696,True,False,True,high,high,last_reported=Secondary
ELKINS HIGH SCHOOL,Secondary,high,800.9375,0.0,0.0,0.0,0.0,0.0,0.0,0.0,0.0,0.0,0.0,213.9375,205.3125,187.9375,193.75,0.0,0.0,0.0,800.9375,0.0,0.0,0.0,1.0,False,False,True,high,high,last_reported=Secondary
RANDOLPH COUNTY ALTERNATIVE CENTER,Alternative,alternative,10.083333333333334,0.0,0.0,0.0,0.0,0.0,0.0,0.0,0.0,0.6666666666666666,1.4166666666666667,1.8333333333333333,1.75,1.6666666666666667,1.0833333333333333,0.0,2.083333333333333,2.083333333333333,6.333333333333333,0.0,0.2066115702479339,0.2066115702479339,0.6280991735537189,True,False,True,high,alternative,unchanged: last_reported_type or name-inferred type is Alternative
RANDOLPH TECHNICAL CENTER,,,2.5,0.0,0.0,0.0,0.0,0.0,0.0,0.0,0.0,0.0,0.0,0.5,0.5,0.5,1.0,0.0,0.0,0.0,2.5,0.0,0.0,0.0,1.0,False,False,True,high,high,no last_reported_type; inferred_grade_type=high (name: nan)
ELLENBORO ELEMENTARY,,elementary,122.875,13.25,17.125,17.625,17.875,18.375,18.875,19.75,0.0,0.0,0.0,0.0,0.0,0.0,0.0,122.875,122.875,19.75,0.0,1.0,1.0,0.1607324516785351,0.0,False,True,False,elementary,elementary,no last_reported_type; inferred_grade_type=elementary (name: elementary)
HARRISVILLE ELEMENTARY,Elementary,elementary,241.375,37.4375,37.6875,37.6875,35.1875,36.1875,37.625,19.5625,0.0,0.0,0.0,0.0,0.0,0.0,0.0,241.375,241.375,19.5625,0.0,1.0,1.0,0.0810460901087519,0.0,False,True,False,elementary,elementary,last_reported=Elementary
CREED COLLINS ELEMENTARY,Elementary,elementary,223.5,32.5625,34.5,33.1875,35.1875,35.25,34.6875,18.125,0.0,0.0,0.0,0.0,0.0,0.0,0.0,223.5,223.5,18.125,0.0,1.0,1.0,0.0810961968680089,0.0,False,True,False,elementary,elementary,last_reported=Elementary
SMITHVILLE ELEMENTARY,Elementary,elementary,100.125,17.1875,16.375,15.0,14.4375,15.1875,14.375,7.5625,0.0,0.0,0.0,0.0,0.0,0.0,0.0,100.125,100.125,7.5625,0.0,1.0,1.0,0.0755305867665418,0.0,False,True,False,elementary,elementary,last_reported=Elementary
RITCHIE COUNTY MIDDLE,Middle,middle,337.25,0.0,0.0,0.0,0.0,0.0,0.0,42.4375,95.9375,99.1875,99.6875,0.0,0.0,0.0,0.0,138.375,337.25,337.25,0.0,0.4103039288361749,1.0,1.0,0.0,True,False,False,middle,middle,last_reported=Middle
RITCHIE COUNTY HIGH SCHOOL,Secondary,high,408.375,0.0,0.0,0.0,0.0,0.0,0.0,0.0,0.0,0.0,0.0,113.0,101.8125,97.5,96.0625,0.0,0.0,0.0,408.375,0.0,0.0,0.0,1.0,False,False,True,high,high,last_reported=Secondary
GEARY ELEMENTARY/MIDDLE SCHOOL,Middle,elementary + middle,270.5,15.75,28.0625,27.8125,27.9375,27.875,27.4375,28.75,28.6875,29.3125,28.875,0.0,0.0,0.0,0.0,212.3125,270.5,115.625,0.0,0.7848890942698706,1.0,0.427449168207024,0.0,True,True,False,elementary_middle,elementary_middle,last_reported=Middle but inferred_grade_type=elementary_middle; corrected to elementary_middle
REEDY ELEMENTARY SCHOOL,,elementary,108.66666666666669,11.0,14.0,14.0,12.833333333333334,14.166666666666666,14.0,14.833333333333334,13.833333333333334,0.0,0.0,0.0,0.0,0.0,0.0,108.66666666666669,108.66666666666669,28.666666666666668,0.0,1.0,1.0,0.263803680981595,0.0,False,True,False,elementary,elementary,no last_reported_type; inferred_grade_type=elementary (name: elementary)
SPENCER ELEMENTARY SCHOOL,Elementary,elementary,490.4375,59.0,88.9375,84.75,83.9375,84.3125,85.875,3.625,0.0,0.0,0.0,0.0,0.0,0.0,0.0,490.4375,490.4375,3.625,0.0,1.0,1.0,0.0073913597553205,0.0,False,True,False,elementary,elementary,last_reported=Elementary
WALTON ELEMENTARY/MIDDLE SCHOOL,Middle,elementary + middle,306.0625,23.1875,30.9375,29.75,30.8125,31.0625,30.9375,32.3125,32.9375,32.9375,31.1875,0.0,0.0,0.0,0.0,241.9375,306.0625,129.375,0.0,0.7904839697774148,1.0,0.4227077802736369,0.0,True,True,False,elementary_middle,elementary_middle,last_reported=Middle but inferred_grade_type=elementary_middle; corrected to elementary_middle
SPENCER MIDDLE SCHOOL,Middle,middle,370.3125,0.0,0.0,0.0,0.0,0.0,0.0,81.9375,91.125,97.5,99.75,0.0,0.0,0.0,0.0,173.0625,370.3125,370.3125,0.0,0.4673417721518987,1.0,1.0,0.0,True,False,False,middle,middle,last_reported=Middle
ROANE COUNTY HIGH,Secondary,high,621.3125,0.0,0.0,0.0,0.0,0.0,0.0,0.0,0.0,0.0,0.0,183.1875,163.3125,139.125,135.6875,0.0,0.0,0.0,621.3125,0.0,0.0,0.0,1.0,False,False,True,high,high,last_reported=Secondary
TALCOTT ELEMENTARY SCHOOL,Elementary,elementary,175.6875,19.9375,26.25,27.125,26.5,26.4375,25.125,24.3125,0.0,0.0,0.0,0.0,0.0,0.0,0.0,175.6875,175.6875,24.3125,0.0,1.0,1.0,0.1383849163998577,0.0,False,True,False,elementary,elementary,last_reported=Elementary
HINTON AREA ELEMENTARY,Elementary,elementary,386.8125,48.625,58.875,59.875,60.125,61.5,62.4375,35.3125,0.0625,0.0,0.0,0.0,0.0,0.0,0.0,386.8125,386.8125,35.375,0.0,1.0,1.0,0.0914525771530134,0.0,False,True,False,elementary,elementary,last_reported=Elementary
JUMPING BRANCH ELEMENTARY SCHOOL,Elementary,elementary,110.1875,13.3125,15.75,16.5,16.375,16.125,16.5625,14.9375,0.625,0.0,0.0,0.0,0.0,0.0,0.0,110.1875,110.1875,15.5625,0.0,1.0,1.0,0.1412365286443562,0.0,False,True,False,elementary,elementary,last_reported=Elementary
SUMMERS MIDDLE SCHOOL,Middle,middle,378.27272727272725,0.0,0.0,0.0,0.0,0.0,0.0,43.54545454545455,112.0,114.27272727272728,108.45454545454544,0.0,0.0,0.0,0.0,155.54545454545456,378.27272727272725,378.27272727272725,0.0,0.4111992309540976,1.0,1.0,0.0,True,False,False,middle,middle,last_reported=Middle
SUMMERS COUNTY HIGH SCHOOL,Secondary,high,423.54545454545456,3.909090909090909,0.0,0.0,0.0,0.0,0.0,0.0,0.0,0.0,0.0,119.8181818181818,108.45454545454544,96.36363636363636,95.0,3.909090909090909,3.909090909090909,0.0,419.6363636363636,0.0092294483794805,0.0092294483794805,0.0,0.9907705516205194,False,True,True,high,high,last_reported=Secondary
6-12 SUMMERS COUNTY COMPREHENSIVE HS,Secondary,high,669.2,0.0,0.0,0.0,0.0,0.0,0.0,0.0,88.4,94.6,100.8,121.2,94.0,88.0,82.2,88.4,283.8,283.8,385.4,0.132098027495517,0.4240884638374178,0.4240884638374178,0.5759115361625821,True,False,True,high,high,last_reported=Secondary
ANNA JARVIS ELEMENTARY SCHOOL,Elementary,elementary,561.5,78.25,96.125,97.0,95.6875,96.4375,98.0,0.0,0.0,0.0,0.0,0.0,0.0,0.0,0.0,561.5,561.5,0.0,0.0,1.0,1.0,0.0,0.0,False,True,False,elementary,elementary,last_reported=Elementary
FLEMINGTON ELEMENTARY SCHOOL,Elementary,elementary,134.875,25.4375,21.8125,21.8125,21.9375,21.875,22.0,0.0,0.0,0.0,0.0,0.0,0.0,0.0,0.0,134.875,134.875,0.0,0.0,1.0,1.0,0.0,0.0,False,True,False,elementary,elementary,last_reported=Elementary
WEST TAYLOR ELEMENTARY SCHOOL,Elementary,elementary,285.1875,26.125,53.0625,52.4375,51.125,51.25,51.1875,0.0,0.0,0.0,0.0,0.0,0.0,0.0,0.0,285.1875,285.1875,0.0,0.0,1.0,1.0,0.0,0.0,False,True,False,elementary,elementary,last_reported=Elementary
TAYLOR COUNTY MIDDLE SCHOOL,Middle,middle,691.9375,0.0,0.0,0.0,0.0,0.0,0.0,172.125,173.6875,174.0625,172.0625,0.0,0.0,0.0,0.0,345.8125,691.9375,691.9375,0.0,0.4997741848071538,1.0,1.0,0.0,True,False,False,middle,middle,last_reported=Middle
GRAFTON HIGH SCHOOL,Secondary,high,650.1875,0.0,0.0,0.0,0.0,0.0,0.0,0.0,0.0,0.0,0.0,181.125,173.625,146.125,149.3125,0.0,0.0,0.0,650.1875,0.0,0.0,0.0,1.0,False,False,True,high,high,last_reported=Secondary
DAVIS THOMAS ELEMENTARY MIDDLE SCHOOL,Middle,elementary + middle,199.875,16.625,19.875,19.0625,19.875,19.625,20.0,20.5,21.0625,21.5,21.75,0.0,0.0,0.0,0.0,156.625,199.875,84.8125,0.0,0.7836147592245153,1.0,0.4243277048155097,0.0,True,True,False,elementary_middle,elementary_middle,last_reported=Middle but inferred_grade_type=elementary_middle; corrected to elementary_middle
TUCKER VALLEY ELEMENTARY MIDDLE SCHOOL,Middle,elementary + middle,484.375,43.75,46.9375,47.875,47.0,48.875,49.0,49.375,49.6875,51.75,50.125,0.0,0.0,0.0,0.0,382.5,484.375,200.9375,0.0,0.7896774193548387,1.0,0.4148387096774193,0.0,True,True,False,elementary_middle,elementary_middle,last_reported=Middle but inferred_grade_type=elementary_middle; corrected to elementary_middle
TUCKER COUNTY HIGH SCHOOL,Secondary,high,303.875,0.0,0.0,0.0,0.0,0.0,0.0,0.0,0.0,0.0,0.0,77.25,77.0,75.1875,74.4375,0.0,0.0,0.0,303.875,0.0,0.0,0.0,1.0,False,False,True,high,high,last_reported=Secondary
ARTHUR I BOREMAN ELEMENTARY SCHOOL,Elementary,elementary,326.5,37.6875,45.5625,48.0,46.75,48.0,49.875,50.625,0.0,0.0,0.0,0.0,0.0,0.0,0.0,326.5,326.5,50.625,0.0,1.0,1.0,0.1550535987748851,0.0,False,True,False,elementary,elementary,last_reported=Elementary
SISTERSVILLE ELEMENTARY SCHOOL,Elementary,elementary,274.4375,35.1875,40.0,39.8125,38.875,40.125,39.625,40.8125,0.0,0.0,0.0,0.0,0.0,0.0,0.0,274.4375,274.4375,40.8125,0.0,1.0,1.0,0.1487132771578228,0.0,False,True,False,elementary,elementary,last_reported=Elementary
TYLER CONSOLIDATED MIDDLE SCHOOL,Middle,middle,293.5625,0.0,0.0,0.0,0.0,0.0,0.0,0.0,96.625,99.1875,97.75,0.0,0.0,0.0,0.0,96.625,293.5625,293.5625,0.0,0.3291462635724931,1.0,1.0,0.0,True,False,False,middle,middle,last_reported=Middle
TYLER CONSOLIDATED HIGH SCHOOL,Secondary,high,387.3125,0.0,0.0,0.0,0.0,0.0,0.0,0.0,0.0,0.0,0.0,101.3125,97.875,94.6875,93.4375,0.0,0.0,0.0,387.3125,0.0,0.0,0.0,1.0,False,False,True,high,high,last_reported=Secondary
BUCKHANNON ACADEMY ELEMENTARY SCHOOL,Elementary,elementary,576.5,78.5,85.4375,84.9375,83.0,81.75,81.875,81.0,0.0,0.0,0.0,0.0,0.0,0.0,0.0,576.5,576.5,81.0,0.0,1.0,1.0,0.1405030355594102,0.0,False,True,False,elementary,elementary,last_reported=Elementary
FRENCH CREEK ELEMENTARY,Elementary,elementary,237.4375,21.8125,34.0625,35.125,35.8125,36.4375,37.375,36.8125,0.0,0.0,0.0,0.0,0.0,0.0,0.0,237.4375,237.4375,36.8125,0.0,1.0,1.0,0.1550408002105817,0.0,False,True,False,elementary,elementary,last_reported=Elementary
HODGESVILLE ELEMENTARY,Elementary,elementary,161.875,25.8125,21.8125,23.0625,23.3125,23.375,22.1875,22.3125,0.0,0.0,0.0,0.0,0.0,0.0,0.0,161.875,161.875,22.3125,0.0,1.0,1.0,0.1378378378378378,0.0,False,True,False,elementary,elementary,last_reported=Elementary
ROCK CAVE ELEMENTARY,Elementary,elementary,132.625,13.75,18.375,19.875,19.8125,20.125,20.5625,20.125,0.0,0.0,0.0,0.0,0.0,0.0,0.0,132.625,132.625,20.125,0.0,1.0,1.0,0.1517436380772855,0.0,False,True,False,elementary,elementary,last_reported=Elementary
TENNERTON ELEMENTARY,Elementary,elementary,301.9375,26.0625,44.0625,44.875,44.625,47.1875,47.8125,47.3125,0.0,0.0,0.0,0.0,0.0,0.0,0.0,301.9375,301.9375,47.3125,0.0,1.0,1.0,0.1566963361622852,0.0,False,True,False,elementary,elementary,last_reported=Elementary
WASHINGTON DISTRICT ELEMENTARY,Elementary,elementary,129.25,13.0,19.375,19.4375,19.625,19.3125,18.875,19.625,0.0,0.0,0.0,0.0,0.0,0.0,0.0,129.25,129.25,19.625,0.0,1.0,1.0,0.1518375241779497,0.0,False,True,False,elementary,elementary,last_reported=Elementary
UNION ELEMENTARY SCHOOL,Elementary,elementary,290.0,19.5625,40.1875,43.8125,44.3125,45.8125,47.5625,48.75,0.0,0.0,0.0,0.0,0.0,0.0,0.0,290.0,290.0,48.75,0.0,1.0,1.0,0.168103448275862,0.0,False,True,False,elementary,elementary,last_reported=Elementary
B-U MIDDLE SCHOOL,Middle,middle,819.625,0.0,0.0,0.0,0.0,0.0,0.0,0.0,272.5,274.3125,272.8125,0.0,0.0,0.0,0.0,272.5,819.625,819.625,0.0,0.332469116974226,1.0,1.0,0.0,True,False,False,middle,middle,last_reported=Middle
BUCKHANNON UPSHUR HIGH SCHOOL,Secondary,high,1079.5,0.375,0.0,0.0,0.0,0.0,0.0,0.0,0.0,0.0,0.0,303.5625,279.4375,254.125,242.0,0.375,0.375,0.0,1079.125,0.0003473830477072,0.0003473830477072,0.0,0.9996526169522928,False,True,True,high,high,last_reported=Secondary
FORT GAY PK-8,Middle,elementary + middle,532.0769230769231,41.92307692307692,55.30769230769231,53.69230769230769,53.0,52.0,52.0,51.07692307692308,57.07692307692308,57.84615384615385,58.15384615384615,0.0,0.0,0.0,0.0,416.0769230769231,532.0769230769231,224.15384615384616,0.0,0.7819864102934798,1.0,0.4212809021251988,0.0,True,True,False,elementary_middle,elementary_middle,last_reported=Middle but inferred_grade_type=elementary_middle; corrected to elementary_middle
CRUM PK-8 SCHOOL,Middle,elementary + middle,249.22222222222223,15.77777777777778,20.88888888888889,21.77777777777778,20.77777777777778,22.666666666666668,23.11111111111111,24.77777777777778,34.111111111111114,33.77777777777778,31.55555555555556,0.0,0.0,0.0,0.0,183.8888888888889,249.22222222222223,124.22222222222224,0.0,0.7378510922871155,1.0,0.4984395898350424,0.0,True,True,False,elementary_middle,elementary_middle,last_reported=Middle but inferred_grade_type=elementary_middle; corrected to elementary_middle
BUFFALO ELEMENTARY SCHOOL,Elementary,elementary,443.3125,57.1875,69.0,65.3125,62.375,61.8125,62.9375,64.6875,0.0,0.0,0.0,0.0,0.0,0.0,0.0,443.3125,443.3125,64.6875,0.0,1.0,1.0,0.1459185112082334,0.0,False,True,False,elementary,elementary,last_reported=Elementary
CEREDO ELEMENTARY SCHOOL,,elementary,214.14285714285717,38.142857142857146,30.571428571428573,28.428571428571427,28.571428571428573,28.285714285714285,30.571428571428573,29.571428571428573,0.0,0.0,0.0,0.0,0.0,0.0,0.0,214.14285714285717,214.14285714285717,29.571428571428573,0.0,1.0,1.0,0.1380920613742495,0.0,False,True,False,elementary,elementary,no last_reported_type; inferred_grade_type=elementary (name: elementary)
CRUM ELEMENTARY SCHOOL,,elementary,211.8571428571429,17.857142857142858,32.857142857142854,32.57142857142857,33.714285714285715,32.285714285714285,30.142857142857142,32.42857142857143,0.0,0.0,0.0,0.0,0.0,0.0,0.0,211.8571428571429,211.8571428571429,32.42857142857143,0.0,1.0,1.0,0.153068105192178,0.0,False,True,False,elementary,elementary,no last_reported_type; inferred_grade_type=elementary (name: elementary)
DUNLOW ELEMENTARY SCHOOL,Elementary,elementary,85.1875,12.5625,12.1875,12.125,11.625,12.1875,12.3125,12.1875,0.0,0.0,0.0,0.0,0.0,0.0,0.0,85.1875,85.1875,12.1875,0.0,1.0,1.0,0.1430667644900953,0.0,False,True,False,elementary,elementary,last_reported=Elementary
FORT GAY ELEMENTARY,,elementary,360.0,32.333333333333336,47.66666666666666,57.0,52.333333333333336,53.0,56.0,61.66666666666666,0.0,0.0,0.0,0.0,0.0,0.0,0.0,360.0,360.0,61.66666666666666,0.0,1.0,1.0,0.1712962962962962,0.0,False,True,False,elementary,elementary,no last_reported_type; inferred_grade_type=elementary (name: elementary)
GENOA ELEMENTARY SCHOOL,Elementary,elementary,71.125,0.125,12.1875,11.5625,11.5625,10.9375,11.8125,12.9375,0.0,0.0,0.0,0.0,0.0,0.0,0.0,71.125,71.125,12.9375,0.0,1.0,1.0,0.1818980667838312,0.0,False,True,False,elementary,elementary,last_reported=Elementary
KELLOGG ELEMENTARY SCHOOL,Elementary,elementary,430.0,36.25,60.6875,63.125,64.625,66.625,68.75,69.9375,0.0,0.0,0.0,0.0,0.0,0.0,0.0,430.0,430.0,69.9375,0.0,1.0,1.0,0.1626453488372093,0.0,False,True,False,elementary,elementary,last_reported=Elementary
KENOVA ELEMENTARY SCHOOL,,elementary,373.8571428571428,57.71428571428572,58.57142857142857,55.85714285714285,53.42857142857143,50.0,50.85714285714285,47.42857142857143,0.0,0.0,0.0,0.0,0.0,0.0,0.0,373.8571428571428,373.8571428571428,47.42857142857143,0.0,1.0,1.0,0.126862820022927,0.0,False,True,False,elementary,elementary,no last_reported_type; inferred_grade_type=elementary (name: elementary)
LAVALETTE ELEMENTARY SCHOOL,Elementary,elementary,257.5625,32.0,39.125,36.625,36.3125,38.25,38.0625,37.1875,0.0,0.0,0.0,0.0,0.0,0.0,0.0,257.5625,257.5625,37.1875,0.0,1.0,1.0,0.1443824314486775,0.0,False,True,False,elementary,elementary,last_reported=Elementary
PRICHARD ELEMENTARY SCHOOL,Elementary,elementary,149.0,16.8125,21.3125,21.6875,22.4375,23.4375,22.25,21.0625,0.0,0.0,0.0,0.0,0.0,0.0,0.0,149.0,149.0,21.0625,0.0,1.0,1.0,0.1413590604026845,0.0,False,True,False,elementary,elementary,last_reported=Elementary
WAYNE ELEMENTARY SCHOOL,Elementary,elementary,539.6875,51.875,80.875,77.8125,79.5625,82.1875,82.0,85.375,0.0,0.0,0.0,0.0,0.0,0.0,0.0,539.6875,539.6875,85.375,0.0,1.0,1.0,0.1581933989577301,0.0,False,True,False,elementary,elementary,last_reported=Elementary
EAST LYNN ELEMENTARY SCHOOL,Elementary,elementary,151.0,17.3125,23.375,22.4375,22.3125,21.875,21.75,21.9375,0.0,0.0,0.0,0.0,0.0,0.0,0.0,151.0,151.0,21.9375,0.0,1.0,1.0,0.1452814569536424,0.0,False,True,False,elementary,elementary,last_reported=Elementary
CEREDO-KENOVA ELEMENTARY,Elementary,elementary,614.7777777777778,97.55555555555556,89.66666666666667,89.55555555555556,85.22222222222223,83.0,83.22222222222223,86.55555555555556,0.0,0.0,0.0,0.0,0.0,0.0,0.0,614.7777777777778,614.7777777777778,86.55555555555556,0.0,1.0,1.0,0.1407916139526477,0.0,False,True,False,elementary,elementary,last_reported=Elementary
BUFFALO MIDDLE SCHOOL,Middle,middle,284.4375,0.0,0.0,0.0,0.0,0.0,0.0,0.0,94.8125,95.5,94.125,0.0,0.0,0.0,0.0,94.8125,284.4375,284.4375,0.0,0.3333333333333333,1.0,1.0,0.0,True,False,False,middle,middle,last_reported=Middle
CEREDO KENOVA MIDDLE SCHOOL,Middle,middle,251.125,0.0,0.0,0.0,0.0,0.0,0.0,0.0,82.0,83.75,85.375,0.0,0.0,0.0,0.0,82.0,251.125,251.125,0.0,0.3265306122448979,1.0,1.0,0.0,True,False,False,middle,middle,last_reported=Middle
CRUM MIDDLE SCHOOL,,middle,116.14285714285714,0.0,0.0,0.0,0.0,0.0,0.0,0.0,39.285714285714285,40.0,36.85714285714285,0.0,0.0,0.0,0.0,39.285714285714285,116.14285714285714,116.14285714285714,0.0,0.3382533825338253,1.0,1.0,0.0,True,False,False,middle,middle,no last_reported_type; inferred_grade_type=middle (name: middle)
FORT GAY MIDDLE SCHOOL,,middle,199.0,0.0,0.0,0.0,0.0,0.0,0.0,0.0,64.66666666666667,69.0,65.33333333333333,0.0,0.0,0.0,0.0,64.66666666666667,199.0,199.0,0.0,0.3249581239530988,1.0,1.0,0.0,True,False,False,middle,middle,no last_reported_type; inferred_grade_type=middle (name: middle)
WAYNE MIDDLE SCHOOL,Middle,middle,470.0625,0.0,0.0,0.0,0.0,0.0,0.0,0.0,153.875,156.875,159.3125,0.0,0.0,0.0,0.0,153.875,470.0625,470.0625,0.0,0.3273500864246775,1.0,1.0,0.0,True,False,False,middle,middle,last_reported=Middle
VINSON MIDDLE SCHOOL,Middle,middle,224.8125,0.0,0.0,0.0,0.0,0.0,0.0,0.0,73.1875,74.375,77.25,0.0,0.0,0.0,0.0,73.1875,224.8125,224.8125,0.0,0.3255490686683347,1.0,1.0,0.0,True,False,False,middle,middle,last_reported=Middle
WAYNE HIGH SCHOOL,Secondary,high,624.4375,0.0,0.0,0.0,0.0,0.0,0.0,0.0,0.0,0.0,0.0,182.75,162.4375,136.8125,142.4375,0.0,0.0,0.0,624.4375,0.0,0.0,0.0,1.0,False,False,True,high,high,last_reported=Secondary
TOLSIA HIGH SCHOOL,Secondary,high,390.1875,0.0,0.0,0.0,0.0,0.0,0.0,0.0,0.0,0.0,0.0,113.1875,98.9375,85.1875,92.875,0.0,0.0,0.0,390.1875,0.0,0.0,0.0,1.0,False,False,True,high,high,last_reported=Secondary
SPRING VALLEY HIGH SCHOOL,Secondary,high,1000.0625,0.0,0.0,0.0,0.0,0.0,0.0,0.0,0.0,0.0,0.0,279.875,249.4375,232.5625,238.1875,0.0,0.0,0.0,1000.0625,0.0,0.0,0.0,1.0,False,False,True,high,high,last_reported=Secondary
DIANA ELEMENTARY SCHOOL,,elementary,79.75,5.5,10.0,8.5,7.75,9.25,7.5,7.75,7.75,7.0,8.75,0.0,0.0,0.0,0.0,64.0,79.75,31.25,0.0,0.8025078369905956,1.0,0.3918495297805642,0.0,True,True,False,elementary_middle,elementary_middle,no last_reported_type; inferred_grade_type=elementary_middle (name: elementary)
GLADE ELEMENTARY SCHOOL,Elementary,elementary,367.625,44.0625,53.1875,50.6875,50.1875,49.0,49.1875,35.375,35.9375,0.0,0.0,0.0,0.0,0.0,0.0,367.625,367.625,71.3125,0.0,1.0,1.0,0.1939816388983339,0.0,False,True,False,elementary,elementary,last_reported=Elementary
HACKER VALLEY ELEMENTARY SCHOOL,Middle,elementary,62.25,6.0625,6.375,7.1875,7.0625,6.25,6.8125,6.5625,6.625,5.0625,4.25,0.0,0.0,0.0,0.0,52.9375,62.25,22.5,0.0,0.8504016064257028,1.0,0.3614457831325301,0.0,True,True,False,elementary_middle,elementary_middle,last_reported=Middle but inferred_grade_type=elementary_middle; corrected to elementary_middle
WEBSTER SPRINGS ELEMENTARY SCHOOL,Elementary,elementary,283.3125,28.625,32.0625,32.1875,32.75,34.125,35.5,35.3125,35.9375,8.5625,8.25,0.0,0.0,0.0,0.0,266.5,283.3125,88.0625,0.0,0.9406574012795058,1.0,0.3108316787999117,0.0,True,True,False,elementary_middle,elementary_middle,last_reported=Elementary but inferred_grade_type=elementary_middle (Gr 7-8 enrolment > 2 % of total); corrected to elementary_middle
GLADE MIDDLE SCHOOL,,middle,218.25,0.0,0.0,0.0,0.0,0.0,0.0,56.5,53.0,54.5,54.25,0.0,0.0,0.0,0.0,109.5,218.25,218.25,0.0,0.5017182130584192,1.0,1.0,0.0,True,False,False,middle,middle,no last_reported_type; inferred_grade_type=middle (name: middle)
WEBSTER COUNTY HIGH SCHOOL,Secondary,high,519.125,0.0,0.0,0.0,0.0,0.0,0.0,0.0,0.0,66.0,68.25,95.1875,97.5625,97.0625,95.0625,0.0,134.25,134.25,384.875,0.0,0.2586082350108355,0.2586082350108355,0.7413917649891645,True,False,True,high,high,last_reported=Secondary
HUNDRED HERITAGE SCHOOL,Middle,,224.0,18.4375,21.125,21.375,22.25,22.625,23.125,22.9375,23.3125,24.0,24.8125,0.0,0.0,0.0,0.0,175.1875,224.0,95.0625,0.0,0.7820870535714286,1.0,0.4243861607142857,0.0,True,True,False,elementary_middle,elementary_middle,last_reported=Middle but inferred_grade_type=elementary_middle; corrected to elementary_middle
NEW MARTINSVILLE SCHOOL,Middle,,845.8125,53.5625,101.9375,90.875,86.3125,83.3125,84.1875,83.5,85.75,87.5625,88.8125,0.0,0.0,0.0,0.0,669.4375,845.8125,345.625,0.0,0.7914726963718318,1.0,0.4086307544520801,0.0,True,True,False,elementary_middle,elementary_middle,last_reported=Middle but inferred_grade_type=elementary_middle; corrected to elementary_middle
PADEN CITY ELEMENTARY SCHOOL,Elementary,elementary,201.4375,15.6875,27.625,28.375,25.1875,26.1875,27.0,25.9375,25.4375,0.0,0.0,0.0,0.0,0.0,0.0,201.4375,201.4375,51.375,0.0,1.0,1.0,0.2550418864412038,0.0,False,True,False,elementary,elementary,last_reported=Elementary
SHORT LINE SCHOOL,Middle,,383.0625,33.875,41.25,38.6875,38.3125,37.75,38.1875,38.25,38.125,38.6875,39.9375,0.0,0.0,0.0,0.0,304.4375,383.0625,155.0,0.0,0.7947462881383586,1.0,0.4046337085984663,0.0,True,True,False,elementary_middle,elementary_middle,last_reported=Middle but inferred_grade_type=elementary_middle; corrected to elementary_middle
WETZEL CO. CTR. FOR CHILDREN & FAMILIES,,,87.2,87.2,0.0,0.0,0.0,0.0,0.0,0.0,0.0,0.0,0.0,0.0,0.0,0.0,0.0,87.2,87.2,0.0,0.0,1.0,1.0,0.0,0.0,False,True,False,elementary,elementary,no last_reported_type; inferred_grade_type=elementary (name: nan)
HUNDRED HIGH SCHOOL,Secondary,high,102.0,0.0,0.0,0.0,0.0,0.0,0.0,0.0,0.0,0.0,0.0,26.133333333333333,25.6,25.6,24.666666666666668,0.0,0.0,0.0,102.0,0.0,0.0,0.0,1.0,False,False,True,high,high,last_reported=Secondary
MAGNOLIA HIGH SCHOOL,Secondary,high,383.3333333333333,0.0,0.0,0.0,0.0,0.0,0.0,0.0,0.0,0.0,0.0,93.26666666666668,94.53333333333332,95.4,100.06666666666666,0.0,0.0,0.0,383.26666666666665,0.0,0.0,0.0,0.9998260869565218,False,False,True,high,high,last_reported=Secondary
PADEN CITY HIGH SCHOOL,Secondary,high,175.66666666666666,0.0,0.0,0.0,0.0,0.0,0.0,0.0,0.0,28.2,29.266666666666666,29.0,29.0,30.266666666666666,29.933333333333334,0.0,57.46666666666667,57.46666666666667,118.2,0.0,0.327134724857685,0.327134724857685,0.6728652751423151,True,False,True,high,high,last_reported=Secondary
VALLEY HIGH SCHOOL,Secondary,high,163.86666666666667,0.0,0.0,0.0,0.0,0.0,0.0,0.0,0.0,0.0,0.0,40.8,40.86666666666667,39.93333333333333,42.266666666666666,0.0,0.0,0.0,163.86666666666667,0.0,0.0,0.0,1.0,False,False,True,high,high,last_reported=Secondary
MAGNOLIA HIGH SCHOOL,Secondary,high,336.0,0.0,0.0,0.0,0.0,0.0,0.0,0.0,0.0,0.0,0.0,94.0,73.0,63.0,106.0,0.0,0.0,0.0,336.0,0.0,0.0,0.0,1.0,False,False,True,high,high,last_reported=Secondary
VALLEY HIGH SCHOOL,Secondary,high,172.0,0.0,0.0,0.0,0.0,0.0,0.0,0.0,0.0,0.0,0.0,55.0,52.0,33.0,32.0,0.0,0.0,0.0,172.0,0.0,0.0,0.0,1.0,False,False,True,high,high,last_reported=Secondary
WIRT COUNTY PRIMARY CENTER,Elementary,elementary,393.25,57.4375,65.0625,66.25,67.0,69.375,68.125,0.0,0.0,0.0,0.0,0.0,0.0,0.0,0.0,393.25,393.25,0.0,0.0,1.0,1.0,0.0,0.0,False,True,False,elementary,elementary,last_reported=Elementary
WIRT COUNTY MIDDLE SCHOOL,Middle,middle,289.4375,0.0,0.0,0.0,0.0,0.0,0.0,70.375,73.1875,73.375,72.5,0.0,0.0,0.0,0.0,143.5625,289.4375,289.4375,0.0,0.49600518246599,1.0,1.0,0.0,True,False,False,middle,middle,last_reported=Middle
WIRT COUNTY HIGH SCHOOL,Secondary,high,293.9375,0.0,0.0,0.0,0.0,0.0,0.0,0.0,0.0,0.0,0.0,74.3125,73.625,73.625,72.375,0.0,0.0,0.0,293.9375,0.0,0.0,0.0,1.0,False,False,True,high,high,last_reported=Secondary
BLENNERHASSETT ELEMENTARY,Elementary,elementary,476.25,42.6875,70.5,72.875,71.8125,71.5,73.3125,73.5625,0.0,0.0,0.0,0.0,0.0,0.0,0.0,476.25,476.25,73.5625,0.0,1.0,1.0,0.1544619422572178,0.0,False,True,False,elementary,elementary,last_reported=Elementary
CRISS ELEMENTARY,Elementary,elementary,269.5625,33.0625,39.4375,37.8125,40.4375,40.5,39.5625,38.75,0.0,0.0,0.0,0.0,0.0,0.0,0.0,269.5625,269.5625,38.75,0.0,1.0,1.0,0.1437514491073498,0.0,False,True,False,elementary,elementary,last_reported=Elementary
EMERSON ELEMENTARY,Elementary,elementary,373.75,5.8125,58.5625,59.625,60.1875,60.875,64.25,64.4375,0.0,0.0,0.0,0.0,0.0,0.0,0.0,373.75,373.75,64.4375,0.0,1.0,1.0,0.1724080267558528,0.0,False,True,False,elementary,elementary,last_reported=Elementary
FAIRPLAINS ELEMENTARY,Elementary,elementary,206.66666666666663,28.73333333333333,31.666666666666668,32.93333333333333,30.33333333333333,29.2,27.33333333333333,26.466666666666665,0.0,0.0,0.0,0.0,0.0,0.0,0.0,206.66666666666663,206.66666666666663,26.466666666666665,0.0,1.0,1.0,0.1280645161290322,0.0,False,True,False,elementary,elementary,last_reported=Elementary
GIHON ELEMENTARY,Elementary,elementary,300.0,46.5625,45.625,43.0,42.625,40.9375,40.25,41.0,0.0,0.0,0.0,0.0,0.0,0.0,0.0,300.0,300.0,41.0,0.0,1.0,1.0,0.1366666666666666,0.0,False,True,False,elementary,elementary,last_reported=Elementary
GREENMONT ELEMENTARY,Elementary,elementary,239.5,21.1875,35.8125,36.9375,36.625,35.6875,36.25,37.0,0.0,0.0,0.0,0.0,0.0,0.0,0.0,239.5,239.5,37.0,0.0,1.0,1.0,0.1544885177453027,0.0,False,True,False,elementary,elementary,last_reported=Elementary
JEFFERSON ELEMENTARY CENTER,Elementary,elementary,486.75,56.0625,74.125,72.6875,73.625,70.5,69.9375,69.8125,0.0,0.0,0.0,0.0,0.0,0.0,0.0,486.75,486.75,69.8125,0.0,1.0,1.0,0.1434257832562917,0.0,False,True,False,elementary,elementary,last_reported=Elementary
KANAWHA ELEMENTARY,Elementary,elementary,292.5,34.1875,42.1875,44.125,43.0,43.5,43.0,42.5,0.0,0.0,0.0,0.0,0.0,0.0,0.0,292.5,292.5,42.5,0.0,1.0,1.0,0.1452991452991453,0.0,False,True,False,elementary,elementary,last_reported=Elementary
LUBECK ELEMENTARY,Elementary,elementary,401.4375,37.8125,61.3125,61.3125,58.5625,61.0625,59.75,61.625,0.0,0.0,0.0,0.0,0.0,0.0,0.0,401.4375,401.4375,61.625,0.0,1.0,1.0,0.1535108204888681,0.0,False,True,False,elementary,elementary,last_reported=Elementary
MADISON ELEMENTARY,Elementary,elementary,313.0,63.375,39.625,41.625,41.625,41.8125,41.75,43.1875,0.0,0.0,0.0,0.0,0.0,0.0,0.0,313.0,313.0,43.1875,0.0,1.0,1.0,0.137979233226837,0.0,False,True,False,elementary,elementary,last_reported=Elementary
MCKINLEY ELEMENTARY,Elementary,elementary,295.7,32.5,45.7,43.0,44.3,42.7,44.4,43.1,0.0,0.0,0.0,0.0,0.0,0.0,0.0,295.7,295.7,43.1,0.0,1.0,1.0,0.1457558336151505,0.0,False,True,False,elementary,elementary,last_reported=Elementary
MINERAL WELLS ELEMENTARY,Elementary,elementary,541.0,40.0,81.75,81.25,82.9375,83.25,85.0,86.8125,0.0,0.0,0.0,0.0,0.0,0.0,0.0,541.0,541.0,86.8125,0.0,1.0,1.0,0.1604667282809611,0.0,False,True,False,elementary,elementary,last_reported=Elementary
NEALE ELEMENTARY,Elementary,elementary,375.5625,35.125,60.5625,59.5,54.8125,55.25,56.0,54.3125,0.0,0.0,0.0,0.0,0.0,0.0,0.0,375.5625,375.5625,54.3125,0.0,1.0,1.0,0.1446164087202529,0.0,False,True,False,elementary,elementary,last_reported=Elementary
VIENNA ELEMENTARY,Elementary,elementary,304.6875,39.5,41.8125,43.6875,45.0,44.375,44.8125,45.5,0.0,0.0,0.0,0.0,0.0,0.0,0.0,304.6875,304.6875,45.5,0.0,1.0,1.0,0.1493333333333333,0.0,False,True,False,elementary,elementary,last_reported=Elementary
WAVERLY ELEMENTARY,Elementary,elementary,141.1,18.0,18.1,18.0,18.2,18.4,17.6,17.1,15.7,0.0,0.0,0.0,0.0,0.0,0.0,141.1,141.1,32.8,0.0,1.0,1.0,0.2324592487597448,0.0,False,True,False,elementary,elementary,last_reported=Elementary
WILLIAMSTOWN ELEMENTARY,Elementary,elementary,551.625,52.0625,69.6875,74.0,73.75,75.9375,76.4375,78.5,51.25,0.0,0.0,0.0,0.0,0.0,0.0,551.625,551.625,129.75,0.0,1.0,1.0,0.2352141400407885,0.0,False,True,False,elementary,elementary,last_reported=Elementary
WORTHINGTON ELEMENTARY,Elementary,elementary,213.6,0.2,30.8,33.1,34.5,37.6,38.5,38.9,0.0,0.0,0.0,0.0,0.0,0.0,0.0,213.6,213.6,38.9,0.0,1.0,1.0,0.1821161048689138,0.0,False,True,False,elementary,elementary,last_reported=Elementary
FRANKLIN ELEMENTARY CENTER,Elementary,elementary,284.5,44.5,42.0,41.4375,39.6875,38.8125,38.75,39.3125,0.0,0.0,0.0,0.0,0.0,0.0,0.0,284.5,284.5,39.3125,0.0,1.0,1.0,0.1381810193321616,0.0,False,True,False,elementary,elementary,last_reported=Elementary
MARTIN ELEMENTARY SCHOOL,Elementary,elementary,257.0,32.9375,36.75,36.75,36.5625,36.5625,37.8125,39.625,0.0,0.0,0.0,0.0,0.0,0.0,0.0,257.0,257.0,39.625,0.0,1.0,1.0,0.1541828793774319,0.0,False,True,False,elementary,elementary,last_reported=Elementary
BLENNERHASSETT MIDDLE SCHOOL,Middle,middle,517.8125,0.0,0.0,0.0,0.0,0.0,0.0,0.0,171.125,173.375,173.3125,0.0,0.0,0.0,0.0,171.125,517.8125,517.8125,0.0,0.3304767652383826,1.0,1.0,0.0,True,False,False,middle,middle,last_reported=Middle
EDISON MIDDLE SCHOOL,Middle,middle,617.6875,0.0,0.0,0.0,0.0,0.0,0.0,0.0,206.1875,207.125,204.375,0.0,0.0,0.0,0.0,206.1875,617.6875,617.6875,0.0,0.3338055246382677,1.0,1.0,0.0,True,False,False,middle,middle,last_reported=Middle
HAMILTON MIDDLE SCHOOL,Middle,middle,512.6875,0.0,0.0,0.0,0.0,0.0,0.0,0.0,169.375,171.625,171.6875,0.0,0.0,0.0,0.0,169.375,512.6875,512.6875,0.0,0.3303669389247836,1.0,1.0,0.0,True,False,False,middle,middle,last_reported=Middle
JACKSON MIDDLE SCHOOL,Middle,middle,502.625,0.0,0.0,0.0,0.0,0.0,0.0,0.0,166.125,166.3125,170.1875,0.0,0.0,0.0,0.0,166.125,502.625,502.625,0.0,0.330514797314101,1.0,1.0,0.0,True,False,False,middle,middle,last_reported=Middle
VAN DEVENDER MIDDLE SCHOOL,Middle,middle,349.93333333333334,0.0,0.0,0.0,0.0,0.0,0.0,0.0,115.33333333333331,118.26666666666668,116.33333333333331,0.0,0.0,0.0,0.0,115.33333333333331,349.93333333333334,349.93333333333334,0.0,0.3295865879215088,1.0,1.0,0.0,True,False,False,middle,middle,last_reported=Middle
PARKERSBURG HIGH SCHOOL,Secondary,high,1714.9375,0.0,0.0,0.0,0.0,0.0,0.0,0.0,0.0,0.0,0.0,488.4375,459.6875,401.5,365.3125,0.0,0.0,0.0,1714.9375,0.0,0.0,0.0,1.0,False,False,True,high,high,last_reported=Secondary
PARKERSBURG SOUTH HIGH SCHOOL,Secondary,high,1507.0625,0.0,0.0,0.0,0.0,0.0,0.0,0.0,0.0,0.0,0.0,405.625,390.9375,357.875,352.625,0.0,0.0,0.0,1507.0625,0.0,0.0,0.0,1.0,False,False,True,high,high,last_reported=Secondary
WILLIAMSTOWN HIGH SCHOOL,Secondary,high,636.1875,0.0,0.0,0.0,0.0,0.0,0.0,0.0,34.25,98.5,99.9375,104.0,100.875,101.875,96.75,34.25,232.6875,232.6875,403.5,0.0538363296983986,0.3657530209254347,0.3657530209254347,0.6342469790745653,True,False,True,high,high,last_reported=Secondary
BAILEYSVILLE ELEMENTARY & MIDDLE SCHOOL,Middle,elementary + middle,314.1875,18.5,32.75,31.5,32.0625,32.125,31.625,33.3125,33.8125,33.9375,34.5625,0.0,0.0,0.0,0.0,245.6875,314.1875,135.625,0.0,0.7819773224587229,1.0,0.4316689874676745,0.0,True,True,False,elementary_middle,elementary_middle,last_reported=Middle but inferred_grade_type=elementary_middle; corrected to elementary_middle
BERLIN MCKINNEY ELEMENTARY SCHOOL,Elementary,elementary,376.25,62.25,65.875,67.3125,61.0,59.75,59.9375,0.125,0.0,0.0,0.0,0.0,0.0,0.0,0.0,376.25,376.25,0.125,0.0,1.0,1.0,0.0003322259136212,0.0,False,True,False,elementary,elementary,last_reported=Elementary
GLEN FORK ELEMENTARY & MIDDLE SCHOOL,Middle,elementary + middle,168.5,10.8125,18.3125,18.0,18.0,17.125,18.6875,17.375,17.0,17.1875,16.0,0.0,0.0,0.0,0.0,135.3125,168.5,67.5625,0.0,0.8030415430267063,1.0,0.4009643916913946,0.0,True,True,False,elementary_middle,elementary_middle,last_reported=Middle but inferred_grade_type=elementary_middle; corrected to elementary_middle
HERNDON CONS ELEMENTARY & MIDDLE SCHOOL,Middle,elementary + middle,181.0625,32.875,16.0,15.8125,16.6875,16.8125,16.6875,16.25,15.75,16.875,17.3125,0.0,0.0,0.0,0.0,146.875,181.0625,66.1875,0.0,0.8111839834311356,1.0,0.3655505695547117,0.0,True,True,False,elementary_middle,elementary_middle,last_reported=Middle but inferred_grade_type=elementary_middle; corrected to elementary_middle
HUFF CONS ELEMENTARY & MIDDLE SCHOOL,Middle,elementary + middle,252.6875,23.375,26.0,25.5625,25.0,24.5625,24.75,24.6875,26.125,26.5625,26.0625,0.0,0.0,0.0,0.0,200.0625,252.6875,103.4375,0.0,0.7917388078159783,1.0,0.4093494929507791,0.0,True,True,False,elementary_middle,elementary_middle,last_reported=Middle but inferred_grade_type=elementary_middle; corrected to elementary_middle
MULLENS ELEMENTARY SCHOOL,Elementary,elementary,210.8125,17.125,43.5,36.8125,37.125,38.1875,38.0625,0.0,0.0,0.0,0.0,0.0,0.0,0.0,0.0,210.8125,210.8125,0.0,0.0,1.0,1.0,0.0,0.0,False,True,False,elementary,elementary,last_reported=Elementary
PINEVILLE ELEMENTARY SCHOOL,Elementary,elementary,369.5625,63.5,70.5,60.3125,57.0,58.0,60.25,0.0,0.0,0.0,0.0,0.0,0.0,0.0,0.0,369.5625,369.5625,0.0,0.0,1.0,1.0,0.0,0.0,False,True,False,elementary,elementary,last_reported=Elementary
ROAD BRANCH ELEMENTARY & MIDDLE SCHOOL,Middle,elementary + middle,171.4375,17.0625,17.5,16.75,16.375,16.375,17.0625,18.3125,17.9375,17.0,17.0625,0.0,0.0,0.0,0.0,137.375,171.4375,70.3125,0.0,0.8013124316441852,1.0,0.4101348888078746,0.0,True,True,False,elementary_middle,elementary_middle,last_reported=Middle but inferred_grade_type=elementary_middle; corrected to elementary_middle
MULLENS MIDDLE SCHOOL,Middle,middle,161.6875,0.0,0.0,0.0,0.0,0.0,0.0,40.375,40.9375,40.4375,39.9375,0.0,0.0,0.0,0.0,81.3125,161.6875,161.6875,0.0,0.5028991109393119,1.0,1.0,0.0,True,False,False,middle,middle,last_reported=Middle
OCEANA MIDDLE SCHOOL,Middle,middle,250.3125,0.0,0.0,0.0,0.0,0.0,0.0,60.8125,62.5625,62.8125,64.125,0.0,0.0,0.0,0.0,123.375,250.3125,250.3125,0.0,0.4928838951310861,1.0,1.0,0.0,True,False,False,middle,middle,last_reported=Middle
PINEVILLE MIDDLE SCHOOL,Middle,middle,256.5625,0.0,0.0,0.0,0.0,0.0,0.0,61.0,62.6875,65.5625,67.3125,0.0,0.0,0.0,0.0,123.6875,256.5625,256.5625,0.0,0.482095006090134,1.0,1.0,0.0,True,False,False,middle,middle,last_reported=Middle
WYOMING COUNTY EAST HIGH SCHOOL,Secondary,high,506.875,0.0,0.0,0.0,0.0,0.0,0.0,0.0,0.0,0.0,0.0,139.0625,129.625,122.3125,115.875,0.0,0.0,0.0,506.875,0.0,0.0,0.0,1.0,False,False,True,high,high,last_reported=Secondary
WESTSIDE HIGH SCHOOL,Secondary,high,600.375,0.0,0.0,0.0,0.0,0.0,0.0,0.0,0.0,0.0,0.0,165.3125,151.4375,144.5625,139.0625,0.0,0.0,0.0,600.375,0.0,0.0,0.0,1.0,False,False,True,high,high,last_reported=Secondary
