"District","Schl","School","Type_raw","Type_pipeline","Type_inferred","n_years_with_data","first_year_with_data","last_year_with_data","total_headcount_last","Schl_ID","start_year","end_year","flipped","closed","Consolidation_Summary","Closure_News_URL","Closure_News_URL2"
"Barbour","201","Belington Elementary","Elementary","Elementary","Elementary",16,2011,2026,280,"002201",2011,,FALSE,FALSE,,,
"Barbour","302","Belington Middle School","Middle","Middle","Middle",16,2011,2026,257,"002302",2011,,FALSE,FALSE,"Status: Approved <U+2014> closing end of 2025-26 | Consolidated into: Philip Barbour High School campus | New school name: Philip Barbour High School (grades 6-12)","https://www.wboy.com/news/education/wv-board-of-education-votes-to-close-consolidate-schools-in-3-local-counties/",
"Barbour","202","Junior Elementary","Elementary","Elementary","Elementary",16,2011,2026,111,"002202",2011,,FALSE,FALSE,"Status: Approved <U+2014> closing end of 2025-26 | Consolidated into: Belington Elementary School","https://www.wboy.com/news/education/wv-board-of-education-votes-to-close-consolidate-schools-in-3-local-counties/",
"Barbour","101","Kasson Elementary/Middle School","Middle","Elementary + Middle","Elementary + Middle",16,2011,2026,155,"002101",2011,,FALSE,FALSE,"Status: Approved <U+2014> closing end of 2025-26 | Consolidated into: Philip Barbour High School campus (grades 6-8 portion) | New school name: Philip Barbour High School (grades 6-12)","https://www.wboy.com/news/education/wv-board-of-education-votes-to-close-consolidate-schools-in-3-local-counties/",
"Barbour","203","Mount Vernon Elementary",,"Elementary","Elementary",7,2011,2017,49,"002203",2011,2017,FALSE,TRUE,"Status: Approved | Consolidated into: Philippi Elementary School","https://wvmetronews.com/2016/07/19/two-barbour-county-schools-to-close-following-2016-17-school-year/",
"Barbour","501","Philip Barbour High School Complex","Secondary","High School","High School",16,2011,2026,514,"002501",2011,,FALSE,FALSE,,,
"Barbour","204","Philippi Elementary School","Elementary","Elementary","Elementary",16,2011,2026,351,"002204",2011,,FALSE,FALSE,,,
"Barbour","303","Philippi Middle School","Middle","Middle","Middle",16,2011,2026,239,"002303",2011,,FALSE,FALSE,"Status: Approved <U+2014> closing end of 2025-26 | Consolidated into: Philip Barbour High School campus | New school name: Philip Barbour High School (grades 6-12)","https://www.wboy.com/news/education/wv-board-of-education-votes-to-close-consolidate-schools-in-3-local-counties/",
"Barbour","205","Volga Century Elementary",,"Elementary","Elementary",7,2011,2017,36,"002205",2011,2017,FALSE,TRUE,"Status: Approved | Consolidated into: Philippi Elementary School","https://wvmetronews.com/2016/07/19/two-barbour-county-schools-to-close-following-2016-17-school-year/",
"Berkeley","201","Back Creek Valley Elementary School","Primary","Elementary","Elementary",16,2011,2026,148,"004201",2011,,FALSE,FALSE,,,
"Berkeley","202","Bedington Elementary School","Primary","Elementary","Elementary",16,2011,2026,194,"004202",2011,,FALSE,FALSE,,,
"Berkeley","203","Berkeley Heights Elementary School","Primary","Elementary","Elementary",16,2011,2026,600,"004203",2011,,FALSE,FALSE,,,
"Berkeley","204","Bunker Hill Elementary","Primary","Elementary","Elementary",16,2011,2026,342,"004204",2011,,FALSE,FALSE,,,
"Berkeley","205","Burke Street Elementary School","Primary","Elementary","Elementary",16,2011,2026,153,"004205",2011,,FALSE,FALSE,,,
"Berkeley","218","Eagle School Intermediate","Elementary","Elementary","Elementary",16,2011,2026,646,"004218",2011,,FALSE,FALSE,,,
"Berkeley","206","Gerrardstown Elementary School","Primary","Elementary","Elementary",16,2011,2026,221,"004206",2011,,FALSE,FALSE,,,
"Berkeley","207","Hedgesville Elementary School","Primary","Elementary","Elementary",16,2011,2026,653,"004207",2011,,FALSE,FALSE,,,
"Berkeley","501","Hedgesville High School","Secondary","High School","High School",16,2011,2026,1323,"004501",2011,,FALSE,FALSE,,,
"Berkeley","301","Hedgesville Middle School","Middle","Middle","Middle",16,2011,2026,712,"004301",2011,,FALSE,FALSE,,,
"Berkeley","208","Inwood Primary School","Primary","Elementary","Elementary",16,2011,2026,164,"004208",2011,,FALSE,FALSE,,,
"Berkeley","209","Marlowe Elementary School","Primary","Elementary","Elementary",16,2011,2026,293,"004209",2011,,FALSE,FALSE,,,
"Berkeley","502","Martinsburg High School","Secondary","High School","High School",16,2011,2026,1495,"004502",2011,,FALSE,FALSE,,,
"Berkeley","302","Martinsburg North Middle School","Middle","Middle","Middle",16,2011,2026,587,"004302",2011,,FALSE,FALSE,,,
"Berkeley","303","Martinsburg South Middle School","Middle","Middle","Middle",16,2011,2026,801,"004303",2011,,FALSE,FALSE,,,
"Berkeley","217","Mill Creek Intermediate School","Elementary","Elementary","Elementary",16,2011,2026,688,"004217",2011,,FALSE,FALSE,,,
"Berkeley","220","Mountain Ridge Intermediate","Elementary","Elementary","Elementary",16,2011,2026,593,"004220",2011,,FALSE,FALSE,,,
"Berkeley","306","Mountain Ridge Middle School","Middle","Middle","Middle",12,2015,2026,620,"004306",2015,,FALSE,FALSE,,,
"Berkeley","503","Musselman High School","Secondary","High School","High School",16,2011,2026,1702,"004503",2011,,FALSE,FALSE,,,
"Berkeley","304","Musselman Middle School","Middle","Middle","Middle",16,2011,2026,638,"004304",2011,,FALSE,FALSE,,,
"Berkeley","210","Opequon Elementary School","Primary","Elementary","Elementary",16,2011,2026,429,"004210",2011,,FALSE,FALSE,,,
"Berkeley","219","Orchard View Intermediate School","Elementary","Elementary","Elementary",16,2011,2026,814,"004219",2011,,FALSE,FALSE,,,
"Berkeley","262","Pikeside Learning Center","Primary","Elementary","Elementary",1,2026,2026,138,"004262",2026,,FALSE,FALSE,,,
"Berkeley","599","Pikeside Transitional School","Alternative","Alternative","Alternative",2,2025,2026,67,"004599",2025,,FALSE,FALSE,,,
"Berkeley","216","Potomack Intermediate School","Elementary","Elementary","Elementary",16,2011,2026,913,"004216",2011,,FALSE,FALSE,,,
"Berkeley","211","Rosemont Elementary School","Elementary","Elementary","Elementary",16,2011,2026,424,"004211",2011,,FALSE,FALSE,,,
"Berkeley","504","Spring Mills High School","Secondary","High School","High School",13,2014,2026,1536,"004504",2014,,FALSE,FALSE,,,
"Berkeley","305","Spring Mills Middle School","Middle","Middle","Middle",16,2011,2026,915,"004305",2011,,FALSE,FALSE,,,
"Berkeley","221","Spring Mills Primary","Primary","Elementary","Elementary",15,2012,2026,519,"004221",2012,,FALSE,FALSE,,,
"Berkeley","215","Tomahawk Intermediate School","Elementary","Elementary","Elementary",16,2011,2026,625,"004215",2011,,FALSE,FALSE,,,
"Berkeley","212","Tuscarora Elementary School","Primary","Elementary","Elementary",16,2011,2026,235,"004212",2011,,FALSE,FALSE,,,
"Berkeley","213","Valley View Elementary School","Primary","Elementary","Elementary",16,2011,2026,410,"004213",2011,,FALSE,FALSE,,,
"Berkeley","214","Winchester Avenue Elementary School","Primary","Elementary","Elementary",16,2011,2026,189,"004214",2011,,FALSE,FALSE,,,
"Boone","201","Ashford-rumble Elementary","Elementary","Elementary","Elementary",16,2011,2026,140,"006201",2011,,FALSE,FALSE,,,
"Boone","220","Brookview Elementary","Elementary","Elementary","Elementary",16,2011,2026,328,"006220",2011,,FALSE,FALSE,,,
"Boone","205","Jeffrey-Spencer Elementary School",,"Elementary","Elementary",6,2011,2016,111,"006205",2011,2016,FALSE,TRUE,"Status: Approved | Consolidated into: Closed; students redistributed to remaining Boone Co. schools","https://www.wvgazettemail.com/news/education/board-approves-closing-boone-roane-schools-hears-fayette-closure-proposal/article_9519554a-b8f1-5183-b4d4-a1535c4a19e4.html",
"Boone","207","Madison Elementary","Elementary","Elementary","Elementary",16,2011,2026,240,"006207",2011,,FALSE,FALSE,,,
"Boone","301","Madison Middle School","Middle","Middle","Middle",16,2011,2026,351,"006301",2011,,FALSE,FALSE,,,
"Boone","209","Nellis Elementary School",,"Elementary","Elementary",6,2011,2016,99,"006209",2011,2016,FALSE,TRUE,"Status: Approved | Consolidated into: Closed; students redistributed to remaining Boone Co. schools","https://www.wvgazettemail.com/news/education/board-approves-closing-boone-roane-schools-hears-fayette-closure-proposal/article_9519554a-b8f1-5183-b4d4-a1535c4a19e4.html",
"Boone","212","Ramage Elementary","Elementary","Elementary","Elementary",16,2011,2026,171,"006212",2011,,FALSE,FALSE,,,
"Boone","501","Scott High School","Secondary","High School","High School",16,2011,2026,562,"006501",2011,,FALSE,FALSE,,,
"Boone","219","Sherman Elementary School","Elementary","Elementary","Elementary",16,2011,2026,242,"006219",2011,,FALSE,FALSE,,,
"Boone","502","Sherman High School","Secondary","High School","High School",16,2011,2026,297,"006502",2011,,FALSE,FALSE,,,
"Boone","401","Sherman Junior High School","Middle","Middle","Middle",16,2011,2026,195,"006401",2011,,FALSE,FALSE,,,
"Boone","215","Van Elementary","Elementary","Elementary","Elementary",16,2011,2026,124,"006215",2011,,FALSE,FALSE,,,
"Boone","503","Van Junior/Senior High School","Secondary","High School","High School",16,2011,2026,123,"006503",2011,,FALSE,FALSE,,,
"Boone","216","Wharton Elementary School",,"Elementary","Elementary",6,2011,2016,96,"006216",2011,2016,FALSE,TRUE,"Status: Approved | Consolidated into: Closed (building demolished); students redistributed","https://www.wvgazettemail.com/news/education/board-approves-closing-boone-roane-schools-hears-fayette-closure-proposal/article_9519554a-b8f1-5183-b4d4-a1535c4a19e4.html",
"Boone","102","Whitesville Elementary School","Elementary","Elementary","Elementary",16,2011,2026,93,"006102",2011,,FALSE,FALSE,,,
"Braxton","501","Braxton County High School","Secondary","High School","High School",16,2011,2026,491,"008501",2011,,FALSE,FALSE,,,
"Braxton","303","Braxton County Middle School","Middle","Middle","Middle",16,2011,2026,341,"008303",2011,,FALSE,FALSE,,,
"Braxton","101","Burnsville Elementary School","Elementary","Middle","Elementary",16,2011,2026,76,"008101",2011,,FALSE,FALSE,,,
"Braxton","201","Davis Elementary School","Elementary","Elementary","Elementary",16,2011,2026,133,"008201",2011,,FALSE,FALSE,,,
"Braxton","202","Flatwoods Elementary School","Elementary","Elementary","Elementary",16,2011,2026,111,"008202",2011,,FALSE,FALSE,,,
"Braxton","203","Frametown Elementary School","Elementary","Elementary","Elementary",16,2011,2026,133,"008203",2011,,FALSE,FALSE,,,
"Braxton","204","Little Birch Elementary School","Elementary","Elementary","Elementary",16,2011,2026,71,"008204",2011,,FALSE,FALSE,,,
"Braxton","205","Sutton Elementary School","Elementary","Elementary","Elementary",16,2011,2026,158,"008205",2011,,FALSE,FALSE,,,
"Brooke","201","Beech Bottom Primary School",,"Elementary","Elementary",8,2011,2018,109,"010201",2011,2018,FALSE,TRUE,"Status: Approved | Consolidated into: Brooke Primary South (former Wellsburg) and Brooke Intermediate South (former Franklin)","https://www.weirtondailytimes.com/news/local-news/2017/11/brooke-board-of-education-approves-school-mergers/",
"Brooke","502","Brooke High School","Secondary","High School","High School",16,2011,2026,825,"010502",2011,,FALSE,FALSE,,,
"Brooke","304","Brooke Middle School","Middle","Middle","Middle",8,2019,2026,600,"010304",2019,,FALSE,FALSE,,,
"Brooke","202","Collier Primary School",,"Elementary","Elementary",8,2011,2018,153,"010202",2011,2018,FALSE,TRUE,"Status: Approved | Consolidated into: Brooke Primary North (former Hooverson Heights) | New school name: Brooke County Primary North","https://www.weirtondailytimes.com/news/local-news/2017/11/brooke-board-of-education-approves-school-mergers/",
"Brooke","301","Follansbee Middle School",,"Middle","Middle",8,2011,2018,492,"010301",2011,2018,FALSE,TRUE,"Status: Approved | Consolidated into: Consolidated into new Brooke County middle school arrangement","https://www.weirtondailytimes.com/news/local-news/2017/11/brooke-board-of-education-approves-school-mergers/",
"Brooke","211","Franklin Intermediate School","Elementary","Elementary","Elementary",8,2019,2026,136,"010211",2019,,FALSE,FALSE,,,
"Brooke","203","Franklin Primary School",,"Elementary","Elementary",8,2011,2018,143,"010203",2011,2018,FALSE,TRUE,"Status: Approved <U+2014> renamed | Consolidated into: Remained open, renamed Brooke County Intermediate South | New school name: Brooke County Intermediate South","https://www.weirtondailytimes.com/news/local-news/2017/11/brooke-board-of-education-approves-school-mergers/",
"Brooke","204","Hooverson Heights Primary School",,"Elementary","Elementary",8,2011,2018,149,"010204",2011,2018,FALSE,TRUE,"Status: Approved <U+2014> renamed | Consolidated into: Remained open, renamed Brooke County Primary North | New school name: Brooke County Primary North","https://www.weirtondailytimes.com/news/local-news/2017/11/brooke-board-of-education-approves-school-mergers/",
"Brooke","208","Hooverson Heights Primary School","Primary","Elementary","Elementary",8,2019,2026,255,"010208",2019,,FALSE,FALSE,,,
"Brooke","210","Jefferson Intermediate School","Elementary","Elementary","Elementary",8,2019,2026,168,"010210",2019,,FALSE,FALSE,,,
"Brooke","205","Jefferson Primary School",,"Elementary","Elementary",8,2011,2018,189,"010205",2011,2018,FALSE,TRUE,"Status: Approved <U+2014> renamed | Consolidated into: Remained open, renamed Brooke County Intermediate North | New school name: Brooke County Intermediate North","https://www.weirtondailytimes.com/news/local-news/2017/11/brooke-board-of-education-approves-school-mergers/",
"Brooke","206","Lauretta B Millsop Primary School",,"Elementary","Elementary",8,2011,2018,97,"010206",2011,2018,FALSE,TRUE,"Status: Approved | Consolidated into: Brooke Primary North (former Hooverson Heights) | New school name: Brooke County Primary North","https://www.weirtondailytimes.com/news/local-news/2017/11/brooke-board-of-education-approves-school-mergers/",
"Brooke","303","Wellsburg Middle School",,"Middle","Middle",8,2011,2018,408,"010303",2011,2018,FALSE,TRUE,"Status: Approved | Consolidated into: Consolidated into new Brooke County middle school arrangement","https://www.weirtondailytimes.com/news/local-news/2017/11/brooke-board-of-education-approves-school-mergers/",
"Brooke","207","Wellsburg Primary School",,"Elementary","Elementary",8,2011,2018,205,"010207",2011,2018,FALSE,TRUE,"Status: Approved <U+2014> renamed | Consolidated into: Remained open, renamed Brooke County Primary South | New school name: Brooke County Primary South","https://www.weirtondailytimes.com/news/local-news/2017/11/brooke-board-of-education-approves-school-mergers/",
"Brooke","209","Wellsburg Primary School","Primary","Elementary","Elementary",8,2019,2026,176,"010209",2019,,FALSE,FALSE,,,
"Cabell","203","Altizer Elementary School","Elementary","Elementary","Elementary",16,2011,2026,195,"012203",2011,,FALSE,FALSE,,,
"Cabell","301","Barboursville Middle School","Middle","Middle","Middle",16,2011,2026,669,"012301",2011,,FALSE,FALSE,,,
"Cabell","302","Beverly Hills Middle School",,"Middle","Middle",3,2011,2013,473,"012302",2011,2013,FALSE,TRUE,"Status: Approved | Consolidated into: New Huntington East Middle School | New school name: Huntington East Middle School","https://theclio.com/entry/73298",
"Cabell","550","Cabell Midland High School","Secondary","High School","High School",16,2011,2026,1618,"012550",2011,,FALSE,FALSE,,,
"Cabell","290","Central City Elementary School","Elementary","Elementary","Elementary",16,2011,2026,387,"012290",2011,,FALSE,FALSE,,,
"Cabell","218","Cox Landing Elementary School","Elementary","Elementary","Elementary",16,2011,2026,192,"012218",2011,,FALSE,FALSE,,,
"Cabell","502","Crossroads Academy","Alternative","High School","Alternative",16,2011,2026,78,"012502",2011,,FALSE,FALSE,,,
"Cabell","221","Culloden Elementary School","Elementary","Elementary","Elementary",16,2011,2026,204,"012221",2011,,FALSE,FALSE,,,
"Cabell","224","Davis Creek Elementary School","Elementary","Elementary","Elementary",16,2011,2026,232,"012224",2011,,FALSE,FALSE,,,
"Cabell","305","Enslow Middle School",,"Middle","Middle",3,2011,2013,271,"012305",2011,2013,FALSE,TRUE,"Status: Approved | Consolidated into: New Huntington East Middle School | New school name: Huntington East Middle School","https://theclio.com/entry/73298",
"Cabell","227","Explorer Academy","Elementary","Elementary","Elementary",11,2016,2026,365,"012227",2016,,FALSE,FALSE,,,
"Cabell","233","Geneva Kent Elementary School",,"Elementary","Elementary",5,2011,2015,341,"012233",2011,2015,FALSE,TRUE,"Status: Approved | Consolidated into: Consolidated into new Explorer Academy (Beverly Hills Middle building) | New school name: Explorer Academy","https://zmm.com/projects/cabell-co-explorer-academy",
"Cabell","236","Guyandotte Elementary School","Elementary","Elementary","Elementary",16,2011,2026,235,"012236",2011,,FALSE,FALSE,,,
"Cabell","239","Highlawn Elementary School","Elementary","Elementary","Elementary",16,2011,2026,326,"012239",2011,,FALSE,FALSE,,,
"Cabell","242","Hite Saunders Elementary School","Elementary","Elementary","Elementary",16,2011,2026,213,"012242",2011,,FALSE,FALSE,,,
"Cabell","311","Huntington East Middle School","Middle","Middle","Middle",13,2014,2026,511,"012311",2014,,FALSE,FALSE,,,
"Cabell","560","Huntington High School","Secondary","High School","High School",16,2011,2026,1552,"012560",2011,,FALSE,FALSE,,,
"Cabell","310","Huntington Middle School","Middle","Middle","Middle",16,2011,2026,585,"012310",2011,,FALSE,FALSE,,,
"Cabell","251","Martha Elementary School","Elementary","Elementary","Elementary",16,2011,2026,205,"012251",2011,,FALSE,FALSE,,,
"Cabell","254","Meadows Elementary School","Elementary","Elementary","Elementary",16,2011,2026,268,"012254",2011,,FALSE,FALSE,,,
"Cabell","263","Milton Elementary School","Elementary","Elementary","Elementary",16,2011,2026,492,"012263",2011,,FALSE,FALSE,,,
"Cabell","308","Milton Middle School","Middle","Middle","Middle",16,2011,2026,534,"012308",2011,,FALSE,FALSE,,,
"Cabell","269","Nichols Elementary School","Elementary","Elementary","Elementary",16,2011,2026,215,"012269",2011,,FALSE,FALSE,,,
"Cabell","272","Ona Elementary School","Elementary","Elementary","Elementary",16,2011,2026,280,"012272",2011,,FALSE,FALSE,,,
"Cabell","281","Peyton Elementary School",,"Elementary","Elementary",5,2011,2015,170,"012281",2011,2015,FALSE,TRUE,"Status: Approved | Consolidated into: Consolidated into new Explorer Academy (Beverly Hills Middle building) | New school name: Explorer Academy","https://zmm.com/projects/cabell-co-explorer-academy",
"Cabell","285","Salt Rock Elementary School","Elementary","Elementary","Elementary",16,2011,2026,214,"012285",2011,,FALSE,FALSE,,,
"Cabell","292","Southside Elementary School","Elementary","Elementary","Elementary",16,2011,2026,416,"012292",2011,,FALSE,FALSE,,,
"Cabell","287","Spring Hill Elementary School","Elementary","Elementary","Elementary",16,2011,2026,436,"012287",2011,,FALSE,FALSE,,,
"Cabell","291","Village of Barboursville Elementary School","Elementary","Elementary","Elementary",16,2011,2026,531,"012291",2011,,FALSE,FALSE,,,
"Calhoun","201","Arnoldsburg School","Elementary","Elementary","Elementary",16,2011,2026,151,"014201",2011,,FALSE,FALSE,,,
"Calhoun","501","Calhoun Middle/High School","Secondary","High School","High School",16,2011,2026,473,"014501",2011,,FALSE,FALSE,,,
"Calhoun","203","Pleasant Hill School","Elementary","Elementary","Elementary",16,2011,2026,138,"014203",2011,,FALSE,FALSE,,,
"Clay","209","Big Otter Elementary School","Elementary","Elementary","Elementary",16,2011,2026,193,"016209",2011,,FALSE,FALSE,,,
"Clay","501","Clay County High School","Secondary","High School","High School",16,2011,2026,490,"016501",2011,,FALSE,FALSE,,,
"Clay","202","Clay Elementary School","Elementary","Elementary","Elementary",16,2011,2026,401,"016202",2011,,FALSE,FALSE,,,
"Clay","301","Clay Middle School","Middle","Middle","Middle",16,2011,2026,254,"016301",2011,,FALSE,FALSE,,,
"Clay","208","H E White Elementary School","Elementary","Elementary","Elementary",14,2011,2024,33,"016208",2011,2024,FALSE,TRUE,"Status: Approved | Consolidated into: Clay Elementary School","https://wvmetronews.com/2023/12/13/state-boe-votes-to-close-elementary-schools-in-harrison-clay-lincoln-counties/",
"Clay","205","Lizemore Elementary School","Elementary","Elementary","Elementary",14,2011,2024,88,"016205",2011,2024,FALSE,TRUE,"Status: Approved | Consolidated into: Clay Elementary School","https://wvmetronews.com/2023/12/13/state-boe-votes-to-close-elementary-schools-in-harrison-clay-lincoln-counties/",
"Doddridge","212","Doddridge County Early Learning Academy","Primary","Elementary","Elementary",14,2013,2026,165,"018212",2013,,FALSE,FALSE,,,
"Doddridge","211","Doddridge County Elementary School","Elementary","Elementary","Elementary",16,2011,2026,344,"018211",2011,,FALSE,FALSE,,,
"Doddridge","501","Doddridge County High School","Secondary","High School","High School",16,2011,2026,379,"018501",2011,,FALSE,FALSE,,,
"Doddridge","301","Doddridge County Middle School","Middle","Middle","Middle",16,2011,2026,332,"018301",2011,,FALSE,FALSE,,,
"Fayette","201","Ansted Elementary","Elementary","Elementary","Elementary",16,2011,2026,151,"020201",2011,,FALSE,FALSE,,,
"Fayette","301","Ansted Middle School",,"Middle","Middle",8,2011,2018,244,"020301",2011,2018,FALSE,TRUE,"Status: Approved | Consolidated into: Midland Trail High School (became grades 6<U+2013>12)","https://www.wvgazettemail.com/news/education/wv-approves-fayette-school-closures-spares-meadow-bridge-high/article_da16f083-a309-52ba-9e99-8596b72f9a3f.html",
"Fayette","204","Danese Elementary",,"Elementary","Elementary",2,2011,2012,114,"020204",2011,2012,FALSE,TRUE,"Status: Approved | Consolidated into: Students redistributed; Fayette County consolidation plan","https://www.wvgazettemail.com/news/state-school-board-votes-to-close-two-fayette-county-schools/article_66c2f37d-fd45-5cf2-bf5d-520d8d0b3da0.html",
"Fayette","206","Divide Elementary","Elementary","Elementary","Elementary",16,2011,2026,156,"020206",2011,,FALSE,FALSE,,,
"Fayette","208","Fayetteville Elementary",,"Elementary","Elementary",9,2011,2019,443,"020208",2011,2019,FALSE,TRUE,"Status: Approved | Consolidated into: Fayetteville High (converted to PreK-8) | New school name: Fayetteville PreK-8","https://wvmetronews.com/2017/07/12/west-virginia-education-board-approves-fayette-county-consolidation/",
"Fayette","501","Fayetteville High",,"High School","High School",9,2011,2019,408,"020501",2011,2019,FALSE,TRUE,"Status: Approved | Consolidated into: Converted to PreK-8; HS students to Oak Hill High | New school name: Fayetteville PreK-8","https://wvmetronews.com/2017/07/12/west-virginia-education-board-approves-fayette-county-consolidation/",
"Fayette","101","Fayetteville PK-8","Middle","Elementary + Middle","Elementary + Middle",7,2020,2026,450,"020101",2020,,FALSE,FALSE,,,
"Fayette","210","Gatewood Elementary",,"Elementary","Elementary",9,2011,2019,74,"020210",2011,2019,FALSE,TRUE,"Status: Approved | Consolidated into: Fayetteville High (converted to PreK-8) | New school name: Fayetteville PreK-8","https://wvmetronews.com/2017/07/12/west-virginia-education-board-approves-fayette-county-consolidation/",
"Fayette","211","Gauley Bridge Elementary","Elementary","Elementary","Elementary",12,2011,2022,48,"020211",2011,2022,FALSE,TRUE,"Status: Approved | Consolidated into: Valley PK-8 School (Smithers)","https://woay.com/gauley-bridge-elementary-school-to-officially-close-following-2021-2022-school-year/",
"Fayette","215","Meadow Bridge Elementary","Elementary","Elementary","Elementary",14,2011,2024,205,"020215",2011,2024,FALSE,TRUE,"Status: Closed <U+2014> part of Fayette County consolidation plan | Consolidated into: Meadow Bridge Regional School | New school name: Meadow Bridge Regional School","https://wvmetronews.com/2017/05/17/fayette-county-school-board-approves-closure-consolidation-plan/",
"Fayette","503","Meadow Bridge High","Secondary","High School","High School",14,2011,2024,194,"020503",2011,2024,FALSE,TRUE,"Status: Closed <U+2014> part of Fayette County consolidation plan | Consolidated into: Meadow Bridge Regional School | New school name: Meadow Bridge Regional School","https://wvpublic.org/state-boe-postpones-consolidation-of-a-fayette-county-hs/",
"Fayette","103","Meadow Bridge Regional School","Secondary","Elementary + Middle","High School",2,2025,2026,382,"020103",2025,,FALSE,FALSE,,,
"Fayette","504","Midland Trail High","Secondary","High School","High School",16,2011,2026,603,"020504",2011,,FALSE,FALSE,,,
"Fayette","217","Mount Hope Elementary",,"Elementary","Elementary",9,2011,2019,308,"020217",2011,2019,FALSE,TRUE,"Status: Approved | Consolidated into: New Oak Hill area PreK-2 school","https://wvmetronews.com/2017/07/12/west-virginia-education-board-approves-fayette-county-consolidation/",
"Fayette","505","Mount Hope High School",,"High School","High School",1,2011,2011,302,"020505",2011,2011,FALSE,TRUE,"Status: Closed <U+2014> part of Fayette County consolidation | Consolidated into: Students to Oak Hill High School and other Fayette Co. highs","https://wvmetronews.com/2017/07/12/west-virginia-education-board-approves-fayette-county-consolidation/",
"Fayette","226","New River Elementary",,"Elementary","Elementary",9,2011,2019,754,"020226",2011,2019,FALSE,TRUE,"Status: Approved | Consolidated into: Reconfigured as 3rd<U+2013>5th grade school | New school name: New River Elementary","https://wvmetronews.com/2017/07/12/west-virginia-education-board-approves-fayette-county-consolidation/",
"Fayette","228","New River Intermediate","Elementary","Elementary","Elementary",7,2020,2026,516,"020228",2020,,FALSE,FALSE,,,
"Fayette","227","New River Primary","Primary","Elementary","Elementary",7,2020,2026,570,"020227",2020,,FALSE,FALSE,,,
"Fayette","307","Nuttall Middle School",,"Middle","Middle",2,2011,2012,165,"020307",2011,2012,FALSE,TRUE,"Status: Approved | Consolidated into: Students redistributed; Fayette County consolidation plan","https://www.wvgazettemail.com/news/state-school-board-votes-to-close-two-fayette-county-schools/article_66c2f37d-fd45-5cf2-bf5d-520d8d0b3da0.html",
"Fayette","506","Oak Hill High","Secondary","High School","High School",16,2011,2026,1048,"020506",2011,,FALSE,FALSE,,,
"Fayette","302","Oak Hill Middle School","Middle","Middle","Middle",16,2011,2026,603,"020302",2011,,FALSE,FALSE,,,
"Fayette","223","Rosedale Elementary",,"Middle","Elementary",9,2011,2019,237,"020223",2011,2019,FALSE,TRUE,"Status: Approved | Consolidated into: New Oak Hill area PreK-2 school; New River Elementary (3-5)","https://wvmetronews.com/2017/07/12/west-virginia-education-board-approves-fayette-county-consolidation/",
"Fayette","225","Valley Elementary",,"Elementary","Elementary",9,2011,2019,306,"020225",2011,2019,FALSE,TRUE,"Status: Approved | Consolidated into: Valley High (converted to K-8) | New school name: Valley PreK-8","https://wvmetronews.com/2017/07/12/west-virginia-education-board-approves-fayette-county-consolidation/",
"Fayette","507","Valley High School",,"Alternative","High School",9,2011,2019,420,"020507",2011,2019,FALSE,TRUE,"Status: Approved | Consolidated into: Converted to K-8 | New school name: Valley PreK-8","https://wvmetronews.com/2017/07/12/west-virginia-education-board-approves-fayette-county-consolidation/",
"Fayette","102","Valley PK-8","Middle","Elementary + Middle","Elementary + Middle",7,2020,2026,545,"020102",2020,,FALSE,FALSE,,,
"Gilmer","206","Gilmer County Elementary School","Elementary","Elementary","Elementary",10,2017,2026,311,"022206",2017,,FALSE,FALSE,,,
"Gilmer","501","Gilmer County High School","Secondary","High School","High School",16,2011,2026,401,"022501",2011,,FALSE,FALSE,,,
"Gilmer","201","Glenville Elementary School",,"Elementary","Elementary",6,2011,2016,221,"022201",2011,2016,FALSE,TRUE,"Status: Approved | Consolidated into: New Gilmer County Elementary School (Glenville) | New school name: Gilmer County Elementary","https://www.wvgazettemail.com/news/education/board-approves-closing-boone-roane-schools-hears-fayette-closure-proposal/article_9519554a-b8f1-5183-b4d4-a1535c4a19e4.html",
"Gilmer","202","Normantown Elementary School",,"Elementary","Elementary",6,2011,2016,126,"022202",2011,2016,FALSE,TRUE,"Status: Approved | Consolidated into: New Gilmer County Elementary School (Glenville) | New school name: Gilmer County Elementary","https://www.wvgazettemail.com/news/education/board-approves-closing-boone-roane-schools-hears-fayette-closure-proposal/article_9519554a-b8f1-5183-b4d4-a1535c4a19e4.html",
"Gilmer","203","Sand Fork Elementary School",,"Elementary","Elementary",6,2011,2016,118,"022203",2011,2016,FALSE,TRUE,"Status: Approved | Consolidated into: New Gilmer County Elementary School (Glenville) | New school name: Gilmer County Elementary","https://www.wvgazettemail.com/news/education/board-approves-closing-boone-roane-schools-hears-fayette-closure-proposal/article_9519554a-b8f1-5183-b4d4-a1535c4a19e4.html",
"Gilmer","205","Troy Elementary School",,"Elementary","Elementary",5,2011,2015,92,"022205",2011,2015,FALSE,TRUE,"Status: Approved | Consolidated into: New Gilmer County Elementary School (Glenville) | New school name: Gilmer County Elementary","https://www.wvgazettemail.com/news/education/board-approves-closing-boone-roane-schools-hears-fayette-closure-proposal/article_9519554a-b8f1-5183-b4d4-a1535c4a19e4.html",
"Grant","201","Dorcas Elementary School",,"Elementary","Elementary",3,2011,2013,46,"024201",2011,2013,FALSE,TRUE,"Status: Closed | Consolidated into: Students moved to other Grant County schools","https://en.wikipedia.org/wiki/Grant_County_Schools","https://www.publicschoolreview.com/dorcas-elementary-school-profile"
"Grant","202","Maysville Elementary School","Elementary","Elementary","Elementary",16,2011,2026,207,"024202",2011,,FALSE,FALSE,,,
"Grant","203","Petersburg Elementary School","Elementary","Elementary","Elementary",16,2011,2026,603,"024203",2011,,FALSE,FALSE,,,
"Grant","501","Petersburg High School","Secondary","High School","High School",16,2011,2026,586,"024501",2011,,FALSE,FALSE,,,
"Grant","101","Union Educational Complex","Secondary","Elementary + Middle","High School",16,2011,2026,174,"024101",2011,,FALSE,FALSE,,,
"Greenbrier","201","Alderson Elementary","Elementary","Elementary","Elementary",16,2011,2026,172,"026201",2011,,FALSE,FALSE,,,
"Greenbrier","101","Crichton Elementary","Elementary","Middle","Elementary",16,2011,2026,66,"026101",2011,,FALSE,FALSE,,,
"Greenbrier","406","Eastern Greenbrier Middle School","Middle","Middle","Middle",16,2011,2026,669,"026406",2011,,FALSE,FALSE,,,
"Greenbrier","204","Frankford Elementary","Elementary","Elementary","Elementary",16,2011,2026,211,"026204",2011,,FALSE,FALSE,,,
"Greenbrier","501","Greenbrier East High School","Secondary","High School","High School",16,2011,2026,943,"026501",2011,,FALSE,FALSE,,,
"Greenbrier","502","Greenbrier West High School","Secondary","High School","High School",16,2011,2026,363,"026502",2011,,FALSE,FALSE,,,
"Greenbrier","205","Lewisburg Elementary","Elementary","Elementary","Elementary",16,2011,2026,397,"026205",2011,,FALSE,FALSE,,,
"Greenbrier","102","Rainelle Elementary","Elementary","Elementary","Elementary",16,2011,2026,190,"026102",2011,,FALSE,FALSE,,,
"Greenbrier","207","Ronceverte Elementary","Elementary","Elementary","Elementary",16,2011,2026,334,"026207",2011,,FALSE,FALSE,,,
"Greenbrier","103","Rupert Elementary","Elementary","High School","Elementary",16,2011,2026,147,"026103",2011,,FALSE,FALSE,,,
"Greenbrier","104","Smoot Elementary","Elementary","Elementary","Elementary",16,2011,2026,144,"026104",2011,,FALSE,FALSE,,,
"Greenbrier","599","The Achievement Center","Alternative","Alternative","Alternative",4,2023,2026,26,"026599",2023,,FALSE,FALSE,,,
"Greenbrier","407","Western Greenbrier Middle School","Middle","Middle","Middle",16,2011,2026,265,"026407",2011,,FALSE,FALSE,,,
"Greenbrier","208","White Sulphur Elementary","Elementary","Elementary","Elementary",16,2011,2026,283,"026208",2011,,FALSE,FALSE,,,
"Hampshire","201","Augusta Elementary School","Elementary","Elementary","Elementary",14,2011,2024,303,"028201",2011,2024,FALSE,TRUE,"Status: Approved | Consolidated into: Windy Ridge Elementary School (new, Augusta area) | New school name: Windy Ridge Elementary","https://www.wvgazettemail.com/news/education/wv-school-building-authority-giving-hampshire-county-24m-to-consolidate-elementary-schools/article_d3836660-164b-5627-ac06-3699057b9050.html",
"Hampshire","209","Capon Bridge Elementary School","Elementary","Elementary","Elementary",16,2011,2026,324,"028209",2011,,FALSE,FALSE,,,
"Hampshire","401","Capon Bridge Middle School","Middle","Middle","Middle",16,2011,2026,197,"028401",2011,,FALSE,FALSE,,,
"Hampshire","501","Hampshire Senior High School","Secondary","High School","High School",16,2011,2026,723,"028501",2011,,FALSE,FALSE,,,
"Hampshire","210","Ice Mountain Elementary School","Elementary","Elementary","Elementary",2,2025,2026,210,"028210",2025,,FALSE,FALSE,,,
"Hampshire","204","John J. Cornwell","Elementary","Elementary","Elementary",12,2011,2022,22,"028204",2011,2022,FALSE,TRUE,"Status: Approved | Consolidated into: South Branch Elementary School (new, Romney) | New school name: South Branch Elementary","https://www.wvgazettemail.com/news/education/wv-school-building-authority-giving-hampshire-county-24m-to-consolidate-elementary-schools/article_d3836660-164b-5627-ac06-3699057b9050.html",
"Hampshire","206","Romney Elementary School","Elementary","Elementary","Elementary",14,2011,2024,479,"028206",2011,2024,FALSE,TRUE,"Status: Approved | Consolidated into: South Branch Elementary School (new, Romney) | New school name: South Branch Elementary","https://www.wvgazettemail.com/news/education/wv-school-building-authority-giving-hampshire-county-24m-to-consolidate-elementary-schools/article_d3836660-164b-5627-ac06-3699057b9050.html",
"Hampshire","402","Romney Middle School","Middle","Middle","Middle",16,2011,2026,366,"028402",2011,,FALSE,FALSE,,,
"Hampshire","207","Slanesville Elementary School","Elementary","Elementary","Elementary",14,2011,2024,206,"028207",2011,2024,FALSE,TRUE,"Status: Approved | Consolidated into: Ice Mountain Elementary School (new, Slanesville area) | New school name: Ice Mountain Elementary","https://www.wvgazettemail.com/news/education/wv-school-building-authority-giving-hampshire-county-24m-to-consolidate-elementary-schools/article_d3836660-164b-5627-ac06-3699057b9050.html",
"Hampshire","212","South Branch Elementary School","Elementary","Elementary","Elementary",2,2025,2026,501,"028212",2025,,FALSE,FALSE,,,
"Hampshire","208","Springfield-Green Spring Elementary Sch","Elementary","Elementary","Elementary",14,2011,2024,71,"028208",2011,2024,FALSE,TRUE,"Status: Approved | Consolidated into: Ice Mountain Elementary School (new) | New school name: Ice Mountain Elementary","https://www.wvgazettemail.com/news/education/wv-school-building-authority-giving-hampshire-county-24m-to-consolidate-elementary-schools/article_d3836660-164b-5627-ac06-3699057b9050.html",
"Hampshire","211","Windy Ridge Elementary School","Elementary","Elementary","Elementary",2,2025,2026,338,"028211",2025,,FALSE,FALSE,,,
"Hancock","210","A. T. Allison Elementary School","Elementary","Elementary","Elementary",16,2011,2026,246,"029210",2011,,FALSE,FALSE,,,
"Hancock","201","Broadview Elementary School",,"Elementary","Elementary",4,2011,2014,330,"029201",2011,2014,FALSE,TRUE,"Status: Approved | Consolidated into: New Weirton Elementary School | New school name: Weirton Elementary","https://www.weirtondailytimes.com/opinion/local-columns/2023/08/history-in-the-hills-lets-go-back-to-school/","https://www.weirtondailytimes.com/news/local-news/2014/08/school-opens-on-aug-20/"
"Hancock","205","Liberty Elementary School",,"Elementary","Elementary",4,2011,2014,238,"029205",2011,2014,FALSE,TRUE,"Status: Approved | Consolidated into: New Weirton Elementary School | New school name: Weirton Elementary","https://www.weirtondailytimes.com/opinion/local-columns/2023/08/history-in-the-hills-lets-go-back-to-school/","https://www.weirtondailytimes.com/news/local-news/2014/08/school-opens-on-aug-20/"
"Hancock","208","New Manchester Elementary School","Elementary","Elementary","Elementary",16,2011,2026,271,"029208",2011,,FALSE,FALSE,,,
"Hancock","501","Oak Glen High School","Secondary","High School","High School",16,2011,2026,479,"029501",2011,,FALSE,FALSE,,,
"Hancock","303","Oak Glen Middle School","Middle","Middle","Middle",16,2011,2026,448,"029303",2011,,FALSE,FALSE,,,
"Hancock","502","Weir High School","Secondary","High School","High School",16,2011,2026,590,"029502",2011,,FALSE,FALSE,,,
"Hancock","301","Weir Middle School","Middle","Middle","Middle",16,2011,2026,489,"029301",2011,,FALSE,FALSE,,,
"Hancock","211","Weirton Elementary","Elementary","Elementary","Elementary",12,2015,2026,752,"029211",2015,,FALSE,FALSE,,,
"Hancock","209","Weirton Heights Elementary School",,"Elementary","Elementary",4,2011,2014,420,"029209",2011,2014,FALSE,TRUE,"Status: Approved | Consolidated into: New Weirton Elementary School | New school name: Weirton Elementary","https://www.weirtondailytimes.com/opinion/local-columns/2023/08/history-in-the-hills-lets-go-back-to-school/","https://www.weirtondailytimes.com/news/local-news/2014/08/school-opens-on-aug-20/"
"Hardy","204","East Hardy Elementary School","Elementary","Elementary + Middle","Elementary + Middle",16,2011,2026,360,"031204",2011,,FALSE,FALSE,,,
"Hardy","501","East Hardy High School","Secondary","High School","High School",16,2011,2026,295,"031501",2011,,FALSE,FALSE,,,
"Hardy","202","Moorefield Elementary School","Primary","Elementary","Elementary",16,2011,2026,426,"031202",2011,,FALSE,FALSE,,,
"Hardy","502","Moorefield High School","Secondary","High School","High School",16,2011,2026,444,"031502",2011,,FALSE,FALSE,,,
"Hardy","205","Moorefield Intermediate School","Elementary","Elementary","Elementary",16,2011,2026,320,"031205",2011,,FALSE,FALSE,,,
"Hardy","301","Moorefield Middle School","Middle","Middle","Middle",16,2011,2026,309,"031301",2011,,FALSE,FALSE,,,
"Harrison","201","Adamston Elementary School","Elementary","Elementary","Elementary",12,2011,2022,213,"033201",2011,2022,FALSE,TRUE,"Status: Approved | Consolidated into: Victory Elementary School (new) | New school name: Victory Elementary","https://www.wdtv.com/content/news/Harrison-County-School-Board-could-vote-Tuesday-about-school-consolidation-plan-561905701.html",
"Harrison","231","Big Elm Elementary School","Elementary","Elementary","Elementary",16,2011,2026,543,"033231",2011,,FALSE,FALSE,,,
"Harrison","501","Bridgeport High School","Secondary","High School","High School",16,2011,2026,781,"033501",2011,,FALSE,FALSE,,,
"Harrison","303","Bridgeport Middle School","Middle","Middle","Middle",16,2011,2026,578,"033303",2011,,FALSE,FALSE,,,
"Harrison","509","Evolution High School","Alternative","Alternative","Alternative",12,2015,2026,18,"033509",2015,,FALSE,FALSE,,,
"Harrison","310","Evolution Middle School","Alternative","Middle","Alternative",5,2018,2026,10,"033310",2018,,TRUE,FALSE,,,
"Harrison","208","Johnson Elementary School","Elementary","Elementary","Elementary",16,2011,2026,735,"033208",2011,,FALSE,FALSE,,,
"Harrison","502","Liberty High School","Secondary","High School","High School",15,2011,2025,346,"033502",2011,2025,FALSE,TRUE,"Status: Approved | Consolidated into: Robert C. Byrd High School | New school name: Liberty Middle School (building repurposed)","https://www.wboy.com/news/harrison/wv-board-of-education-approves-harrison-county-closures-and-consolidations/",
"Harrison","311","Liberty Middle School","Middle","Middle","Middle",1,2026,2026,759,"033311",2026,,FALSE,FALSE,,,
"Harrison","503","Lincoln High School","Secondary","High School","High School",16,2011,2026,560,"033503",2011,,FALSE,FALSE,,,
"Harrison","304","Lincoln Middle School","Middle","Middle","Middle",16,2011,2026,377,"033304",2011,,FALSE,FALSE,,,
"Harrison","210","Lost Creek Elementary School","Elementary","Elementary","Elementary",16,2011,2026,103,"033210",2011,,FALSE,FALSE,,,
"Harrison","211","Lumberport Elementary School","Elementary","Elementary","Elementary",16,2011,2026,226,"033211",2011,,FALSE,FALSE,,,
"Harrison","213","Mountaineer Elementary School","Elementary","Elementary","Elementary",16,2011,2026,224,"033213",2011,,FALSE,FALSE,,,
"Harrison","309","Mountaineer Middle School","Middle","Middle","Middle",15,2011,2025,351,"033309",2011,2025,FALSE,TRUE,"Status: Approved | Consolidated into: Liberty Middle School (Liberty HS building) | New school name: Liberty Middle School","https://wvmetronews.com/2024/05/08/state-boe-approves-harrison-county-school-closings/",
"Harrison","214","Norwood Elementary School","Elementary","Elementary","Elementary",13,2011,2023,285,"033214",2011,2023,FALSE,TRUE,"Status: Approved (emergency closure) | Consolidated into: Simpson Elementary School","https://www.wdtv.com/2023/12/14/wvbe-approves-norwood-elementary-closure/",
"Harrison","233","Nutter Fort Intermediate School","Elementary","Elementary","Elementary",16,2011,2026,448,"033233",2011,,FALSE,FALSE,,,
"Harrison","232","Nutter Fort Primary School","Primary","Elementary","Elementary",16,2011,2026,548,"033232",2011,,FALSE,FALSE,,,
"Harrison","603","Pressley Ridge School",,"High School","High School",5,2011,2015,33,"033603",2011,2015,FALSE,TRUE,"Status: Closed | Consolidated into: Closed <U+2014> private residential school program ended","https://wvpolicy.org/tracking-public-school-closures-in-wv/",
"Harrison","506","Robert C Byrd High School","Secondary","High School","High School",16,2011,2026,954,"033506",2011,,FALSE,FALSE,,,
"Harrison","234","Salem Elementary","Elementary","Elementary","Elementary",16,2011,2026,145,"033234",2011,,FALSE,FALSE,,,
"Harrison","220","Simpson Elementary School","Elementary","Elementary","Elementary",16,2011,2026,500,"033220",2011,,FALSE,FALSE,,,
"Harrison","505","South Harrison High School","Secondary","High School","High School",16,2011,2026,350,"033505",2011,,FALSE,FALSE,,,
"Harrison","308","South Harrison Middle School","Middle","Middle","Middle",16,2011,2026,225,"033308",2011,,FALSE,FALSE,,,
"Harrison","507","United High School","Alternative","Alternative","Alternative",10,2017,2026,147,"033507",2017,,FALSE,FALSE,,,
"Harrison","701","United Technical Center",,"High School","High School",4,2011,2014,3,"033701",2011,2014,FALSE,TRUE,"Status: Closed | Consolidated into: Vocational programs moved to United Technical Center (multi-county) | New school name: United Technical Center","https://wvpolicy.org/tracking-public-school-closures-in-wv/",
"Harrison","236","Victory Elementary School","Elementary","Elementary","Elementary",4,2023,2026,303,"033236",2023,,FALSE,FALSE,,,
"Harrison","307","Washington Irving Middle School","Middle","Middle","Middle",15,2011,2025,533,"033307",2011,2025,FALSE,TRUE,"Status: Approved | Consolidated into: Liberty Middle School (Liberty HS building) | New school name: Liberty Middle School","https://wvmetronews.com/2024/05/08/state-boe-approves-harrison-county-school-closings/",
"Harrison","225","West Milford Elementary School","Elementary","Elementary","Elementary",16,2011,2026,384,"033225",2011,,FALSE,FALSE,,,
"Harrison","226","Wilsonburg Elementary School","Elementary","Elementary","Elementary",12,2011,2022,170,"033226",2011,2022,FALSE,TRUE,"Status: Approved | Consolidated into: Victory Elementary School (new) | New school name: Victory Elementary","https://www.wdtv.com/content/news/Harrison-County-School-Board-could-vote-Tuesday-about-school-consolidation-plan-561905701.html",
"Jackson","201","Cottageville Elementary School","Elementary","Elementary","Elementary",16,2011,2026,150,"035201",2011,,FALSE,FALSE,,,
"Jackson","203","Evans Elementary School","Elementary","Elementary","Elementary",16,2011,2026,148,"035203",2011,,FALSE,FALSE,,,
"Jackson","204","Fairplain Elementary School","Elementary","Elementary","Elementary",16,2011,2026,149,"035204",2011,,FALSE,FALSE,,,
"Jackson","205","Gilmore Elementary School","Elementary","Elementary","Elementary",16,2011,2026,159,"035205",2011,,FALSE,FALSE,,,
"Jackson","207","Henry J Kaiser Elementary School","Primary","Elementary","Elementary",16,2011,2026,280,"035207",2011,,FALSE,FALSE,,,
"Jackson","206","Kenna Elementary School","Elementary","Elementary","Elementary",16,2011,2026,209,"035206",2011,,FALSE,FALSE,,,
"Jackson","208","Ravenswood Grade School","Elementary","Elementary","Elementary",16,2011,2026,209,"035208",2011,,FALSE,FALSE,,,
"Jackson","501","Ravenswood High School","Secondary","High School","High School",16,2011,2026,390,"035501",2011,,FALSE,FALSE,,,
"Jackson","301","Ravenswood Middle School","Middle","Middle","Middle",16,2011,2026,295,"035301",2011,,FALSE,FALSE,,,
"Jackson","209","Ripley Elementary School","Elementary","Elementary","Elementary",16,2011,2026,593,"035209",2011,,FALSE,FALSE,,,
"Jackson","502","Ripley High School","Secondary","High School","High School",16,2011,2026,755,"035502",2011,,FALSE,FALSE,,,
"Jackson","302","Ripley Middle School","Middle","Middle","Middle",16,2011,2026,557,"035302",2011,,FALSE,FALSE,,,
"Jefferson","201","Blue Ridge Elementary School","Elementary","Elementary","Elementary",16,2011,2026,339,"037201",2011,,FALSE,FALSE,,,
"Jefferson","211","Blue Ridge Primary",,"Elementary","Elementary",4,2013,2016,175,"037211",2013,2016,FALSE,TRUE,"Status: Closed | Consolidated into: Students redistributed within Jefferson County","https://wvpolicy.org/tracking-public-school-closures-in-wv/",
"Jefferson","206","C. W. Shipley Elementary School","Elementary","Elementary","Elementary",16,2011,2026,286,"037206",2011,,FALSE,FALSE,,,
"Jefferson","401","Charles Town Middle School","Middle","Middle","Middle",16,2011,2026,606,"037401",2011,,FALSE,FALSE,,,
"Jefferson","210","Driswood Elementary School","Elementary","Elementary","Elementary",16,2011,2026,326,"037210",2011,,FALSE,FALSE,,,
"Jefferson","402","Harpers Ferry Middle School","Middle","Middle","Middle",16,2011,2026,533,"037402",2011,,FALSE,FALSE,,,
"Jefferson","501","Jefferson High School","Secondary","High School","High School",16,2011,2026,1410,"037501",2011,,FALSE,FALSE,,,
"Jefferson","202","North Jefferson Elementary","Elementary","Elementary","Elementary",16,2011,2026,247,"037202",2011,,FALSE,FALSE,,,
"Jefferson","203","Page Jackson Elementary","Primary","Elementary","Elementary",16,2011,2026,398,"037203",2011,,FALSE,FALSE,,,
"Jefferson","204","Ranson Elementary School","Elementary","Elementary","Elementary",16,2011,2026,314,"037204",2011,,FALSE,FALSE,,,
"Jefferson","205","Shepherdstown Elementary School","Elementary","Elementary","Elementary",16,2011,2026,318,"037205",2011,,FALSE,FALSE,,,
"Jefferson","403","Shepherdstown Middle School","Middle","Middle","Middle",16,2011,2026,270,"037403",2011,,FALSE,FALSE,,,
"Jefferson","207","South Jefferson Elementary School","Elementary","Elementary","Elementary",16,2011,2026,410,"037207",2011,,FALSE,FALSE,,,
"Jefferson","209","T A Lowery Elementary School","Elementary","Elementary","Elementary",16,2011,2026,527,"037209",2011,,FALSE,FALSE,,,
"Jefferson","502","Washington High School","Secondary","High School","High School",16,2011,2026,1402,"037502",2011,,FALSE,FALSE,,,
"Jefferson","404","Wildwood Middle School","Middle","Middle","Middle",16,2011,2026,443,"037404",2011,,FALSE,FALSE,,,
"Jefferson","208","Wright Denny Intermediate School","Elementary","Elementary","Elementary",16,2011,2026,384,"037208",2011,,FALSE,FALSE,,,
"Kanawha","201","Alban Elementary School","Elementary","Elementary","Elementary",16,2011,2026,347,"039201",2011,,FALSE,FALSE,,,
"Kanawha","202","Alum Creek Elementary School","Elementary","Elementary","Elementary",16,2011,2026,143,"039202",2011,,FALSE,FALSE,,,
"Kanawha","402","Andrew Jackson Middle School","Middle","Middle","Middle",16,2011,2026,509,"039402",2011,,FALSE,FALSE,,,
"Kanawha","203","Andrews Heights Elementary School","Elementary","Elementary","Elementary",16,2011,2026,213,"039203",2011,,FALSE,FALSE,,,
"Kanawha","204","Anne Bailey Elementary School","Elementary","Elementary","Elementary",16,2011,2026,208,"039204",2011,,FALSE,FALSE,,,
"Kanawha","206","Belle Elementary School","Elementary","Elementary","Elementary",16,2011,2026,252,"039206",2011,,FALSE,FALSE,"Status: Approved <U+2014> open until new school built (~2028) | Consolidated into: New Eastern Kanawha Elementary Center | New school name: Eastern Kanawha Elementary Center","https://wvmetronews.com/2025/03/31/kanawha-boe-beginning-process-for-new-consolidated-elementary-school-on-countys-eastern-end/",
"Kanawha","701","Ben Franklin Vocational Center",,"High School","High School",1,2017,2017,12,"039701",2017,2017,FALSE,TRUE,"Status: Closed | Consolidated into: Closed <U+2014> vocational programs restructured","https://wvpolicy.org/tracking-public-school-closures-in-wv/",
"Kanawha","209","Bonham Elementary School",,"Elementary","Elementary",1,2011,2011,155,"039209",2011,2011,FALSE,TRUE,"Status: Closed | Consolidated into: Students redistributed to nearby Kanawha County elementaries","https://wvpolicy.org/tracking-public-school-closures-in-wv/",
"Kanawha","211","Bridge Elementary School","Elementary","Elementary","Elementary",11,2011,2021,86,"039211",2011,2021,FALSE,TRUE,"Status: Approved | Consolidated into: New Elk Elementary Center (with former Clendenin students) | New school name: Elk Elementary Center","https://wchstv.com/news/local/kanawha-county-board-of-education-approves-closure-of-bridge-elementary-school",
"Kanawha","280","Bridgeview Elementary School","Elementary","Elementary","Elementary",16,2011,2026,381,"039280",2011,,FALSE,FALSE,,,
"Kanawha","513","Capital High School","Secondary","High School","High School",16,2011,2026,993,"039513",2011,,FALSE,FALSE,,,
"Kanawha","213","Cedar Grove Elementary School","Elementary","Elementary","Elementary",16,2011,2026,173,"039213",2011,,FALSE,FALSE,,,
"Kanawha","403","Cedar Grove Middle School","Middle","Middle","Middle",12,2011,2022,143,"039403",2011,2022,FALSE,TRUE,"Status: Approved | Consolidated into: DuPont Middle School","https://www.wowktv.com/news/education/cedar-grove-middle-closing-students-being-sent-to-dupont-in-fall-2022/",
"Kanawha","214","Central Elementary School","Elementary","Elementary","Elementary",16,2011,2026,306,"039214",2011,,FALSE,FALSE,,,
"Kanawha","215","Chamberlain Elementary School","Elementary","Elementary","Elementary",16,2011,2026,192,"039215",2011,,FALSE,FALSE,,,
"Kanawha","218","Chesapeake Elementary School","Elementary","Elementary","Elementary",16,2011,2026,211,"039218",2011,,FALSE,FALSE,,,
"Kanawha","219","Clendenin Elementary School","Elementary","Elementary","Elementary",16,2011,2026,319,"039219",2011,,FALSE,FALSE,,,
"Kanawha","220","Cross Lanes Elementary School","Elementary","Elementary","Elementary",16,2011,2026,275,"039220",2011,,FALSE,FALSE,,,
"Kanawha","406","Du Pont Middle School","Middle","Middle","Middle",16,2011,2026,593,"039406",2011,,FALSE,FALSE,,,
"Kanawha","283","Dunbar Intermediate Center","Elementary","Elementary","Elementary",16,2011,2026,235,"039283",2011,,FALSE,FALSE,,,
"Kanawha","405","Dunbar Middle School","Middle","Middle","Middle",16,2011,2026,288,"039405",2011,,FALSE,FALSE,,,
"Kanawha","222","Dunbar Primary Center","Primary","Elementary","Elementary",16,2011,2026,265,"039222",2011,,FALSE,FALSE,,,
"Kanawha","407","East Bank Middle School","Middle","Middle","Middle",15,2011,2025,227,"039407",2011,2025,FALSE,TRUE,"Status: Approved | Consolidated into: DuPont Middle School","https://www.wvgazettemail.com/news/education/wv-board-of-ed-kanawha-schools-closures-pass-hope-scholarship-under-fire/article_526f8264-a2b9-11ef-bf0d-772e4911c58f.html",
"Kanawha","285","Edgewood Elementary School","Elementary","Elementary","Elementary",12,2015,2026,358,"039285",2015,,FALSE,FALSE,,,
"Kanawha","279","Elk Elementary Center","Elementary","Elementary","Elementary",16,2011,2026,451,"039279",2011,,FALSE,FALSE,,,
"Kanawha","408","Elkview Middle School","Middle","Middle","Middle",16,2011,2026,567,"039408",2011,,FALSE,FALSE,,,
"Kanawha","226","Flinn Elementary School","Elementary","Elementary","Elementary",16,2011,2026,409,"039226",2011,,FALSE,FALSE,,,
"Kanawha","276","George C. Weimer Elementary School","Elementary","Elementary","Elementary",14,2011,2024,134,"039276",2011,2024,FALSE,TRUE,"Status: Approved | Consolidated into: Alban Elementary and Bridgeview Elementary","https://www.wowktv.com/news/west-virginia/kanawha-county-wv/west-virginia-board-of-education-votes-to-close-3-kanawha-county-elementary-schools/",
"Kanawha","506","George Washington High School","Secondary","High School","High School",16,2011,2026,1173,"039506",2011,,FALSE,FALSE,,,
"Kanawha","286","Grandview Annex","Primary","Elementary","Elementary",2,2025,2026,14,"039286",2025,,FALSE,FALSE,,,
"Kanawha","231","Grandview Elementary School","Elementary","Elementary","Elementary",14,2011,2024,133,"039231",2011,2024,FALSE,TRUE,"Status: Approved | Consolidated into: Mary C. Snow West Side Elementary and Edgewood Elementary","https://wvmetronews.com/2023/06/14/state-boe-votes-to-close-3-kanawha-county-elementary-schools/",
"Kanawha","409","Hayes Middle School","Middle","Middle","Middle",16,2011,2026,648,"039409",2011,,FALSE,FALSE,,,
"Kanawha","507","Herbert Hoover High School","Secondary","Alternative","High School",16,2011,2026,794,"039507",2011,,FALSE,FALSE,,,
"Kanawha","234","Holz Elementary School","Elementary","Elementary","Elementary",16,2011,2026,392,"039234",2011,,FALSE,FALSE,,,
"Kanawha","410","Horace Mann Middle School","Middle","Middle","Middle",16,2011,2026,354,"039410",2011,,FALSE,FALSE,,,
"Kanawha","258","J E Robins Elementary School",,"Elementary","Elementary",4,2011,2014,204,"039258",2011,2014,FALSE,TRUE,"Status: Approved | Consolidated into: New Edgewood Elementary School | New school name: Edgewood Elementary","https://www.wvgazettemail.com/news/west-side-schools-to-close-edgewood-school-of-the-future-to-open/article_30f14667-21c3-534b-9102-f8db40134b20.html",
"Kanawha","401","John Adams Middle School","Middle","Middle","Middle",16,2011,2026,768,"039401",2011,,FALSE,FALSE,,,
"Kanawha","599","KCS Alternative Learning","Alternative","Elementary + Middle","Alternative",16,2011,2026,67,"039599",2011,,FALSE,FALSE,,,
"Kanawha","235","Kanawha City Elementary School","Elementary","Elementary","Elementary",16,2011,2026,218,"039235",2011,,FALSE,FALSE,,,
"Kanawha","237","Kenna Elementary School","Elementary","Elementary","Elementary",16,2011,2026,167,"039237",2011,,FALSE,FALSE,,,
"Kanawha","239","Lakewood Elementary School","Elementary","Elementary","Elementary",16,2011,2026,296,"039239",2011,,FALSE,FALSE,,,
"Kanawha","241","Malden Elementary School","Elementary","Elementary","Elementary",16,2011,2026,176,"039241",2011,,FALSE,FALSE,"Status: Approved <U+2014> open until new school built (~2028) | Consolidated into: New Eastern Kanawha Elementary Center | New school name: Eastern Kanawha Elementary Center","https://wvmetronews.com/2025/03/31/kanawha-boe-beginning-process-for-new-consolidated-elementary-school-on-countys-eastern-end/",
"Kanawha","242","Marmet Elementary School","Elementary","Elementary","Elementary",14,2011,2024,103,"039242",2011,2024,FALSE,TRUE,"Status: Approved | Consolidated into: Chesapeake Elementary School","https://wvmetronews.com/2023/06/14/state-boe-votes-to-close-3-kanawha-county-elementary-schools/",
"Kanawha","284","Mary C. Snow West Side Elementary","Elementary","Elementary","Elementary",16,2011,2026,410,"039284",2011,,FALSE,FALSE,,,
"Kanawha","243","Mary Ingles Elementary School","Elementary","Elementary","Elementary",16,2011,2026,131,"039243",2011,,FALSE,FALSE,"Status: Approved <U+2014> open until new school built (~2028) | Consolidated into: New Eastern Kanawha Elementary Center | New school name: Eastern Kanawha Elementary Center","https://wvmetronews.com/2025/03/31/kanawha-boe-beginning-process-for-new-consolidated-elementary-school-on-countys-eastern-end/",
"Kanawha","413","McKinley Middle School","Middle","Middle","Middle",15,2011,2025,255,"039413",2011,2025,FALSE,TRUE,"Status: Approved | Consolidated into: Hayes Middle School","https://www.wvgazettemail.com/news/education/wv-board-of-ed-kanawha-schools-closures-pass-hope-scholarship-under-fire/article_526f8264-a2b9-11ef-bf0d-772e4911c58f.html",
"Kanawha","244","Midland Trail Elementary School","Elementary","Elementary","Elementary",16,2011,2026,145,"039244",2011,,FALSE,FALSE,"Status: Approved <U+2014> open until new school built (~2028) | Consolidated into: New Eastern Kanawha Elementary Center | New school name: Eastern Kanawha Elementary Center","https://wvmetronews.com/2025/03/31/kanawha-boe-beginning-process-for-new-consolidated-elementary-school-on-countys-eastern-end/",
"Kanawha","246","Montrose Elementary School","Elementary","Elementary","Elementary",16,2011,2026,227,"039246",2011,,FALSE,FALSE,,,
"Kanawha","248","Nitro Elementary School","Elementary","Elementary","Elementary",16,2011,2026,328,"039248",2011,,FALSE,FALSE,,,
"Kanawha","508","Nitro High School","Secondary","High School","High School",16,2011,2026,755,"039508",2011,,FALSE,FALSE,,,
"Kanawha","250","Overbrook Elementary School","Elementary","Elementary","Elementary",16,2011,2026,355,"039250",2011,,FALSE,FALSE,,,
"Kanawha","282","Piedmont Year-Round Education","Elementary","Elementary","Elementary",16,2011,2026,272,"039282",2011,,FALSE,FALSE,,,
"Kanawha","253","Pinch Elementary School","Elementary","Elementary","Elementary",16,2011,2026,316,"039253",2011,,FALSE,FALSE,,,
"Kanawha","254","Point Harmony Elementary School","Elementary","Elementary","Elementary",16,2011,2026,440,"039254",2011,,FALSE,FALSE,,,
"Kanawha","255","Pratt Elementary School","Elementary","Elementary","Elementary",16,2011,2026,137,"039255",2011,,FALSE,FALSE,,,
"Kanawha","257","Richmond Elementary School","Elementary","Elementary","Elementary",16,2011,2026,206,"039257",2011,,FALSE,FALSE,,,
"Kanawha","514","Riverside High School","Secondary","High School","High School",16,2011,2026,971,"039514",2011,,FALSE,FALSE,,,
"Kanawha","260","Ruffner Elementary School","Elementary","Elementary","Elementary",16,2011,2026,279,"039260",2011,,FALSE,FALSE,,,
"Kanawha","261","Ruthlawn Elementary School","Elementary","Elementary","Elementary",16,2011,2026,227,"039261",2011,,FALSE,FALSE,,,
"Kanawha","509","Saint Albans High School","Secondary","Alternative","High School",16,2011,2026,845,"039509",2011,,FALSE,FALSE,,,
"Kanawha","262","Sharon Dawes Elementary School","Elementary","Elementary","Elementary",16,2011,2026,127,"039262",2011,,FALSE,FALSE,,,
"Kanawha","263","Shoals Elementary School","Elementary","Elementary","Elementary",16,2011,2026,195,"039263",2011,,FALSE,FALSE,,,
"Kanawha","264","Sissonville Elementary School","Elementary","Elementary","Elementary",16,2011,2026,216,"039264",2011,,FALSE,FALSE,,,
"Kanawha","510","Sissonville High School","Secondary","High School","High School",16,2011,2026,534,"039510",2011,,FALSE,FALSE,,,
"Kanawha","417","Sissonville Middle School","Middle","Middle","Middle",16,2011,2026,508,"039417",2011,,FALSE,FALSE,,,
"Kanawha","511","South Charleston High School","Secondary","High School","High School",16,2011,2026,811,"039511",2011,,FALSE,FALSE,,,
"Kanawha","418","South Charleston Middle School","Middle","Middle","Middle",16,2011,2026,372,"039418",2011,,FALSE,FALSE,,,
"Kanawha","501","Tyler Middle School",,"High School","Middle",2,2011,2012,74,"039501",2011,2012,FALSE,TRUE,"Status: Closed | Consolidated into: Students redistributed to other Kanawha County middle schools","https://wvpolicy.org/tracking-public-school-closures-in-wv/",
"Kanawha","274","Watts Elementary School",,"Elementary","Elementary",4,2011,2014,196,"039274",2011,2014,FALSE,TRUE,"Status: Approved | Consolidated into: New Edgewood Elementary School | New school name: Edgewood Elementary","https://www.wvgazettemail.com/news/west-side-schools-to-close-edgewood-school-of-the-future-to-open/article_30f14667-21c3-534b-9102-f8db40134b20.html",
"Kanawha","275","Weberwood Elementary School","Elementary","Elementary","Elementary",16,2011,2026,221,"039275",2011,,FALSE,FALSE,,,
"Kanawha","421","West Side Middle School","Middle","Middle","Middle",16,2011,2026,315,"039421",2011,,FALSE,FALSE,,,
"Kanawha","278","William J Raglin Center","Primary","Elementary","Elementary",14,2011,2024,29,"039278",2011,2024,FALSE,TRUE,"Status: Approved | Consolidated into: PreK relocated; community programs transferred","https://www.wvgazettemail.com/news/education/state-school-board-approves-kanawha-closures/article_ac8bb7ae-c81e-5318-82c6-83a08b392eeb.html",
"Lewis","201","Alum Bridge Elementary School",,"Elementary","Elementary",5,2011,2015,98,"041201",2011,2015,FALSE,TRUE,"Status: Replaced | Consolidated into: Leading Creek Elementary School | New school name: Leading Creek Elementary","https://www.publicschoolreview.com/alum-bridge-elementary-school-profile","https://www.wvpress.org/copydesk/wv-press-videos/w-va-s-first-intercounty-elementary-soon-to-open/"
"Lewis","208","Jane Lew Elementary School","Elementary","Elementary","Elementary",16,2011,2026,272,"041208",2011,,FALSE,FALSE,,,
"Lewis","202","Leading Creek Elementary","Elementary","Elementary","Elementary",11,2016,2026,106,"041202",2016,,FALSE,FALSE,,,
"Lewis","501","Lewis County High School","Secondary","High School","High School",16,2011,2026,690,"041501",2011,,FALSE,FALSE,,,
"Lewis","207","Peterson-Central Elementary School","Elementary","Elementary","Elementary",16,2011,2026,478,"041207",2011,,FALSE,FALSE,,,
"Lewis","205","Roanoke Elementary School","Elementary","Elementary","Elementary",16,2011,2026,139,"041205",2011,,FALSE,FALSE,,,
"Lewis","301","Robert L. Bland Middle School","Middle","Middle","Middle",16,2011,2026,457,"041301",2011,,FALSE,FALSE,,,
"Lincoln","101","Duval PK-8","Middle","Elementary + Middle","Elementary + Middle",16,2011,2026,281,"043101",2011,,FALSE,FALSE,,,
"Lincoln","301","Guyan Valley Middle School","Middle","Middle","Middle",16,2011,2026,178,"043301",2011,,FALSE,FALSE,,,
"Lincoln","102","Hamlin PK-8","Middle","Elementary + Middle","Elementary + Middle",16,2011,2026,438,"043102",2011,,FALSE,FALSE,,,
"Lincoln","302","Harts Intermediate",,"Middle","Middle",2,2011,2012,178,"043302",2011,2012,FALSE,TRUE,"Status: Approved | Consolidated into: New Harts PK-8 School | New school name: Harts PK-8","https://sba.wv.gov/agenda/SiteAssets/Pages/Past-Agenda/ATT-J.pdf",
"Lincoln","103","Harts PK-8","Middle","Elementary + Middle","Elementary + Middle",14,2013,2026,329,"043103",2013,,FALSE,FALSE,,,
"Lincoln","217","Harts Primary",,"Elementary","Elementary",2,2011,2012,278,"043217",2011,2012,FALSE,TRUE,"Status: Approved | Consolidated into: New Harts PK-8 School | New school name: Harts PK-8","https://sba.wv.gov/agenda/SiteAssets/Pages/Past-Agenda/ATT-J.pdf",
"Lincoln","506","Lincoln County High School","Secondary","High School","High School",16,2011,2026,786,"043506",2011,,FALSE,FALSE,,,
"Lincoln","212","Midway Elementary School","Elementary","Elementary","Elementary",16,2011,2026,207,"043212",2011,,FALSE,FALSE,,,
"Lincoln","214","Ranger Elementary","Elementary","Elementary","Elementary",14,2011,2024,73,"043214",2011,2024,FALSE,TRUE,"Status: Approved | Consolidated into: Harts PK-8 or West Hamlin Elementary","https://www.wchstv.com/news/local/lincoln-school-board-narrowly-approves-closure-of-ranger-elementary-school",
"Lincoln","215","West Hamlin Elementary","Elementary","Elementary","Elementary",16,2011,2026,419,"043215",2011,,FALSE,FALSE,,,
"Logan","203","Buffalo Elementary School","Elementary","Elementary","Elementary",16,2011,2026,178,"045203",2011,,FALSE,FALSE,,,
"Logan","204","Chapmanville East Elementary School",,"Elementary","Elementary",8,2011,2018,272,"045204",2011,2018,FALSE,TRUE,"Status: Approved | Consolidated into: New Chapmanville Primary School | New school name: Chapmanville Primary","https://www.loganbanner.com/news/demolition-of-east-chapmanville-grade-school-begins/article_54bdd811-1ec2-5bb5-91ef-8ee657f3c0d5.html",
"Logan","229","Chapmanville Intermediate School","Elementary","Elementary","Elementary",8,2019,2026,262,"045229",2019,,FALSE,FALSE,,,
"Logan","405","Chapmanville Middle School","Middle","Middle","Middle",16,2011,2026,439,"045405",2011,,FALSE,FALSE,,,
"Logan","228","Chapmanville Primary School","Primary","Elementary","Elementary",8,2019,2026,230,"045228",2019,,FALSE,FALSE,,,
"Logan","501","Chapmanville Regional High School","Secondary","High School","High School",16,2011,2026,599,"045501",2011,,FALSE,FALSE,,,
"Logan","209","Holden Central Elementary School","Elementary","Elementary","Elementary",16,2011,2026,123,"045209",2011,,FALSE,FALSE,,,
"Logan","210","Hugh Dingess Elementary School","Elementary","Elementary","Elementary",16,2011,2026,85,"045210",2011,,FALSE,FALSE,,,
"Logan","211","Justice Elementary School","Elementary","Elementary","Elementary",16,2011,2026,71,"045211",2011,,FALSE,FALSE,,,
"Logan","213","Logan Elementary School","Elementary","Elementary","Elementary",16,2011,2026,251,"045213",2011,,FALSE,FALSE,,,
"Logan","301","Logan Middle School","Middle","Middle","Middle",16,2011,2026,475,"045301",2011,,FALSE,FALSE,,,
"Logan","502","Logan Senior High School","Secondary","High School","High School",16,2011,2026,475,"045502",2011,,FALSE,FALSE,,,
"Logan","227","Man Elementary School","Elementary","Elementary","Elementary",16,2011,2026,223,"045227",2011,,FALSE,FALSE,,,
"Logan","103","Man Middle School","Middle","High School","Middle",16,2011,2026,333,"045103",2011,,FALSE,FALSE,,,
"Logan","503","Man Senior High School","Secondary","High School","High School",16,2011,2026,326,"045503",2011,,FALSE,FALSE,,,
"Logan","101","Omar Elementary","Elementary","Middle","Elementary",16,2011,2026,115,"045101",2011,,FALSE,FALSE,,,
"Logan","217","South Man Elementary School","Elementary","Elementary","Elementary",16,2011,2026,86,"045217",2011,,FALSE,FALSE,,,
"Logan","221","Verdunville Elementary School","Elementary","Elementary","Elementary",16,2011,2026,72,"045221",2011,,FALSE,FALSE,"Status: Approved <U+2014> closing end of 2025-26 | Consolidated into: Omar Elementary School","https://www.wsaz.com/2025/12/11/wvboe-closes-consolidates-schools-logan-roane-counties/",
"Logan","222","West Chapmanville Elementary School",,"Elementary","Elementary",8,2011,2018,431,"045222",2011,2018,FALSE,TRUE,"Status: Approved | Consolidated into: New Chapmanville Primary / Intermediate School | New school name: Chapmanville Primary; Chapmanville Intermediate","https://www.loganbanner.com/news/demolition-of-east-chapmanville-grade-school-begins/article_54bdd811-1ec2-5bb5-91ef-8ee657f3c0d5.html",
"Marion","101","Barrackville Elementary/Middle School","Middle","Elementary + Middle","Elementary + Middle",16,2011,2026,318,"047101",2011,,FALSE,FALSE,,,
"Marion","216","Blackshere Elementary School","Elementary","Elementary","Elementary",16,2011,2026,329,"047216",2011,,FALSE,FALSE,,,
"Marion","205","East Dale Elementary School","Elementary","Elementary","Elementary",16,2011,2026,326,"047205",2011,,FALSE,FALSE,,,
"Marion","501","East Fairmont High School","Secondary","High School","High School",16,2011,2026,721,"047501",2011,,FALSE,FALSE,,,
"Marion","402","East Fairmont Middle School","Middle","Middle","Middle",16,2011,2026,610,"047402",2011,,FALSE,FALSE,,,
"Marion","206","East Park Elementary School","Elementary","Elementary","Elementary",16,2011,2026,310,"047206",2011,,FALSE,FALSE,,,
"Marion","502","Fairmont Senior High School","Secondary","High School","High School",16,2011,2026,816,"047502",2011,,FALSE,FALSE,,,
"Marion","207","Fairview Elementary School","Elementary","Elementary","Elementary",16,2011,2026,120,"047207",2011,,FALSE,FALSE,,,
"Marion","302","Fairview Middle School","Middle","Middle","Elementary + Middle",16,2011,2026,157,"047302",2011,,FALSE,FALSE,,,
"Marion","209","Jayenne Elementary School","Elementary","Elementary","Elementary",16,2011,2026,320,"047209",2011,,FALSE,FALSE,,,
"Marion","303","Mannington Middle School","Middle","Middle","Elementary + Middle",16,2011,2026,225,"047303",2011,,FALSE,FALSE,,,
"Marion","211","Monongah Elementary School","Elementary","Elementary","Elementary",16,2011,2026,238,"047211",2011,,FALSE,FALSE,,,
"Marion","304","Monongah Middle School","Middle","Middle","Middle",16,2011,2026,175,"047304",2011,,FALSE,FALSE,,,
"Marion","503","North Marion High School","Secondary","High School","High School",16,2011,2026,651,"047503",2011,,FALSE,FALSE,,,
"Marion","212","Pleasant Valley Elementary School","Elementary","Elementary","Elementary",16,2011,2026,199,"047212",2011,,FALSE,FALSE,,,
"Marion","102","Rivesville Elementary/Middle School","Middle","Elementary + Middle","Elementary + Middle",16,2011,2026,266,"047102",2011,,FALSE,FALSE,,,
"Marion","214","Watson Elementary School","Elementary","Elementary","Elementary",16,2011,2026,348,"047214",2011,,FALSE,FALSE,,,
"Marion","306","West Fairmont Middle School","Middle","Middle","Middle",16,2011,2026,579,"047306",2011,,FALSE,FALSE,,,
"Marion","215","White Hall Elementary School","Elementary","Elementary","Elementary",16,2011,2026,195,"047215",2011,,FALSE,FALSE,,,
"Marshall","202","Cameron Elementary School","Elementary","Elementary","Elementary",16,2011,2026,238,"048202",2011,,FALSE,FALSE,,,
"Marshall","501","Cameron High School","Secondary","High School","High School",16,2011,2026,287,"048501",2011,,FALSE,FALSE,,,
"Marshall","206","Center McMechen Elementary School","Elementary","Elementary","Elementary",16,2011,2026,168,"048206",2011,,FALSE,FALSE,,,
"Marshall","203","Central Elementary School","Elementary","Elementary","Elementary",16,2011,2026,272,"048203",2011,,FALSE,FALSE,,,
"Marshall","503","Gateway Achievement Center","Alternative","High School","Alternative",16,2011,2026,41,"048503",2011,,FALSE,FALSE,,,
"Marshall","204","Glen Dale Elementary School","Elementary","Elementary","Elementary",16,2011,2026,192,"048204",2011,,FALSE,FALSE,,,
"Marshall","213","Hilltop Elementary School","Elementary","Elementary","Elementary",16,2011,2026,390,"048213",2011,,FALSE,FALSE,,,
"Marshall","502","John Marshall High School","Secondary","High School","High School",16,2011,2026,1022,"048502",2011,,FALSE,FALSE,,,
"Marshall","207","McNinch Primary School","Primary","Elementary","Elementary",16,2011,2026,315,"048207",2011,,FALSE,FALSE,,,
"Marshall","401","Moundsville Middle School","Middle","Middle","Middle",16,2011,2026,410,"048401",2011,,FALSE,FALSE,,,
"Marshall","209","Sand Hill Elementary School","Elementary","Elementary","Elementary",16,2011,2026,65,"048209",2011,,FALSE,FALSE,,,
"Marshall","402","Sherrard Middle School","Middle","Middle","Middle",16,2011,2026,373,"048402",2011,,FALSE,FALSE,,,
"Marshall","212","Washington Lands Elementary School","Elementary","Elementary","Elementary",16,2011,2026,219,"048212",2011,,FALSE,FALSE,,,
"Mason","216","Ashton Elementary School","Elementary","Elementary","Elementary",16,2011,2026,244,"049216",2011,,FALSE,FALSE,,,
"Mason","201","Beale Elementary School","Elementary","Elementary","Elementary",16,2011,2026,207,"049201",2011,,FALSE,FALSE,,,
"Mason","501","Hannan Junior/Senior High School","Secondary","High School","High School",16,2011,2026,209,"049501",2011,,FALSE,FALSE,,,
"Mason","206","Leon Elementary School","Elementary","Elementary","Elementary",16,2011,2026,113,"049206",2011,,FALSE,FALSE,,,
"Mason","505","Mason County School For Success","Alternative","High School","Alternative",11,2016,2026,10,"049505",2016,,FALSE,FALSE,,,
"Mason","210","New Haven Elementary School","Elementary","Elementary","Elementary",16,2011,2026,449,"049210",2011,,FALSE,FALSE,,,
"Mason","502","Point Pleasant Junior/Senior High School","Secondary","High School","High School",16,2011,2026,940,"049502",2011,,FALSE,FALSE,,,
"Mason","218","Pt. Pleasant Intermediate","Elementary","Elementary","Elementary",16,2011,2026,312,"049218",2011,,FALSE,FALSE,,,
"Mason","217","Pt. Pleasant Primary","Primary","Elementary","Elementary",16,2011,2026,327,"049217",2011,,FALSE,FALSE,,,
"Mason","213","Roosevelt Elementary School","Elementary","Elementary","Elementary",16,2011,2026,255,"049213",2011,,FALSE,FALSE,,,
"Mason","503","Wahama Junior/Senior High School","Secondary","High School","High School",16,2011,2026,397,"049503",2011,,FALSE,FALSE,,,
"McDowell","203","Anawalt Elementary School",,"Elementary","Elementary",6,2011,2019,56,"060203",2011,2019,FALSE,TRUE,"Status: Approved | Consolidated into: Kimball Elementary School and Welch Elementary School","https://wvmetronews.com/2019/02/14/state-boe-approves-closure-of-mcdowell-county-elementary-school/",
"McDowell","206","Bradshaw Elementary School","Elementary","Elementary","Elementary",13,2011,2026,181,"060206",2011,,FALSE,FALSE,,,
"McDowell","224","Coalfield Elementary School","Elementary","Elementary","Elementary",1,2026,2026,400,"060224",2026,,FALSE,FALSE,,,
"McDowell","210","Fall River Elementary School","Elementary","Elementary","Elementary",12,2011,2025,108,"060210",2011,2025,FALSE,TRUE,"Status: Approved | Consolidated into: New consolidated McDowell County elementary (near Mt. View HS) | New school name: New McDowell Elementary","https://wvpublic.org/story/education/state-board-of-education-approves-more-school-closings-consolidations/",
"McDowell","213","Iaeger Elementary School","Elementary","Elementary","Elementary",13,2011,2026,179,"060213",2011,,FALSE,FALSE,,,
"McDowell","217","Kimball Elementary School","Elementary","Elementary","Elementary",12,2011,2025,156,"060217",2011,2025,FALSE,TRUE,"Status: Approved | Consolidated into: New consolidated McDowell County elementary (near Mt. View HS) | New school name: New McDowell Elementary","https://www.wvva.com/2025/06/02/kimball-elementary-school-holds-farewell-celebration-before-closure/",
"McDowell","527","Mount View High School","Secondary","High School","High School",13,2011,2026,504,"060527",2011,,FALSE,FALSE,,,
"McDowell","520","River View High School","Secondary","High School","High School",13,2011,2026,375,"060520",2011,,FALSE,FALSE,,,
"McDowell","304","Sandy River Middle School","Middle","Middle","Middle",13,2011,2026,198,"060304",2011,,FALSE,FALSE,,,
"McDowell","223","Southside K-8","Middle","Elementary + Middle","Elementary + Middle",13,2011,2026,252,"060223",2011,,FALSE,FALSE,,,
"McDowell","222","Welch Elementary School","Elementary","Elementary","Elementary",12,2011,2025,172,"060222",2011,2025,FALSE,TRUE,"Status: Approved | Consolidated into: New consolidated McDowell County elementary (near Mt. View HS) | New school name: New McDowell Elementary","https://wvpublic.org/story/education/state-board-of-education-approves-more-school-closings-consolidations/",
"Mcdowell","203","Anawalt Elementary School",,"Elementary","Elementary",3,2012,2014,107,,,,,,,,
"Mcdowell","206","Bradshaw Elementary School",,"Elementary","Elementary",3,2012,2014,253,,,,,,,,
"Mcdowell","210","Fall River Elementary School",,"Elementary","Elementary",3,2012,2014,156,,,,,,,,
"Mcdowell","213","Iaeger Elementary School",,"Elementary","Elementary",3,2012,2014,302,,,,,,,,
"Mcdowell","217","Kimball Elementary School",,"Elementary","Elementary",3,2012,2014,265,,,,,,,,
"Mcdowell","527","Mount View High School",,"High School","High School",3,2012,2014,812,,,,,,,,
"Mcdowell","520","River View High School",,"High School","High School",3,2012,2014,509,,,,,,,,
"Mcdowell","304","Sandy River Middle School",,"Middle","Middle",3,2012,2014,264,,,,,,,,
"Mcdowell","223","Southside K-8",,"Elementary + Middle","Elementary + Middle",3,2012,2014,455,,,,,,,,
"Mcdowell","222","Welch Elementary School",,"Elementary","Elementary",3,2012,2014,314,,,,,,,,
"Mercer","201","Athens Elementary School","Elementary","Elementary + Middle","Elementary + Middle",16,2011,2026,227,"051201",2011,,FALSE,FALSE,,,
"Mercer","502","Bluefield High School","Secondary","High School","High School",16,2011,2026,581,"051502",2011,,FALSE,FALSE,,,
"Mercer","240","Bluefield Intermediate School","Elementary","Elementary","Elementary",16,2011,2026,283,"051240",2011,,FALSE,FALSE,,,
"Mercer","301","Bluefield Middle School","Middle","Middle","Middle",16,2011,2026,433,"051301",2011,,FALSE,FALSE,,,
"Mercer","246","Bluefield Primary School","Primary","Elementary","Elementary",6,2021,2026,331,"051246",2021,,FALSE,FALSE,,,
"Mercer","202","Bluewell Elementary School","Elementary","Elementary","Elementary",15,2011,2025,165,"051202",2011,2025,FALSE,TRUE,"Status: Approved | Consolidated into: Timberwood Elementary School (new, Bluefield) | New school name: Timberwood Elementary","https://www.wvva.com/2025/04/16/new-consolidated-elementary-school-unveils-state-of-the-art-upgrades/",
"Mercer","204","Brushfork Elementary School","Elementary","Elementary","Elementary",15,2011,2025,170,"051204",2011,2025,FALSE,TRUE,"Status: Approved | Consolidated into: Timberwood Elementary School (new, Bluefield) | New school name: Timberwood Elementary","https://www.wvva.com/2025/04/16/new-consolidated-elementary-school-unveils-state-of-the-art-upgrades/",
"Mercer","599","Compass Virtual Academy","Alternative","Alternative","Alternative",2,2025,2026,45,"051599",2025,,FALSE,FALSE,,,
"Mercer","208","Glenwood School (K-8)","Middle","Elementary + Middle","Elementary + Middle",16,2011,2026,588,"051208",2011,,FALSE,FALSE,,,
"Mercer","210","Lashmeet/Matoaka Elementary School","Elementary","Elementary + Middle","Elementary + Middle",16,2011,2026,163,"051210",2011,,FALSE,FALSE,,,
"Mercer","212","Melrose Elementary School","Elementary","Elementary","Elementary",16,2011,2026,220,"051212",2011,,FALSE,FALSE,,,
"Mercer","213","Memorial Elementary School","Primary","Elementary","Elementary",10,2011,2020,169,"051213",2011,2020,FALSE,TRUE,"Status: Approved | Consolidated into: Other Mercer County schools (interim, pending Timberwood) | New school name: Timberwood Elementary (opened 2025)","https://www.bdtonline.com/news/out-with-the-old-bid-for-the-new-public-hearings-set-for-bluefield-school-closures/article_6cf43f16-236d-11e9-957f-9f8f17f3e3e1.html",
"Mercer","227","Mercer County Early Learning Center","Primary","Elementary","Elementary",16,2011,2026,232,"051227",2011,,FALSE,FALSE,,,
"Mercer","214","Mercer Elementary","Elementary","Elementary","Elementary",16,2011,2026,265,"051214",2011,,FALSE,FALSE,,,
"Mercer","215","Montcalm Elementary School","Elementary","Elementary","Elementary",16,2011,2026,242,"051215",2011,,FALSE,FALSE,,,
"Mercer","505","Montcalm High School","Secondary","High School","High School",16,2011,2026,272,"051505",2011,,FALSE,FALSE,,,
"Mercer","205","Mountain Valley Elementary School","Elementary","Elementary","Elementary",16,2011,2026,258,"051205",2011,,FALSE,FALSE,,,
"Mercer","216","Oakvale School","Elementary","Elementary + Middle","Elementary",16,2011,2026,182,"051216",2011,,FALSE,FALSE,,,
"Mercer","509","Pikeview High School","Secondary","Alternative","High School",16,2011,2026,607,"051509",2011,,FALSE,FALSE,,,
"Mercer","302","Pikeview Middle School","Middle","Middle","Middle",15,2012,2026,449,"051302",2012,,FALSE,FALSE,,,
"Mercer","403","Princeton Middle School","Middle","Middle","Middle",16,2011,2026,442,"051403",2011,,FALSE,FALSE,,,
"Mercer","245","Princeton Primary School","Primary","Elementary","Elementary",16,2011,2026,410,"051245",2011,,FALSE,FALSE,,,
"Mercer","507","Princeton Senior High School","Secondary","Alternative","High School",16,2011,2026,911,"051507",2011,,FALSE,FALSE,,,
"Mercer","220","Spanishburg","Elementary","Elementary + Middle","Elementary",16,2011,2026,152,"051220",2011,,FALSE,FALSE,,,
"Mercer","221","Straley Elementary School","Elementary","Elementary","Elementary",16,2011,2026,172,"051221",2011,,FALSE,FALSE,,,
"Mercer","222","Sun Valley Elementary School","Elementary","Elementary","Elementary",16,2011,2026,98,"051222",2011,,FALSE,FALSE,,,
"Mercer","230","Timberwood Elementary School","Elementary","Elementary","Elementary",1,2026,2026,340,"051230",2026,,FALSE,FALSE,,,
"Mercer","225","Whitethorn Elementary School","Primary","Elementary","Elementary",10,2011,2020,123,"051225",2011,2020,FALSE,TRUE,"Status: Approved | Consolidated into: Other Mercer County schools (interim, pending Timberwood) | New school name: Timberwood Elementary (opened 2025)","https://www.bdtonline.com/news/out-with-the-old-bid-for-the-new-public-hearings-set-for-bluefield-school-closures/article_6cf43f16-236d-11e9-957f-9f8f17f3e3e1.html",
"Mineral","201","Burlington Primary","Elementary","Elementary","Elementary",16,2011,2026,83,"053201",2011,,FALSE,FALSE,,,
"Mineral","101","Elk Garden School","Elementary","Middle","Elementary",16,2011,2026,59,"053101",2011,,FALSE,FALSE,,,
"Mineral","202","Fort Ashby Primary School","Primary","Elementary","Elementary",14,2011,2024,226,"053202",2011,2024,FALSE,TRUE,"Status: Approved | Consolidated into: New Frankfort Elementary School (Short Gap) | New school name: Frankfort Elementary","https://www.times-news.com/news/local_news/state-authority-approves-funds-for-new-frankfort-school/article_861c32e4-a121-11eb-84f0-9f6ec5bea3b3.html",
"Mineral","203","Fountain Primary School","Elementary","Elementary","Elementary",16,2011,2026,109,"053203",2011,,FALSE,FALSE,,,
"Mineral","211","Frankfort Elementary School","Elementary","Elementary","Elementary",2,2025,2026,710,"053211",2025,,FALSE,FALSE,,,
"Mineral","501","Frankfort High School","Secondary","High School","High School",16,2011,2026,505,"053501",2011,,FALSE,FALSE,,,
"Mineral","303","Frankfort Intermediate School","Elementary","Middle","Elementary",14,2011,2024,273,"053303",2011,2024,FALSE,TRUE,"Status: Approved | Consolidated into: New Frankfort Elementary School (Short Gap) | New school name: Frankfort Elementary","https://www.times-news.com/news/local_news/state-authority-approves-funds-for-new-frankfort-school/article_861c32e4-a121-11eb-84f0-9f6ec5bea3b3.html",
"Mineral","302","Frankfort Middle School","Middle","Middle","Elementary + Middle",16,2011,2026,500,"053302",2011,,FALSE,FALSE,,,
"Mineral","209","Keyser Headstart",,"Elementary","Elementary",3,2011,2013,98,"053209",2011,2013,FALSE,TRUE,"Status: Closed | Consolidated into: Program ended; relocated to other facilities","https://wvpolicy.org/tracking-public-school-closures-in-wv/",
"Mineral","503","Keyser High School","Secondary","High School","High School",16,2011,2026,644,"053503",2011,,FALSE,FALSE,,,
"Mineral","103","Keyser Middle School","Middle","Elementary + Middle","Elementary + Middle",16,2011,2026,631,"053103",2011,,FALSE,FALSE,,,
"Mineral","210","Keyser Primary School","Elementary","Elementary","Elementary",13,2014,2026,540,"053210",2014,,FALSE,FALSE,,,
"Mineral","601","Mineral County Alternative Program","Alternative","Alternative","Alternative",10,2011,2026,10,"053601",2011,,TRUE,FALSE,,,
"Mineral","205","New Creek Primary School","Elementary","Elementary","Elementary",16,2011,2026,94,"053205",2011,,FALSE,FALSE,,,
"Mineral","208","Wiley Ford Primary School","Primary","Elementary","Elementary",14,2011,2024,174,"053208",2011,2024,FALSE,TRUE,"Status: Approved | Consolidated into: New Frankfort Elementary School (Short Gap) | New school name: Frankfort Elementary","https://www.times-news.com/news/local_news/state-authority-approves-funds-for-new-frankfort-school/article_861c32e4-a121-11eb-84f0-9f6ec5bea3b3.html",
"Mingo","501","Burch High School",,"High School","High School",1,2011,2011,351,"054501",2011,2011,FALSE,TRUE,"Status: Approved | Consolidated into: New Mingo Central Comprehensive High School | New school name: Mingo Central Comprehensive High School","https://en.wikipedia.org/wiki/Mingo_Central_Comprehensive_High_School",
"Mingo","201","Burch PK-4 School",,"Elementary","Elementary",6,2011,2016,308,"054201",2011,2016,FALSE,TRUE,"Status: Approved | Consolidated into: Consolidated into Burch PK-8 | New school name: Burch PK-8","https://en.wikipedia.org/wiki/Mingo_County_Schools","https://www.burchpk8.com/missionvaluesgoals/our-school"
"Mingo","406","Burch PK-8","Middle","Elementary + Middle","Elementary + Middle",15,2012,2026,438,"054406",2012,,FALSE,FALSE,,,
"Mingo","207","Dingess Elementary School","Elementary","Elementary","Elementary",16,2011,2026,90,"054207",2011,,FALSE,FALSE,,,
"Mingo","210","Gilbert Elementary School",,"Elementary","Elementary",8,2011,2018,319,"054210",2011,2018,FALSE,TRUE,"Status: Approved | Consolidated into: Consolidated into Gilbert PK-8 | New school name: Gilbert PK-8","https://en.wikipedia.org/wiki/Mingo_County_Schools","https://www.gilbertpk8.com/missionvaluesgoals/our-school"
"Mingo","502","Gilbert High School",,"High School","High School",1,2011,2011,365,"054502",2011,2011,FALSE,TRUE,"Status: Approved | Consolidated into: New Mingo Central Comprehensive High School | New school name: Mingo Central Comprehensive High School","https://en.wikipedia.org/wiki/Mingo_Central_Comprehensive_High_School",
"Mingo","407","Gilbert PK-8","Middle","Elementary + Middle","Elementary + Middle",15,2012,2026,373,"054407",2012,,FALSE,FALSE,,,
"Mingo","223","Kermit PK-8","Middle","Elementary + Middle","Elementary + Middle",16,2011,2026,264,"054223",2011,,FALSE,FALSE,,,
"Mingo","101","Lenore PK-8 School","Middle","Elementary + Middle","Elementary + Middle",16,2011,2026,347,"054101",2011,,FALSE,FALSE,,,
"Mingo","222","Matewan Elementary School",,"Elementary","Elementary",3,2011,2013,281,"054222",2011,2013,FALSE,TRUE,"Status: Approved | Consolidated into: Matewan PreK-8 School | New school name: Matewan PreK-8","https://www.mingomessenger.com/news/article_6189b736-afef-11e5-8369-93bea060f964.html",
"Mingo","505","Matewan High School",,"High School","High School",1,2011,2011,196,"054505",2011,2011,FALSE,TRUE,"Status: Approved | Consolidated into: New Mingo Central Comprehensive High School | New school name: Mingo Central Comprehensive High School","https://en.wikipedia.org/wiki/Mingo_Central_Comprehensive_High_School",
"Mingo","403","Matewan PK-8","Middle","Elementary + Middle","Elementary + Middle",16,2011,2026,363,"054403",2011,,FALSE,FALSE,,,
"Mingo","701","Mingo Career & Technical Center",,"High School","High School",1,2011,2011,5,"054701",2011,2011,FALSE,TRUE,"Status: Closed | Consolidated into: Career/technical programs relocated","https://en.wikipedia.org/wiki/Mingo_County_Schools","https://www.publicschoolreview.com/mingo-career-technical-center-profile"
"Mingo","508","Mingo Central Comprehensive High School","Secondary","High School","High School",15,2012,2026,585,"054508",2012,,FALSE,FALSE,,,
"Mingo","221","Riverside Elementary School",,"Elementary","Elementary",3,2011,2013,335,"054221",2011,2013,FALSE,TRUE,"Status: Approved | Consolidated into: Williamson PreK-8 School | New school name: Williamson PreK-8","https://www.mingomessenger.com/news/article_6189b736-afef-11e5-8369-93bea060f964.html",
"Mingo","507","Tug Valley High School","Secondary","Alternative","High School",16,2011,2026,334,"054507",2011,,FALSE,FALSE,,,
"Mingo","506","Williamson High School",,"High School","High School",1,2011,2011,176,"054506",2011,2011,FALSE,TRUE,"Status: Approved | Consolidated into: New Mingo Central Comprehensive High School | New school name: Mingo Central Comprehensive High School","https://en.wikipedia.org/wiki/Mingo_Central_Comprehensive_High_School",
"Mingo","402","Williamson PK-8","Middle","Elementary + Middle","Elementary + Middle",16,2011,2026,459,"054402",2011,,FALSE,FALSE,,,
"Monongalia","203","Brookhaven Elementary School","Elementary","Elementary","Elementary",16,2011,2026,554,"056203",2011,,FALSE,FALSE,,,
"Monongalia","232","Cheat Lake Elementary School","Elementary","Elementary","Elementary",16,2011,2026,747,"056232",2011,,FALSE,FALSE,,,
"Monongalia","501","Clay-Battelle High School","Secondary","High School","High School",16,2011,2026,347,"056501",2011,,FALSE,FALSE,,,
"Monongalia","599","EXCEL Center","Alternative","Elementary + Middle","Alternative",2,2025,2026,60,"056599",2025,,FALSE,FALSE,,,
"Monongalia","210","Easton Elementary School (Clsd 2013)",,"Elementary","Elementary",3,2011,2013,266,"056210",2011,2013,FALSE,TRUE,"Status: Approved | Consolidated into: New Eastwood Elementary School | New school name: Eastwood Elementary","https://newwoodburncommunityschool.org/about/","https://newwoodburncommunityschool.org/2013/02/08/the-705mileground-roundabout-eastwood-elementary-on-a-collision-course/"
"Monongalia","242","Eastwood Elementary School","Elementary","Elementary","Elementary",13,2014,2026,652,"056242",2014,,FALSE,FALSE,,,
"Monongalia","236","Mason Dixon Elementary","Elementary","Elementary","Elementary",16,2011,2026,300,"056236",2011,,FALSE,FALSE,,,
"Monongalia","502","Morgantown High School","Secondary","High School","High School",16,2011,2026,1796,"056502",2011,,FALSE,FALSE,,,
"Monongalia","301","Mountaineer Middle School","Middle","Middle","Middle",16,2011,2026,627,"056301",2011,,FALSE,FALSE,,,
"Monongalia","233","Mountainview Elementary School","Elementary","Elementary","Elementary",16,2011,2026,634,"056233",2011,,FALSE,FALSE,,,
"Monongalia","241","Mylan Park Elementary School","Elementary","Elementary","Elementary",16,2011,2026,452,"056241",2011,,FALSE,FALSE,,,
"Monongalia","220","North Elementary School","Elementary","Elementary","Elementary",16,2011,2026,566,"056220",2011,,FALSE,FALSE,,,
"Monongalia","204","Ridgedale Elementary School","Elementary","Elementary","Elementary",16,2011,2026,541,"056204",2011,,FALSE,FALSE,,,
"Monongalia","240","Skyview Elementary School","Elementary","Elementary","Elementary",16,2011,2026,354,"056240",2011,,FALSE,FALSE,,,
"Monongalia","401","South Middle School","Middle","Middle","Middle",16,2011,2026,747,"056401",2011,,FALSE,FALSE,,,
"Monongalia","226","Suncrest Elementary School","Elementary","Elementary","Elementary",16,2011,2026,560,"056226",2011,,FALSE,FALSE,,,
"Monongalia","402","Suncrest Middle School","Middle","Middle","Middle",16,2011,2026,418,"056402",2011,,FALSE,FALSE,,,
"Monongalia","503","University High School","Secondary","High School","High School",16,2011,2026,1343,"056503",2011,,FALSE,FALSE,,,
"Monongalia","302","Westwood Middle School","Middle","Middle","Middle",16,2011,2026,352,"056302",2011,,FALSE,FALSE,,,
"Monongalia","230","Woodburn Elementary School (Clsd 2013)",,"Elementary","Elementary",3,2011,2013,299,"056230",2011,2013,FALSE,TRUE,"Status: Approved | Consolidated into: New Eastwood Elementary School | New school name: Eastwood Elementary","https://newwoodburncommunityschool.org/about/","https://newwoodburncommunityschool.org/2013/02/08/the-705mileground-roundabout-eastwood-elementary-on-a-collision-course/"
"Monroe","503","James Monroe High School","Secondary","High School","High School",16,2011,2026,453,"057503",2011,,FALSE,FALSE,,,
"Monroe","204","Mountain View Elementary & Middle School","Middle","Elementary + Middle","Elementary + Middle",16,2011,2026,427,"057204",2011,,FALSE,FALSE,,,
"Monroe","202","Peterstown Elementary School","Elementary","Elementary","Elementary",16,2011,2026,397,"057202",2011,,FALSE,FALSE,,,
"Monroe","301","Peterstown Middle School","Middle","Middle","Middle",16,2011,2026,271,"057301",2011,,FALSE,FALSE,,,
"Morgan","501","Berkeley Springs High School","Secondary","High School","High School",16,2011,2026,568,"058501",2011,,FALSE,FALSE,,,
"Morgan","202","Greenwood Elementary School",,"Elementary","Elementary",6,2011,2016,48,"058202",2011,2016,FALSE,TRUE,"Status: Closed | Consolidated into: Students redistributed to other Morgan County schools","https://wvpolicy.org/tracking-public-school-closures-in-wv/",
"Morgan","204","Paw Paw Elementary School","Elementary","Elementary","Elementary",16,2011,2026,74,"058204",2011,,FALSE,FALSE,,,
"Morgan","502","Paw Paw High School","Secondary","High School","High School",16,2011,2026,66,"058502",2011,,FALSE,FALSE,,,
"Morgan","205","Pleasant View Elementary School","Elementary","Elementary","Elementary",16,2011,2026,139,"058205",2011,,FALSE,FALSE,,,
"Morgan","208","Warm Springs Intermediate School","Elementary","Elementary","Elementary",16,2011,2026,352,"058208",2011,,FALSE,FALSE,,,
"Morgan","301","Warm Springs Middle School","Middle","Middle","Middle",16,2011,2026,414,"058301",2011,,FALSE,FALSE,,,
"Morgan","207","Widmyer Elementary","Primary","Elementary","Elementary",16,2011,2026,449,"058207",2011,,FALSE,FALSE,,,
"Nicholas","201","Beaver Elementary School",,"Elementary","Elementary",3,2011,2013,126,"062201",2011,2013,FALSE,TRUE,"Status: Closed | Consolidated into: Students moved to other Nicholas County schools","https://wvpolicy.org/tracking-public-school-closures-in-wv/",
"Nicholas","202","Birch River Elementary School","Elementary","Elementary","Elementary",16,2011,2026,57,"062202",2011,,FALSE,FALSE,,,
"Nicholas","204","Cherry River Elementary School","Elementary","Elementary","Elementary",16,2011,2026,143,"062204",2011,,FALSE,FALSE,,,
"Nicholas","205","Craigsville Elementary School",,"Elementary","Elementary",3,2011,2013,252,"062205",2011,2013,FALSE,TRUE,"Status: Closed | Consolidated into: Students moved to other Nicholas County schools","https://wvpolicy.org/tracking-public-school-closures-in-wv/",
"Nicholas","206","Dixie Elementary School",,"Elementary","Elementary",6,2011,2016,41,"062206",2011,2016,FALSE,TRUE,"Status: Closed | Consolidated into: Students redistributed to other Nicholas County schools","https://wvpolicy.org/tracking-public-school-closures-in-wv/",
"Nicholas","210","Gauley River Elementary School","Elementary","Elementary","Elementary",13,2014,2026,310,"062210",2014,,FALSE,FALSE,,,
"Nicholas","209","Glade Creek Elementary School","Elementary","Elementary","Elementary",16,2011,2026,120,"062209",2011,,FALSE,FALSE,"Status: Voted to close <U+2014> pending new school construction (~2027-28) | Consolidated into: New Summersville Academic Complex | New school name: Summersville Academic Complex","https://www.wowktv.com/news/west-virginia/nicholas-county-wv/nicholas-county-board-of-education-votes-to-close-consolidate-three-schools/",
"Nicholas","212","Mt. Lookout Elementary School","Elementary","Elementary","Elementary",16,2011,2026,112,"062212",2011,,FALSE,FALSE,,,
"Nicholas","213","Mt. Nebo Elementary School","Elementary","Elementary","Elementary",16,2011,2026,99,"062213",2011,,FALSE,FALSE,,,
"Nicholas","701","Nicholas County Career/Technical Center",,"High School","High School",1,2011,2011,1,"062701",2011,2011,FALSE,TRUE,"Status: Closed | Consolidated into: Vocational programs relocated","https://wvpolicy.org/tracking-public-school-closures-in-wv/",
"Nicholas","501","Nicholas County High School","Secondary","High School","High School",16,2011,2026,651,"062501",2011,,FALSE,FALSE,,,
"Nicholas","220","Panther Creek Elementary School","Elementary","Elementary","Elementary",16,2011,2026,207,"062220",2011,,FALSE,FALSE,,,
"Nicholas","502","Richwood High School","Secondary","High School","High School",16,2011,2026,290,"062502",2011,,FALSE,FALSE,,,
"Nicholas","401","Richwood Middle School","Middle","Middle","Middle",16,2011,2026,193,"062401",2011,,FALSE,FALSE,,,
"Nicholas","218","Summersville Elementary School","Elementary","Elementary","Elementary",16,2011,2026,307,"062218",2011,,FALSE,FALSE,"Status: Voted to close <U+2014> pending new school construction (~2027-28) | Consolidated into: New Summersville Academic Complex | New school name: Summersville Academic Complex","https://www.wowktv.com/news/west-virginia/nicholas-county-wv/nicholas-county-board-of-education-votes-to-close-consolidate-three-schools/",
"Nicholas","402","Summersville Middle School","Middle","Middle","Middle",16,2011,2026,439,"062402",2011,,FALSE,FALSE,"Status: Voted to close <U+2014> pending new school construction (~2027-28) | Consolidated into: New Summersville Academic Complex | New school name: Summersville Academic Complex","https://www.wowktv.com/news/west-virginia/nicholas-county-wv/nicholas-county-board-of-education-votes-to-close-consolidate-three-schools/",
"Nicholas","219","Zela Elementary School","Elementary","Elementary","Elementary",16,2011,2026,74,"062219",2011,,FALSE,FALSE,,,
"Ohio","201","Bethlehem Elementary School","Elementary","Elementary","Elementary",16,2011,2026,140,"064201",2011,,FALSE,FALSE,,,
"Ohio","301","Bridge Street Middle School","Middle","Middle","Middle",16,2011,2026,252,"064301",2011,,FALSE,FALSE,,,
"Ohio","203","Elm Grove Elementary School","Elementary","Elementary","Elementary",16,2011,2026,305,"064203",2011,,FALSE,FALSE,,,
"Ohio","205","Madison Elementary School","Elementary","Elementary","Elementary",16,2011,2026,240,"064205",2011,,FALSE,FALSE,,,
"Ohio","206","Middle Creek Elementary School","Elementary","Elementary","Elementary",16,2011,2026,219,"064206",2011,,FALSE,FALSE,,,
"Ohio","209","Ritchie Elementary School","Elementary","Elementary","Elementary",16,2011,2026,283,"064209",2011,,FALSE,FALSE,,,
"Ohio","210","Steenrod Elementary School","Elementary","Elementary","Elementary",16,2011,2026,235,"064210",2011,,FALSE,FALSE,,,
"Ohio","302","Triadelphia Middle School","Middle","Middle","Middle",16,2011,2026,372,"064302",2011,,FALSE,FALSE,,,
"Ohio","214","Warwood Elementary School","Elementary","Elementary","Elementary",2,2025,2026,286,"064214",2025,,FALSE,FALSE,,,
"Ohio","305","Warwood Middle School","Middle","Middle","Middle",2,2025,2026,179,"064305",2025,,FALSE,FALSE,,,
"Ohio","303","Warwood School","Middle","Elementary + Middle","Elementary + Middle",14,2011,2024,496,"064303",2011,2024,FALSE,TRUE,"Status: Reorganized <U+2014> not a closure | Consolidated into: Split into Warwood Elementary and Warwood Middle School | New school name: Warwood Elementary; Warwood Middle School","https://www.theintelligencer.net/news/top-headlines/2024/08/separation-of-warwood-school-into-elementary-middle-complete/",
"Ohio","212","West Liberty Elementary School","Elementary","Elementary","Elementary",16,2011,2026,104,"064212",2011,,FALSE,FALSE,,,
"Ohio","304","Wheeling Middle School","Middle","Middle","Middle",16,2011,2026,175,"064304",2011,,FALSE,FALSE,,,
"Ohio","501","Wheeling Park High School","Secondary","High School","High School",16,2011,2026,1366,"064501",2011,,FALSE,FALSE,,,
"Ohio","213","Woodsdale Elementary School","Elementary","Elementary","Elementary",16,2011,2026,398,"064213",2011,,FALSE,FALSE,,,
"Pendleton","201","Brandywine Elementary School","Elementary","Elementary","Elementary",16,2011,2026,124,"066201",2011,,FALSE,FALSE,,,
"Pendleton","202","Franklin Elementary School","Elementary","Elementary","Elementary",16,2011,2026,247,"066202",2011,,FALSE,FALSE,,,
"Pendleton","205","North Fork Elementary School","Elementary","Elementary","Elementary",16,2011,2026,97,"066205",2011,,FALSE,FALSE,,,
"Pendleton","502","Pendleton County Middle/High School","Secondary","High School","High School",16,2011,2026,375,"066502",2011,,FALSE,FALSE,,,
"Pleasants","201","Belmont Elementary School","Elementary","Elementary","Elementary",16,2011,2026,218,"067201",2011,,FALSE,FALSE,,,
"Pleasants","301","Pleasants County Middle School","Middle","Middle","Middle",16,2011,2026,275,"067301",2011,,FALSE,FALSE,,,
"Pleasants","202","St. Marys Elementary School","Elementary","Elementary","Elementary",16,2011,2026,221,"067202",2011,,FALSE,FALSE,,,
"Pleasants","501","St. Marys High School","Secondary","High School","High School",16,2011,2026,297,"067501",2011,,FALSE,FALSE,,,
"Pocahontas","102","Green Bank Elementary-Middle School","Middle","Elementary + Middle","Elementary + Middle",16,2011,2026,203,"069102",2011,,FALSE,FALSE,,,
"Pocahontas","101","Hillsboro Elementary School","Elementary","Middle","Elementary",16,2011,2026,72,"069101",2011,,FALSE,FALSE,,,
"Pocahontas","202","Marlinton Elementary School","Elementary","Elementary","Elementary",16,2011,2026,206,"069202",2011,,FALSE,FALSE,,,
"Pocahontas","302","Marlinton Middle School","Middle","Middle","Middle",16,2011,2026,110,"069302",2011,,FALSE,FALSE,,,
"Pocahontas","501","Pocahontas County High School","Secondary","High School","High School",16,2011,2026,242,"069501",2011,,FALSE,FALSE,,,
"Preston","101","Aurora School","Middle","Elementary + Middle","Elementary + Middle",16,2011,2026,171,"070101",2011,,FALSE,FALSE,,,
"Preston","104","Bruceton School","Middle","Elementary + Middle","Elementary + Middle",16,2011,2026,590,"070104",2011,,FALSE,FALSE,,,
"Preston","401","Central Preston Middle School","Middle","Middle","Middle",16,2011,2026,280,"070401",2011,,FALSE,FALSE,,,
"Preston","203","Fellowsville Elementary","Elementary","Elementary","Elementary",15,2011,2025,59,"070203",2011,2025,FALSE,TRUE,"Status: Approved | Consolidated into: South Preston School","https://www.wvgazettemail.com/news/education/wv-boe-approves-closures-in-clay-preston-wetzel-and-wood-counties/article_eb70fc6e-b848-11ef-bb06-2712e3d728b4.html",
"Preston","204","Kingwood Elementary","Elementary","Elementary","Elementary",16,2011,2026,366,"070204",2011,,FALSE,FALSE,,,
"Preston","507","Preston High School","Secondary","Alternative","High School",16,2011,2026,996,"070507",2011,,FALSE,FALSE,,,
"Preston","599","Rowlesburg Opportunity Center","Alternative","Alternative","Alternative",1,2026,2026,33,"070599",2026,,FALSE,FALSE,,,
"Preston","103","Rowlesburg School","Middle","Elementary + Middle","Elementary + Middle",15,2011,2025,33,"070103",2011,2025,FALSE,TRUE,"Status: Approved | Consolidated into: Aurora School","https://www.wvgazettemail.com/news/education/wv-boe-approves-closures-in-clay-preston-wetzel-and-wood-counties/article_eb70fc6e-b848-11ef-bb06-2712e3d728b4.html",
"Preston","405","South Preston Middle School (Closed)",,"Middle","Middle",4,2011,2014,141,"070405",2011,2014,FALSE,TRUE,"Status: Closed <U+2014> structural issues | Consolidated into: Students moved to other Preston County schools","https://www.publicschoolreview.com/south-preston-middle-school-profile","https://www.publicschoolreview.com/south-preston-middle-school-profile"
"Preston","106","South Preston School","Middle","Elementary + Middle","Elementary + Middle",12,2015,2026,310,"070106",2015,,FALSE,FALSE,,,
"Preston","105","Terra Alta/East Preston School","Middle","Elementary + Middle","Elementary + Middle",16,2011,2026,249,"070105",2011,,FALSE,FALSE,,,
"Preston","206","Tunnelton-Denver Elementary (Closed)",,"Elementary","Elementary",4,2011,2014,182,"070206",2011,2014,FALSE,TRUE,"Status: Closed <U+2014> structural issues | Consolidated into: Students moved to other Preston County schools","https://www.publicschoolreview.com/south-preston-middle-school-profile",
"Preston","207","Valley Elementary School",,"Elementary","Elementary",6,2011,2016,536,"070207",2011,2016,FALSE,TRUE,"Status: Closed | Consolidated into: Students redistributed to South Preston or other Preston Co. schools","https://wvpolicy.org/tracking-public-school-closures-in-wv/",
"Preston","406","West Preston Middle School",,"Middle","Middle",6,2011,2016,202,"070406",2011,2016,FALSE,TRUE,"Status: Closed | Consolidated into: Students redistributed to other Preston County schools","https://wvpolicy.org/tracking-public-school-closures-in-wv/",
"Preston","107","West Preston School","Middle","Elementary + Middle","Elementary + Middle",10,2017,2026,554,"070107",2017,,FALSE,FALSE,,,
"Putnam","205","Buffalo Elementary School","Elementary","Elementary","Elementary",16,2011,2026,191,"072205",2011,,FALSE,FALSE,,,
"Putnam","505","Buffalo High School","Secondary","High School","High School",16,2011,2026,382,"072505",2011,,FALSE,FALSE,,,
"Putnam","210","Confidence Elementary School","Elementary","Elementary","Elementary",16,2011,2026,108,"072210",2011,,FALSE,FALSE,,,
"Putnam","215","Conner Street Elementary School","Elementary","Elementary","Elementary",16,2011,2026,288,"072215",2011,,FALSE,FALSE,,,
"Putnam","220","Eastbrook Elementary School","Elementary","Elementary","Elementary",16,2011,2026,283,"072220",2011,,FALSE,FALSE,,,
"Putnam","225","George Washington Elementary School","Elementary","Elementary","Elementary",16,2011,2026,200,"072225",2011,,FALSE,FALSE,,,
"Putnam","305","George Washington Middle School","Middle","Middle","Middle",16,2011,2026,261,"072305",2011,,FALSE,FALSE,,,
"Putnam","230","Hometown Elementary School","Elementary","Elementary","Elementary",16,2011,2026,66,"072230",2011,,FALSE,FALSE,,,
"Putnam","510","Hurricane High School","Secondary","High School","High School",16,2011,2026,1086,"072510",2011,,FALSE,FALSE,,,
"Putnam","310","Hurricane Middle School","Middle","Middle","Middle",16,2011,2026,789,"072310",2011,,FALSE,FALSE,,,
"Putnam","235","Hurricane Town Elementary School","Elementary","Elementary","Elementary",16,2011,2026,251,"072235",2011,,FALSE,FALSE,,,
"Putnam","240","Lakeside Elementary School","Elementary","Elementary","Elementary",16,2011,2026,181,"072240",2011,,FALSE,FALSE,,,
"Putnam","280","Mountain View Elementary School","Elementary","Elementary","Elementary",16,2011,2026,460,"072280",2011,,FALSE,FALSE,,,
"Putnam","255","Poca Elementary School","Elementary","Elementary","Elementary",16,2011,2026,282,"072255",2011,,FALSE,FALSE,,,
"Putnam","515","Poca High School","Secondary","High School","High School",16,2011,2026,403,"072515",2011,,FALSE,FALSE,,,
"Putnam","315","Poca Middle School","Middle","Middle","Middle",16,2011,2026,262,"072315",2011,,FALSE,FALSE,,,
"Putnam","260","Rock Branch Elementary School","Elementary","Elementary","Elementary",16,2011,2026,196,"072260",2011,,FALSE,FALSE,,,
"Putnam","265","Scott Teays Elementary School","Elementary","Elementary","Elementary",16,2011,2026,355,"072265",2011,,FALSE,FALSE,,,
"Putnam","270","West Teays Elementary School","Elementary","Elementary","Elementary",16,2011,2026,448,"072270",2011,,FALSE,FALSE,,,
"Putnam","275","Winfield Elementary School","Elementary","Elementary","Elementary",16,2011,2026,530,"072275",2011,,FALSE,FALSE,,,
"Putnam","520","Winfield High School","Secondary","High School","High School",16,2011,2026,778,"072520",2011,,FALSE,FALSE,,,
"Putnam","320","Winfield Middle School","Middle","Middle","Middle",16,2011,2026,555,"072320",2011,,FALSE,FALSE,,,
"Raleigh","234","Beckley Elementary","Elementary","Elementary","Elementary",16,2011,2026,249,"074234",2011,,FALSE,FALSE,,,
"Raleigh","409","Beckley-Stratton Middle School","Middle","Middle","Middle",16,2011,2026,558,"074409",2011,,FALSE,FALSE,,,
"Raleigh","202","Bradley Elementary School","Elementary","Elementary","Elementary",16,2011,2026,304,"074202",2011,,FALSE,FALSE,,,
"Raleigh","204","Clear Fork District Elementary","Elementary","Elementary","Elementary",16,2011,2026,98,"074204",2011,,FALSE,FALSE,,,
"Raleigh","205","Coal City Elementary","Elementary","Elementary","Elementary",16,2011,2026,394,"074205",2011,,FALSE,FALSE,,,
"Raleigh","206","Crab Orchard Elementary",,"Elementary","Elementary",8,2011,2018,286,"074206",2011,2018,FALSE,TRUE,"Status: Approved | Consolidated into: New Ridgeview Elementary School (Crab Orchard) | New school name: Ridgeview Elementary","https://wvmetronews.com/2018/08/19/raleigh-county-boe-excited-to-open-state-of-the-art-elementary-school/",
"Raleigh","207","Cranberry-Prosperity Elementary","Elementary","Elementary","Elementary",16,2011,2026,246,"074207",2011,,FALSE,FALSE,,,
"Raleigh","208","Crescent Elementary","Elementary","Elementary","Elementary",16,2011,2026,333,"074208",2011,,FALSE,FALSE,,,
"Raleigh","209","Daniels Elementary","Elementary","Elementary","Elementary",16,2011,2026,482,"074209",2011,,FALSE,FALSE,,,
"Raleigh","211","Fairdale Elementary School","Elementary","Elementary","Elementary",16,2011,2026,384,"074211",2011,,FALSE,FALSE,,,
"Raleigh","212","Ghent Elementary","Elementary","Elementary","Elementary",16,2011,2026,176,"074212",2011,,FALSE,FALSE,,,
"Raleigh","213","Hollywood Elementary","Elementary","Elementary","Elementary",16,2011,2026,232,"074213",2011,,FALSE,FALSE,,,
"Raleigh","502","Independence High School","Secondary","High School","High School",16,2011,2026,573,"074502",2011,,FALSE,FALSE,,,
"Raleigh","408","Independence Middle School","Middle","Middle","Middle",16,2011,2026,369,"074408",2011,,FALSE,FALSE,,,
"Raleigh","215","Lester Elementary",,"Elementary","Elementary",8,2011,2018,149,"074215",2011,2018,FALSE,TRUE,"Status: Approved | Consolidated into: Ridgeview Elementary and Fairdale Elementary | New school name: Ridgeview Elementary","https://wvmetronews.com/2018/08/19/raleigh-county-boe-excited-to-open-state-of-the-art-elementary-school/",
"Raleigh","503","Liberty High School","Secondary","High School","High School",16,2011,2026,453,"074503",2011,,FALSE,FALSE,,,
"Raleigh","217","Mabscott Elementary","Elementary","Elementary","Elementary",16,2011,2026,211,"074217",2011,,FALSE,FALSE,,,
"Raleigh","232","Marsh Fork Elementary","Elementary","Elementary","Elementary",16,2011,2026,137,"074232",2011,,FALSE,FALSE,,,
"Raleigh","218","Maxwell Hill Elementary","Elementary","Elementary","Elementary",16,2011,2026,241,"074218",2011,,FALSE,FALSE,,,
"Raleigh","402","Park Middle School","Middle","Middle","Middle",16,2011,2026,379,"074402",2011,,FALSE,FALSE,,,
"Raleigh","220","Ridgeview Elementary","Elementary","Elementary","Elementary",8,2019,2026,461,"074220",2019,,FALSE,FALSE,,,
"Raleigh","227","Shady Spring Elementary","Elementary","Elementary","Elementary",16,2011,2026,448,"074227",2011,,FALSE,FALSE,,,
"Raleigh","505","Shady Spring High","Secondary","High School","High School",16,2011,2026,737,"074505",2011,,FALSE,FALSE,,,
"Raleigh","403","Shady Spring Middle School","Middle","Middle","Middle",16,2011,2026,570,"074403",2011,,FALSE,FALSE,,,
"Raleigh","229","Sophia-Soak Creek Elementary",,"Elementary","Elementary",8,2011,2018,323,"074229",2011,2018,FALSE,TRUE,"Status: Approved | Consolidated into: Ridgeview Elementary and Coal City Elementary | New school name: Ridgeview Elementary","https://wvmetronews.com/2018/08/19/raleigh-county-boe-excited-to-open-state-of-the-art-elementary-school/",
"Raleigh","226","Stanaford Elementary School","Elementary","Elementary","Elementary",16,2011,2026,187,"074226",2011,,FALSE,FALSE,,,
"Raleigh","233","Stratton Elementary","Elementary","Elementary","Elementary",16,2011,2026,281,"074233",2011,,FALSE,FALSE,,,
"Raleigh","302","Trap Hill Middle School","Middle","Middle","Middle",16,2011,2026,292,"074302",2011,,FALSE,FALSE,,,
"Raleigh","506","Woodrow Wilson High School","Secondary","High School","High School",16,2011,2026,1286,"074506",2011,,FALSE,FALSE,,,
"Randolph","201","Beverly Elementary School","Elementary","Elementary","Elementary",16,2011,2026,175,"075201",2011,,FALSE,FALSE,,,
"Randolph","101","Coalton Elementary School","Elementary","Middle","Elementary",16,2011,2026,144,"075101",2011,,FALSE,FALSE,,,
"Randolph","504","Elkins High School","Secondary","High School","High School",16,2011,2026,722,"075504",2011,,FALSE,FALSE,,,
"Randolph","401","Elkins Middle School","Middle","Middle","Middle",16,2011,2026,572,"075401",2011,,FALSE,FALSE,,,
"Randolph","203","Elkins Third Ward Elementary School","Elementary","Elementary","Elementary",16,2011,2026,332,"075203",2011,,FALSE,FALSE,,,
"Randolph","204","George Ward Elementary School","Elementary","Elementary","Elementary",16,2011,2026,334,"075204",2011,,FALSE,FALSE,,,
"Randolph","102","Harman Elementary/High School","Secondary","Elementary + Middle","High School",16,2011,2026,95,"075102",2011,,FALSE,FALSE,"Status: Approved <U+2014> closing end of 2025-26 | Consolidated into: Jennings Randolph Elementary; Elkins Middle School; Elkins High School","https://www.wboy.com/news/education/wv-board-of-education-votes-to-close-consolidate-schools-in-3-local-counties/",
"Randolph","205","Homestead Elementary School",,"Elementary","Elementary",8,2011,2018,72,"075205",2011,2018,FALSE,TRUE,"Status: Approved | Consolidated into: Merged into other Randolph County schools","https://wvpress.org/breaking-news/randolph-county-school-closures-follow-levy-loss/",
"Randolph","202","Jennings Randolph Elementary School","Elementary","Elementary","Elementary",16,2011,2026,204,"075202",2011,,FALSE,FALSE,,,
"Randolph","206","Midland Elementary School","Elementary","Elementary","Elementary",16,2011,2026,184,"075206",2011,,FALSE,FALSE,,,
"Randolph","207","North Elementary School","Elementary","Elementary","Elementary",16,2011,2026,191,"075207",2011,,FALSE,FALSE,"Status: Approved <U+2014> closing end of 2025-26 | Consolidated into: Jennings Randolph Elementary School","https://www.wboy.com/news/education/wv-board-of-education-votes-to-close-consolidate-schools-in-3-local-counties/",
"Randolph","103","Pickens Elementary/High School","Secondary","Elementary + Middle","High School",16,2011,2026,27,"075103",2011,,FALSE,FALSE,,,
"Randolph","505","Randolph County Alternative Center","Alternative","High School","Alternative",12,2011,2026,10,"075505",2011,,TRUE,FALSE,,,
"Randolph","701","Randolph Technical Center",,"High School","High School",2,2011,2012,3,"075701",2011,2012,FALSE,TRUE,"Status: Closed | Consolidated into: Vocational programs merged into Randolph County schools or county CTC","https://wvpolicy.org/tracking-public-school-closures-in-wv/",
"Randolph","503","Tygarts Valley Middle/High School","Secondary","High School","High School",16,2011,2026,364,"075503",2011,,FALSE,FALSE,,,
"Randolph","209","Valley Head Elementary School",,"Elementary","Elementary",7,2011,2017,26,"075209",2011,2017,FALSE,TRUE,"Status: Approved | Consolidated into: Merged into other Randolph County schools","https://wvpress.org/breaking-news/randolph-county-school-closures-follow-levy-loss/",
"Ritchie","205","Creed Collins Elementary","Elementary","Elementary","Elementary",16,2011,2026,199,"077205",2011,,FALSE,FALSE,,,
"Ritchie","203","Ellenboro Elementary School",,"Elementary","Elementary",8,2011,2018,104,"077203",2011,2018,FALSE,TRUE,"Status: Approved | Consolidated into: Creed Collins Elementary and Harrisville Elementary","https://www.wvgazettemail.com/news/education/wv-school-board-makes-changes-to-grade-scale-cuts-graduation-requirements/article_c06a6f7a-f46a-5301-a227-e458fa03f455.html",
"Ritchie","204","Harrisville Elementary","Elementary","Elementary","Elementary",16,2011,2026,191,"077204",2011,,FALSE,FALSE,,,
"Ritchie","501","Ritchie County High School","Secondary","High School","High School",16,2011,2026,309,"077501",2011,,FALSE,FALSE,,,
"Ritchie","302","Ritchie County Middle","Middle","Middle","Middle",16,2011,2026,309,"077302",2011,,FALSE,FALSE,,,
"Ritchie","207","Smithville Elementary","Elementary","Elementary","Elementary",16,2011,2026,103,"077207",2011,,FALSE,FALSE,,,
"Roane","202","Geary Elementary/Middle School","Middle","Elementary + Middle","Elementary + Middle",16,2011,2026,186,"079202",2011,,FALSE,FALSE,"Status: Approved <U+2014> closing end of 2025-26 | Consolidated into: Spencer Elementary and Spencer Middle School","https://www.wsaz.com/2025/12/10/wvboe-approves-school-closures-consolidations-roane-county/",
"Roane","203","Reedy Elementary School",,"Elementary","Elementary",6,2011,2016,101,"079203",2011,2016,FALSE,TRUE,"Status: Approved | Consolidated into: Students redistributed to other Roane County schools","https://www.wvgazettemail.com/news/education/board-approves-closing-boone-roane-schools-hears-fayette-closure-proposal/article_9519554a-b8f1-5183-b4d4-a1535c4a19e4.html",
"Roane","503","Roane County High","Secondary","High School","High School",16,2011,2026,454,"079503",2011,,FALSE,FALSE,,,
"Roane","205","Spencer Elementary School","Elementary","Elementary","Elementary",16,2011,2026,492,"079205",2011,,FALSE,FALSE,,,
"Roane","301","Spencer Middle School","Middle","Middle","Middle",16,2011,2026,217,"079301",2011,,FALSE,FALSE,,,
"Roane","206","Walton Elementary/Middle School","Middle","Elementary + Middle","Elementary + Middle",16,2011,2026,196,"079206",2011,,FALSE,FALSE,"Status: Approved <U+2014> closing end of 2025-26 | Consolidated into: Spencer Elementary and Spencer Middle School","https://www.wsaz.com/2025/12/10/wvboe-approves-school-closures-consolidations-roane-county/",
"Summers","503","6-12 Summers County Comprehensive HS","Secondary","High School","High School",5,2022,2026,561,"081503",2022,,FALSE,FALSE,,,
"Summers","203","Hinton Area Elementary","Elementary","Elementary","Elementary",16,2011,2026,241,"081203",2011,,FALSE,FALSE,,,
"Summers","204","Jumping Branch Elementary School","Elementary","Elementary","Elementary",16,2011,2026,109,"081204",2011,,FALSE,FALSE,,,
"Summers","502","Summers County High School","Secondary","High School","High School",11,2011,2021,429,"081502",2011,2021,FALSE,TRUE,"Status: Approved | Consolidated into: Merged with Summers Middle; became grades 6<U+2013>12 | New school name: Summers County Comprehensive High School","https://www.wvgazettemail.com/news/education/state-school-board-approves-closing-summers-middle-consolidation-with-high-school/article_8a4a9c1b-1bd9-5fa3-9ea9-e34d1304d123.html",
"Summers","301","Summers Middle School","Middle","Middle","Middle",11,2011,2021,337,"081301",2011,2021,FALSE,TRUE,"Status: Approved | Consolidated into: Summers County High School building (Grades 6<U+2013>12) | New school name: Summers County Comprehensive High School","https://www.wvgazettemail.com/news/education/state-school-board-approves-closing-summers-middle-consolidation-with-high-school/article_8a4a9c1b-1bd9-5fa3-9ea9-e34d1304d123.html",
"Summers","102","Talcott Elementary School","Elementary","Elementary","Elementary",16,2011,2026,142,"081102",2011,,FALSE,FALSE,,,
"Taylor","201","Anna Jarvis Elementary School","Elementary","Elementary","Elementary",16,2011,2026,431,"083201",2011,,FALSE,FALSE,,,
"Taylor","202","Flemington Elementary School","Elementary","Elementary","Elementary",16,2011,2026,112,"083202",2011,,FALSE,FALSE,,,
"Taylor","502","Grafton High School","Secondary","High School","High School",16,2011,2026,635,"083502",2011,,FALSE,FALSE,,,
"Taylor","302","Taylor County Middle School","Middle","Middle","Middle",16,2011,2026,586,"083302",2011,,FALSE,FALSE,,,
"Taylor","204","West Taylor Elementary School","Elementary","Elementary","Elementary",16,2011,2026,249,"083204",2011,,FALSE,FALSE,,,
"Tucker","101","Davis Thomas Elementary Middle School","Middle","Elementary + Middle","Elementary + Middle",16,2011,2026,199,"084101",2011,,FALSE,FALSE,,,
"Tucker","501","Tucker County High School","Secondary","High School","High School",16,2011,2026,258,"084501",2011,,FALSE,FALSE,,,
"Tucker","103","Tucker Valley Elementary Middle School","Middle","Elementary + Middle","Elementary + Middle",16,2011,2026,449,"084103",2011,,FALSE,FALSE,,,
"Tyler","201","Arthur I Boreman Elementary School","Elementary","Elementary","Elementary",16,2011,2026,279,"085201",2011,,FALSE,FALSE,,,
"Tyler","202","Sistersville Elementary School","Elementary","Elementary","Elementary",16,2011,2026,237,"085202",2011,,FALSE,FALSE,,,
"Tyler","503","Tyler Consolidated High School","Secondary","High School","High School",16,2011,2026,366,"085503",2011,,FALSE,FALSE,,,
"Tyler","303","Tyler Consolidated Middle School","Middle","Middle","Middle",16,2011,2026,342,"085303",2011,,FALSE,FALSE,,,
"Upshur","301","B-U Middle School","Middle","Middle","Middle",16,2011,2026,726,"087301",2011,,FALSE,FALSE,,,
"Upshur","202","Buckhannon Academy Elementary School","Elementary","Elementary","Elementary",16,2011,2026,485,"087202",2011,,FALSE,FALSE,,,
"Upshur","501","Buckhannon Upshur High School","Secondary","High School","High School",16,2011,2026,954,"087501",2011,,FALSE,FALSE,,,
"Upshur","205","French Creek Elementary","Elementary","Elementary","Elementary",16,2011,2026,221,"087205",2011,,FALSE,FALSE,,,
"Upshur","206","Hodgesville Elementary","Elementary","Elementary","Elementary",16,2011,2026,141,"087206",2011,,FALSE,FALSE,,,
"Upshur","208","Rock Cave Elementary","Elementary","Elementary","Elementary",16,2011,2026,71,"087208",2011,,FALSE,FALSE,"Status: Approved <U+2014> closing end of 2025-26 | Consolidated into: French Creek Elementary School","https://www.theintermountain.com/news/local-news/2025/12/w-va-boe-votes-to-close-upshur-school/",
"Upshur","209","Tennerton Elementary","Elementary","Elementary","Elementary",16,2011,2026,303,"087209",2011,,FALSE,FALSE,,,
"Upshur","211","Union Elementary School","Elementary","Elementary","Elementary",16,2011,2026,186,"087211",2011,,FALSE,FALSE,,,
"Upshur","210","Washington District Elementary","Elementary","Elementary","Elementary",16,2011,2026,107,"087210",2011,,FALSE,FALSE,,,
"Wayne","202","Buffalo Elementary School","Elementary","Elementary","Elementary",16,2011,2026,400,"089202",2011,,FALSE,FALSE,,,
"Wayne","301","Buffalo Middle School","Middle","Middle","Middle",16,2011,2026,258,"089301",2011,,FALSE,FALSE,,,
"Wayne","203","Ceredo Elementary School",,"Elementary","Elementary",7,2011,2017,199,"089203",2011,2017,FALSE,TRUE,"Status: Approved | Consolidated into: New Ceredo-Kenova Elementary School | New school name: Ceredo-Kenova Elementary","https://www.wowktv.com/news/wayne-school-closure-and-consolidation-request-approved/",
"Wayne","217","Ceredo-Kenova Elementary","Elementary","Elementary","Elementary",9,2018,2026,607,"089217",2018,,FALSE,FALSE,,,
"Wayne","302","Ceredo-Kenova Middle School","Middle","Middle","Middle",16,2011,2026,260,"089302",2011,,FALSE,FALSE,,,
"Wayne","206","Crum Elementary School",,"Elementary","Elementary",7,2011,2017,205,"089206",2011,2017,FALSE,TRUE,"Status: Approved | Consolidated into: Crum Pre K-8 School | New school name: Crum Pre K-8","https://www.wowktv.com/news/wayne-school-closure-and-consolidation-request-approved/",
"Wayne","303","Crum Middle School",,"Middle","Middle",7,2011,2017,108,"089303",2011,2017,FALSE,TRUE,"Status: Approved | Consolidated into: Crum Pre K-8 School | New school name: Crum Pre K-8","https://www.wowktv.com/news/wayne-school-closure-and-consolidation-request-approved/",
"Wayne","102","Crum Pre K-8 School","Middle","Elementary + Middle","Elementary + Middle",9,2018,2026,191,"089102",2018,,FALSE,FALSE,,,
"Wayne","207","Dunlow Elementary School","Elementary","Elementary","Elementary",16,2011,2026,44,"089207",2011,,FALSE,FALSE,"Status: Approved <U+2014> closing end of 2025-26 | Consolidated into: Crum PreK-8 / East Lynn Elementary / Wayne Elementary","https://therealwv.com/2026/02/12/wv-boe-approves-closure-of-two-elementary-schools-in-wayne-county-ends-pocahontas-countys-state-of-emergency/",
"Wayne","216","East Lynn Elementary School","Elementary","Elementary","Elementary",16,2011,2026,124,"089216",2011,,FALSE,FALSE,,,
"Wayne","208","Fort Gay Elementary",,"Elementary","Elementary",3,2011,2013,352,"089208",2011,2013,FALSE,TRUE,"Status: Approved | Consolidated into: Fort Gay PK-8 School | New school name: Fort Gay PK-8","https://fortgay.wayn.k12.wv.us/","https://www.publicschoolreview.com/fort-gay-elementary-school-profile"
"Wayne","304","Fort Gay Middle School",,"Middle","Middle",3,2011,2013,197,"089304",2011,2013,FALSE,TRUE,"Status: Approved | Consolidated into: Fort Gay PK-8 School | New school name: Fort Gay PK-8","https://fortgay.wayn.k12.wv.us/","https://www.publicschoolreview.com/fort-gay-middle-school-profile"
"Wayne","101","Fort Gay Pre K-8","Middle","Elementary + Middle","Elementary + Middle",13,2014,2026,429,"089101",2014,,FALSE,FALSE,,,
"Wayne","209","Genoa Elementary School","Elementary","Elementary","Elementary",16,2011,2026,57,"089209",2011,,FALSE,FALSE,"Status: Approved <U+2014> closing end of 2025-26 | Consolidated into: Crum PreK-8 / East Lynn Elementary / Wayne Elementary","https://therealwv.com/2026/02/12/wv-boe-approves-closure-of-two-elementary-schools-in-wayne-county-ends-pocahontas-countys-state-of-emergency/",
"Wayne","210","Kellogg Elementary School","Elementary","Elementary","Elementary",16,2011,2026,293,"089210",2011,,FALSE,FALSE,,,
"Wayne","211","Kenova Elementary School",,"Elementary","Elementary",7,2011,2017,383,"089211",2011,2017,FALSE,TRUE,"Status: Approved | Consolidated into: New Ceredo-Kenova Elementary School | New school name: Ceredo-Kenova Elementary","https://www.wowktv.com/news/wayne-school-closure-and-consolidation-request-approved/",
"Wayne","212","Lavalette Elementary School","Elementary","Elementary","Elementary",16,2011,2026,209,"089212",2011,,FALSE,FALSE,,,
"Wayne","213","Prichard Elementary School","Elementary","Elementary","Elementary",16,2011,2026,113,"089213",2011,,FALSE,FALSE,,,
"Wayne","508","Spring Valley High School","Secondary","High School","High School",16,2011,2026,933,"089508",2011,,FALSE,FALSE,,,
"Wayne","507","Tolsia High School","Secondary","Alternative","High School",16,2011,2026,313,"089507",2011,,FALSE,FALSE,,,
"Wayne","306","Vinson Middle School","Middle","Middle","Middle",16,2011,2026,159,"089306",2011,,FALSE,FALSE,,,
"Wayne","215","Wayne Elementary School","Elementary","Elementary","Elementary",16,2011,2026,436,"089215",2011,,FALSE,FALSE,,,
"Wayne","506","Wayne High School","Secondary","High School","High School",16,2011,2026,499,"089506",2011,,FALSE,FALSE,,,
"Wayne","305","Wayne Middle School","Middle","Middle","Middle",16,2011,2026,354,"089305",2011,,FALSE,FALSE,,,
"Webster","201","Diana Elementary School",,"Elementary + Middle","Elementary + Middle",4,2011,2014,73,"091201",2011,2014,FALSE,TRUE,"Status: Closed | Consolidated into: Students moved to other Webster County schools","https://wvpolicy.org/tracking-public-school-closures-in-wv/",
"Webster","202","Glade Elementary School","Elementary","Elementary","Elementary",16,2011,2026,331,"091202",2011,,FALSE,FALSE,,,
"Webster","301","Glade Middle School",,"Middle","Middle",4,2011,2014,219,"091301",2011,2014,FALSE,TRUE,"Status: Closed | Consolidated into: Students moved to other Webster County schools","https://wvpolicy.org/tracking-public-school-closures-in-wv/",
"Webster","203","Hacker Valley Elementary School","Middle","Elementary + Middle","Elementary + Middle",16,2011,2026,43,"091203",2011,,FALSE,FALSE,,,
"Webster","501","Webster County High School","Secondary","High School","High School",16,2011,2026,440,"091501",2011,,FALSE,FALSE,,,
"Webster","204","Webster Springs Elementary School","Elementary","Elementary + Middle","Elementary + Middle",16,2011,2026,176,"091204",2011,,FALSE,FALSE,,,
"Wetzel","201","Hundred Heritage School","Middle","Elementary + Middle","Elementary + Middle",16,2011,2026,140,"092201",2011,,FALSE,FALSE,"Status: Approved <U+2014> closing end of 2025-26 | Consolidated into: New consolidated school at Porter Falls | New school name: New Wetzel County School (Porter Falls)","https://wvmetronews.com/2025/12/10/state-school-board-approves-wave-of-closures-and-consolidations-across-six-counties/",
"Wetzel","501","Hundred High School","Secondary","High School","High School",15,2011,2025,65,"092501",2011,2025,FALSE,TRUE,"Status: Approved | Consolidated into: New Valley High School | New school name: Valley High School (reconstituted)","https://wvmetronews.com/2024/11/22/wetzel-county-boe-votes-to-consolidation-four-schools-into-two/",
"Wetzel","502","Magnolia High School","Secondary","High School","High School",15,2011,2025,275,"092502",2011,2025,FALSE,TRUE,"Status: Approved | Consolidated into: New Magnolia High School (absorbed Paden City) | New school name: Magnolia High School (reconstituted)","https://wvmetronews.com/2024/11/22/wetzel-county-boe-votes-to-consolidation-four-schools-into-two/",
"Wetzel","505","Magnolia High School","Secondary","High School","High School",1,2026,2026,336,"092505",2026,,FALSE,FALSE,,,
"Wetzel","202","New Martinsville School","Middle","Elementary + Middle","Elementary + Middle",16,2011,2026,842,"092202",2011,,FALSE,FALSE,"Status: Approved <U+2014> closing end of 2025-26 | Consolidated into: New consolidated school at Porter Falls | New school name: New Wetzel County School (Porter Falls)","https://wvmetronews.com/2025/12/10/state-school-board-approves-wave-of-closures-and-consolidations-across-six-counties/",
"Wetzel","203","Paden City Elementary School","Elementary","Elementary","Elementary",16,2011,2026,131,"092203",2011,,FALSE,FALSE,,,
"Wetzel","503","Paden City High School","Secondary","High School","High School",15,2011,2025,152,"092503",2011,2025,FALSE,TRUE,"Status: Approved | Consolidated into: New Magnolia High School | New school name: Magnolia High School (reconstituted)","https://wvmetronews.com/2024/11/22/wetzel-county-boe-votes-to-consolidation-four-schools-into-two/",
"Wetzel","204","Short Line School","Middle","Elementary + Middle","Elementary + Middle",16,2011,2026,358,"092204",2011,,FALSE,FALSE,"Status: Approved <U+2014> closing end of 2025-26 | Consolidated into: New consolidated school at Porter Falls | New school name: New Wetzel County School (Porter Falls)","https://wvmetronews.com/2025/12/10/state-school-board-approves-wave-of-closures-and-consolidations-across-six-counties/",
"Wetzel","504","Valley High School","Secondary","High School","High School",15,2011,2025,124,"092504",2011,2025,FALSE,TRUE,"Status: Approved | Consolidated into: New Valley High School (absorbed Hundred) | New school name: Valley High School (reconstituted)","https://wvmetronews.com/2024/11/22/wetzel-county-boe-votes-to-consolidation-four-schools-into-two/",
"Wetzel","506","Valley High School","Secondary","High School","High School",1,2026,2026,172,"092506",2026,,FALSE,FALSE,,,
"Wetzel","205","Wetzel County Center for Children & Families",,"Elementary","Elementary",5,2011,2015,84,"092205",2011,2015,FALSE,TRUE,"Status: Closed | Consolidated into: Program ended; children/families services relocated","https://wvpolicy.org/tracking-public-school-closures-in-wv/",
"Wirt","501","Wirt County High School","Secondary","High School","High School",16,2011,2026,278,"094501",2011,,FALSE,FALSE,,,
"Wirt","301","Wirt County Middle School","Middle","Middle","Middle",16,2011,2026,245,"094301",2011,,FALSE,FALSE,,,
"Wirt","201","Wirt County Primary Center","Elementary","Elementary","Elementary",16,2011,2026,308,"094201",2011,,FALSE,FALSE,,,
"Wood","201","Blennerhassett Elementary School","Elementary","Elementary","Elementary",16,2011,2026,504,"096201",2011,,FALSE,FALSE,,,
"Wood","401","Blennerhassett Middle School","Middle","Middle","Middle",16,2011,2026,514,"096401",2011,,FALSE,FALSE,,,
"Wood","205","Criss Elementary School","Elementary","Elementary","Elementary",16,2011,2026,238,"096205",2011,,FALSE,FALSE,,,
"Wood","402","Edison Middle School","Middle","Middle","Middle",16,2011,2026,538,"096402",2011,,FALSE,FALSE,,,
"Wood","206","Emerson Elementary School","Elementary","Elementary","Elementary",16,2011,2026,348,"096206",2011,,FALSE,FALSE,,,
"Wood","207","Fairplains Elementary School","Elementary","Elementary","Elementary",15,2011,2025,156,"096207",2011,2025,FALSE,TRUE,"Status: Approved | Consolidated into: Martin Elementary School","https://www.newsandsentinel.com/news/community-news/2024/10/wood-boe-votes-to-close-vandevender-middle-school-fairplains-elementary-school/",
"Wood","237","Franklin Elementary Center","Elementary","Elementary","Elementary",16,2011,2026,262,"096237",2011,,FALSE,FALSE,,,
"Wood","208","Gihon Elementary School","Elementary","Elementary","Elementary",16,2011,2026,274,"096208",2011,,FALSE,FALSE,,,
"Wood","209","Greenmont Elementary School","Elementary","Elementary","Elementary",16,2011,2026,256,"096209",2011,,FALSE,FALSE,,,
"Wood","404","Hamilton Middle School","Middle","Middle","Middle",16,2011,2026,581,"096404",2011,,FALSE,FALSE,,,
"Wood","405","Jackson Middle School","Middle","Middle","Middle",16,2011,2026,443,"096405",2011,,FALSE,FALSE,,,
"Wood","211","Jefferson Elementary Center","Elementary","Elementary","Elementary",16,2011,2026,484,"096211",2011,,FALSE,FALSE,,,
"Wood","212","Kanawha Elementary School","Elementary","Elementary","Elementary",16,2011,2026,258,"096212",2011,,FALSE,FALSE,,,
"Wood","215","Lubeck Elementary School","Elementary","Elementary","Elementary",16,2011,2026,387,"096215",2011,,FALSE,FALSE,,,
"Wood","216","Madison Elementary School","Elementary","Elementary","Elementary",16,2011,2026,270,"096216",2011,,FALSE,FALSE,,,
"Wood","238","Martin Elementary School","Elementary","Elementary","Elementary",16,2011,2026,349,"096238",2011,,FALSE,FALSE,,,
"Wood","218","Mckinley Elementary School","Elementary","Elementary","Elementary",10,2011,2020,263,"096218",2011,2020,FALSE,TRUE,"Status: Approved | Consolidated into: Other Wood County schools","https://www.newsandsentinel.com/news/local-news/2019/11/west-virginia-boe-approves-wood-county-school-closure-plan/",
"Wood","219","Mineral Wells Elementary School","Elementary","Elementary","Elementary",16,2011,2026,468,"096219",2011,,FALSE,FALSE,,,
"Wood","222","Neale Elementary School","Elementary","Elementary","Elementary",16,2011,2026,336,"096222",2011,,FALSE,FALSE,,,
"Wood","501","Parkersburg High School","Secondary","High School","High School",16,2011,2026,1446,"096501",2011,,FALSE,FALSE,,,
"Wood","502","Parkersburg South High School","Secondary","High School","High School",16,2011,2026,1376,"096502",2011,,FALSE,FALSE,,,
"Wood","406","Van Devender Middle School","Middle","Middle","Middle",15,2011,2025,243,"096406",2011,2025,FALSE,TRUE,"Status: Approved | Consolidated into: Jackson Middle School and Hamilton Middle School","https://www.newsandsentinel.com/news/community-news/2024/10/wood-boe-votes-to-close-vandevender-middle-school-fairplains-elementary-school/",
"Wood","231","Vienna Elementary School","Elementary","Elementary","Elementary",16,2011,2026,287,"096231",2011,,FALSE,FALSE,,,
"Wood","234","Waverly Elementary School","Elementary","Elementary","Elementary",10,2011,2020,129,"096234",2011,2020,FALSE,TRUE,"Status: Approved | Consolidated into: New Williamstown Elementary School | New school name: Williamstown Elementary","https://www.newsandsentinel.com/news/local-news/2019/11/west-virginia-boe-approves-wood-county-school-closure-plan/",
"Wood","235","Williamstown Elementary School","Elementary","Elementary","Elementary",16,2011,2026,517,"096235",2011,,FALSE,FALSE,,,
"Wood","503","Williamstown High School","Secondary","High School","High School",16,2011,2026,653,"096503",2011,,FALSE,FALSE,,,
"Wood","236","Worthington Elementary School","Elementary","Elementary","Elementary",10,2011,2020,162,"096236",2011,2020,FALSE,TRUE,"Status: Approved | Consolidated into: Other Wood County schools","https://www.newsandsentinel.com/news/local-news/2019/11/west-virginia-boe-approves-wood-county-school-closure-plan/",
"Wyoming","201","Baileysville Elementary & Middle School","Middle","Elementary + Middle","Elementary + Middle",16,2011,2026,231,"098201",2011,,FALSE,FALSE,,,
"Wyoming","202","Berlin McKinney Elementary School","Elementary","Elementary","Elementary",16,2011,2026,334,"098202",2011,,FALSE,FALSE,,,
"Wyoming","204","Glen Fork Elementary & Middle School","Middle","Elementary + Middle","Elementary + Middle",16,2011,2026,160,"098204",2011,,FALSE,FALSE,,,
"Wyoming","206","Herndon Cons Elementary & Middle School","Middle","Elementary + Middle","Elementary + Middle",16,2011,2026,136,"098206",2011,,FALSE,FALSE,,,
"Wyoming","207","Huff Cons Elementary & Middle School","Middle","Elementary + Middle","Elementary + Middle",16,2011,2026,235,"098207",2011,,FALSE,FALSE,,,
"Wyoming","211","Mullens Elementary School","Elementary","Elementary","Elementary",16,2011,2026,173,"098211",2011,,FALSE,FALSE,,,
"Wyoming","301","Mullens Middle School","Middle","Middle","Middle",16,2011,2026,138,"098301",2011,,FALSE,FALSE,,,
"Wyoming","302","Oceana Middle School","Middle","Middle","Middle",16,2011,2026,215,"098302",2011,,FALSE,FALSE,,,
"Wyoming","212","Pineville Elementary School","Elementary","Elementary","Elementary",16,2011,2026,275,"098212",2011,,FALSE,FALSE,,,
"Wyoming","303","Pineville Middle School","Middle","Middle","Middle",16,2011,2026,192,"098303",2011,,FALSE,FALSE,,,
"Wyoming","214","Road Branch Elementary & Middle School","Middle","Elementary + Middle","Elementary + Middle",16,2011,2026,140,"098214",2011,,FALSE,FALSE,,,
"Wyoming","508","Westside High School","Secondary","High School","High School",16,2011,2026,504,"098508",2011,,FALSE,FALSE,,,
"Wyoming","507","Wyoming County East High School","Secondary","Alternative","High School",16,2011,2026,400,"098507",2011,,FALSE,FALSE,,,
