school_year,school_year_start,school_year_end,district,district_code,school,school_norm,school_code,school_id,panel_school_id,grad_4yr_cohort_members,grad_4yr_graduates,grad_4yr_graduation_rate,grad_4yr_graduation_rate_male,grad_4yr_graduation_rate_female,grad_4yr_graduation_rate_white,grad_4yr_graduation_rate_black,grad_4yr_graduation_rate_hispanic,grad_4yr_graduation_rate_asian,grad_4yr_graduation_rate_indian,grad_4yr_graduation_rate_multi_racial,grad_4yr_graduation_rate_pacific_islander,grad_4yr_graduation_rate_ell,grad_4yr_graduation_rate_spec_ed,grad_4yr_graduation_rate_low_ses,grad_4yr_graduation_rate_military_connected,grad_4yr_graduation_rate_homeless,grad_4yr_graduation_rate_foster_care,grad_5yr_cohort_members,grad_5yr_graduates,grad_5yr_graduation_rate,grad_5yr_graduation_rate_male,grad_5yr_graduation_rate_female,grad_5yr_graduation_rate_white,grad_5yr_graduation_rate_black,grad_5yr_graduation_rate_hispanic,grad_5yr_graduation_rate_asian,grad_5yr_graduation_rate_indian,grad_5yr_graduation_rate_multi_racial,grad_5yr_graduation_rate_pacific_islander,grad_5yr_graduation_rate_ell,grad_5yr_graduation_rate_spec_ed,grad_5yr_graduation_rate_low_ses,grad_5yr_graduation_rate_military_connected,grad_5yr_graduation_rate_homeless,grad_5yr_graduation_rate_foster_care,source_file_grad_4yr,source_sheet_grad_4yr,source_file_grad_5yr,source_sheet_grad_5yr
2016-2017,2016,2017,Barbour,2,Philip Barbour High School Complex,philip barbour high school complex,501,2501,schoolid_2501,172,157,0.9128000000000001,0.9079999999999999,0.9176000000000001,0.9129999999999999,0.6667000000000001,1.0,,,1.0,,,0.7742,0.9181,,,,162,146,0.9012,0.8556,0.9582999999999999,0.8993000000000001,1.0,1.0,1.0,1.0,0.8,,,0.8966,0.8845999999999999,,,,HistoricalCohorts_GradRates.xlsx,2017 4-Year Cohort,HistoricalCohorts_GradRates.xlsx,2016 5-Year Cohort
2016-2017,2016,2017,Berkeley,4,Hedgesville High School,hedgesville high school,501,4501,schoolid_4501,273,255,0.9340999999999999,0.8832,0.9853000000000001,0.9398000000000001,0.9118,0.9375,0.0,1.0,1.0,1.0,,0.7188,0.8896,,,,261,234,0.8966,0.8898,0.903,0.9063,0.8,0.8332999999999999,1.0,,1.0,,,0.7027,0.8692,,,,HistoricalCohorts_GradRates.xlsx,2017 4-Year Cohort,HistoricalCohorts_GradRates.xlsx,2016 5-Year Cohort
2016-2017,2016,2017,Berkeley,4,Martinsburg High School,martinsburg high school,502,4502,schoolid_4502,346,309,0.8931,0.8774,0.9057999999999999,0.8884000000000001,0.9296,0.9655,1.0,,0.6842,1.0,,0.7895,0.8528,,,,287,261,0.9094,0.8732,0.9448000000000001,0.914,0.8983,0.9118,1.0,,0.75,,,0.8158,0.8976999999999999,,,,HistoricalCohorts_GradRates.xlsx,2017 4-Year Cohort,HistoricalCohorts_GradRates.xlsx,2016 5-Year Cohort
2016-2017,2016,2017,Berkeley,4,Musselman High School,musselman high school,503,4503,schoolid_4503,365,358,0.9808,0.9787,0.9831,0.9781,1.0,1.0,1.0,,1.0,,,0.95,0.9743999999999999,,,,325,318,0.9784999999999999,0.9818000000000001,0.975,0.9783,1.0,0.9473999999999999,,1.0,1.0,,,0.9211,0.986,,,,HistoricalCohorts_GradRates.xlsx,2017 4-Year Cohort,HistoricalCohorts_GradRates.xlsx,2016 5-Year Cohort
2016-2017,2016,2017,Berkeley,4,Spring Mills High School,spring mills high school,504,4504,schoolid_4504,302,289,0.9570000000000001,0.9484,0.966,0.9481999999999999,1.0,1.0,1.0,,1.0,,,0.9429000000000001,0.9247,,,,266,243,0.9135,0.88,0.9433,0.9083,1.0,0.8125,1.0,1.0,1.0,,,0.7837999999999999,0.875,,,,HistoricalCohorts_GradRates.xlsx,2017 4-Year Cohort,HistoricalCohorts_GradRates.xlsx,2016 5-Year Cohort
2016-2017,2016,2017,Boone,6,Scott High School,scott high school,501,6501,schoolid_6501,166,145,0.8734999999999999,0.875,0.8718,0.8726999999999999,1.0,,,,,,,0.7391,0.8734999999999999,,,,156,138,0.8845999999999999,0.8764,0.8955,0.8824,1.0,1.0,,1.0,,,,0.6552,0.8101,,,,HistoricalCohorts_GradRates.xlsx,2017 4-Year Cohort,HistoricalCohorts_GradRates.xlsx,2016 5-Year Cohort
2016-2017,2016,2017,Boone,6,Sherman High School,sherman high school,502,6502,schoolid_6502,94,86,0.9148999999999999,0.9388,0.8889,0.914,1.0,,,,,,,0.7222,0.9148999999999999,,,,90,82,0.9111,0.9412,0.8718,0.9111,,,,,,,,0.8181999999999999,0.8723000000000001,,,,HistoricalCohorts_GradRates.xlsx,2017 4-Year Cohort,HistoricalCohorts_GradRates.xlsx,2016 5-Year Cohort
2016-2017,2016,2017,Boone,6,Van Junior/Senior High School,van junior/senior high school,503,6503,schoolid_6503,37,31,0.8378,0.7333,0.9091,0.8378,,,,,,,,0.6,0.8378,,,,28,22,0.7857,0.8125,0.75,0.8148000000000001,0.0,,,,,,,0.4,0.7368000000000001,,,,HistoricalCohorts_GradRates.xlsx,2017 4-Year Cohort,HistoricalCohorts_GradRates.xlsx,2016 5-Year Cohort
2016-2017,2016,2017,Braxton,8,Braxton County High School,braxton county high school,501,8501,schoolid_8501,151,136,0.9007,0.8809999999999999,0.9254000000000001,0.9007,,,,,,,,0.7308,0.9007,,,,158,137,0.8671,0.8029999999999999,0.9129999999999999,0.8636,1.0,,1.0,,1.0,,,0.5417000000000001,0.8161,,,,HistoricalCohorts_GradRates.xlsx,2017 4-Year Cohort,HistoricalCohorts_GradRates.xlsx,2016 5-Year Cohort
2016-2017,2016,2017,Brooke,10,Brooke High School,brooke high school,502,10502,schoolid_10502,223,205,0.9193000000000001,0.9135,0.9244,0.9174,,,,,1.0,,,0.8462000000000001,0.9269,,,,235,219,0.9319,0.9091,0.9520000000000001,0.9414,0.8332999999999999,1.0,0.5,,0.75,,,0.7436,0.9231,,,,HistoricalCohorts_GradRates.xlsx,2017 4-Year Cohort,HistoricalCohorts_GradRates.xlsx,2016 5-Year Cohort
2016-2017,2016,2017,Cabell,12,Cabell Midland High School,cabell midland high school,550,12550,schoolid_12550,470,419,0.8915000000000001,0.8484999999999999,0.9331,0.8916,1.0,0.6667000000000001,1.0,,1.0,,,0.7593000000000001,0.8908,,,,476,426,0.895,0.865,0.9247,0.8935,1.0,0.8,1.0,,1.0,,,0.7646999999999999,0.8623999999999999,,,,HistoricalCohorts_GradRates.xlsx,2017 4-Year Cohort,HistoricalCohorts_GradRates.xlsx,2016 5-Year Cohort
2016-2017,2016,2017,Cabell,12,Huntington High School,huntington high school,560,12560,schoolid_12560,422,313,0.7417,0.6804000000000001,0.8079000000000001,0.7359,0.8,0.75,,,0.6923,,,0.6324000000000001,0.7429000000000001,,,,403,314,0.7792,0.7653,0.7947,0.777,0.7968999999999999,0.7143,0.6,1.0,0.8,,,0.7,0.755,,,,HistoricalCohorts_GradRates.xlsx,2017 4-Year Cohort,HistoricalCohorts_GradRates.xlsx,2016 5-Year Cohort
2016-2017,2016,2017,Calhoun,14,Calhoun Middle/High School,calhoun middle/high school,501,14501,schoolid_14501,63,59,0.9365000000000001,0.9355,0.9375,0.9365000000000001,,,,,,,,0.9,0.9365000000000001,,,,77,73,0.9481,0.9512,0.9444,0.9473999999999999,,,,,1.0,,,1.0,0.92,,,,HistoricalCohorts_GradRates.xlsx,2017 4-Year Cohort,HistoricalCohorts_GradRates.xlsx,2016 5-Year Cohort
2016-2017,2016,2017,Clay,16,Clay County High School,clay county high school,501,16501,schoolid_16501,131,117,0.8931,0.8833,0.9014,0.9,0.0,,,,,,,0.7857,0.8931,,,,130,118,0.9077,0.9403,0.873,0.9077,,,,,,,,0.7273000000000001,0.8718,,,,HistoricalCohorts_GradRates.xlsx,2017 4-Year Cohort,HistoricalCohorts_GradRates.xlsx,2016 5-Year Cohort
2016-2017,2016,2017,Doddridge,18,Doddridge County High School,doddridge county high school,501,18501,schoolid_18501,100,96,0.96,0.9795999999999999,0.9412,0.9579000000000001,1.0,,,,1.0,,,0.8332999999999999,0.96,,,,87,82,0.9425,0.9333,0.9523999999999999,0.9523999999999999,,1.0,,1.0,0.0,,,1.0,0.9167000000000001,,,,HistoricalCohorts_GradRates.xlsx,2017 4-Year Cohort,HistoricalCohorts_GradRates.xlsx,2016 5-Year Cohort
2016-2017,2016,2017,Fayette,20,Fayetteville High School,fayetteville high school,501,20501,schoolid_20501,89,83,0.9326000000000001,0.9111,0.9545,0.9301999999999999,1.0,1.0,,,1.0,,,0.9444,0.9326000000000001,,,,82,73,0.8902,0.84,0.9688,0.8861,1.0,,1.0,,,,,0.7273000000000001,0.9286,,,,HistoricalCohorts_GradRates.xlsx,2017 4-Year Cohort,HistoricalCohorts_GradRates.xlsx,2016 5-Year Cohort
2016-2017,2016,2017,Fayette,20,Meadow Bridge High School,meadow bridge high school,503,20503,schoolid_20503,39,35,0.8974,0.9444,0.8571,0.8919,1.0,,,1.0,,,,0.6667000000000001,0.8974,,,,47,40,0.8511,0.8462000000000001,0.8571,0.8478,,,,1.0,,,,0.625,0.7778,,,,HistoricalCohorts_GradRates.xlsx,2017 4-Year Cohort,HistoricalCohorts_GradRates.xlsx,2016 5-Year Cohort
2016-2017,2016,2017,Fayette,20,Midland Trail High School,midland trail high school,504,20504,schoolid_20504,91,79,0.8681,0.8837,0.8542000000000001,0.8681,,,,,,,,0.44439999999999996,0.8681,,,,83,74,0.8916,0.8542000000000001,0.9429000000000001,0.8902,1.0,,,,,,,0.5714,0.8824,,,,HistoricalCohorts_GradRates.xlsx,2017 4-Year Cohort,HistoricalCohorts_GradRates.xlsx,2016 5-Year Cohort
2016-2017,2016,2017,Fayette,20,Oak Hill High School,oak hill high school,506,20506,schoolid_20506,192,153,0.7968999999999999,0.7521,0.8732,0.7917000000000001,0.8125,,,,0.875,,,0.5172,0.7968999999999999,,,,229,184,0.8035,0.7288,0.8829,0.7961,0.8421,1.0,,,1.0,,,0.5,0.7442,,,,HistoricalCohorts_GradRates.xlsx,2017 4-Year Cohort,HistoricalCohorts_GradRates.xlsx,2016 5-Year Cohort
2016-2017,2016,2017,Fayette,20,Valley High School,valley high school,507,20507,schoolid_20507,79,64,0.8101,0.7778,0.8529000000000001,0.8169,0.8332999999999999,,1.0,,0.0,,,0.5,0.8101,,,,75,63,0.84,0.8108,0.8684000000000001,0.8332999999999999,0.8571,,,1.0,1.0,,,0.6667000000000001,0.75,,,,HistoricalCohorts_GradRates.xlsx,2017 4-Year Cohort,HistoricalCohorts_GradRates.xlsx,2016 5-Year Cohort
2016-2017,2016,2017,Gilmer,22,Gilmer County High School,gilmer county high school,501,22501,schoolid_22501,68,65,0.9559000000000001,0.9301999999999999,1.0,0.9538,,1.0,,,1.0,,,0.8824,0.94,,,,68,66,0.9706,1.0,0.9487000000000001,0.9697,,1.0,,,1.0,,,0.9167000000000001,0.95,,,,HistoricalCohorts_GradRates.xlsx,2017 4-Year Cohort,HistoricalCohorts_GradRates.xlsx,2016 5-Year Cohort
2016-2017,2016,2017,Grant,24,Petersburg High School,petersburg high school,501,24501,schoolid_24501,107,102,0.9533,0.95,0.9573999999999999,0.9523999999999999,1.0,,,,,,,0.75,0.9167000000000001,,,,109,103,0.945,0.9473999999999999,0.9423,0.9444,,1.0,,,,,,0.7778,0.9216,,,,HistoricalCohorts_GradRates.xlsx,2017 4-Year Cohort,HistoricalCohorts_GradRates.xlsx,2016 5-Year Cohort
2016-2017,2016,2017,Grant,24,Union Educational Complex,union educational complex,101,24101,schoolid_24101,16,15,0.9375,0.9,1.0,0.9375,,,,,,,,1.0,0.9375,,,,21,21,1.0,1.0,1.0,1.0,,,,,,,,1.0,1.0,,,,HistoricalCohorts_GradRates.xlsx,2017 4-Year Cohort,HistoricalCohorts_GradRates.xlsx,2016 5-Year Cohort
2016-2017,2016,2017,Greenbrier,26,Greenbrier East High School,greenbrier east high school,501,26501,schoolid_26501,294,274,0.932,0.929,0.9353,0.9319,1.0,1.0,1.0,,0.0,,,0.8167,0.8902,,,,250,230,0.92,0.8759999999999999,0.9612,0.9267,0.8,1.0,,,1.0,,,0.725,0.8534,,,,HistoricalCohorts_GradRates.xlsx,2017 4-Year Cohort,HistoricalCohorts_GradRates.xlsx,2016 5-Year Cohort
2016-2017,2016,2017,Greenbrier,26,Greenbrier West High School,greenbrier west high school,502,26502,schoolid_26502,105,85,0.8095,0.7454999999999999,0.88,0.8155,0.5,,,,,,,0.7059000000000001,0.7951999999999999,,,,90,79,0.8778,0.8704000000000001,0.8889,0.875,1.0,,,1.0,,,,0.8,0.8136,,,,HistoricalCohorts_GradRates.xlsx,2017 4-Year Cohort,HistoricalCohorts_GradRates.xlsx,2016 5-Year Cohort
2016-2017,2016,2017,Hampshire,28,Hampshire Senior High School,hampshire senior high school,501,28501,schoolid_28501,260,219,0.8423,0.8117,0.8868,0.8452,0.75,1.0,,0.0,1.0,,,0.6596,0.8173,,,,254,193,0.7598,0.7071,0.8245999999999999,0.755,1.0,,,,1.0,,,0.6136,0.7181000000000001,,,,HistoricalCohorts_GradRates.xlsx,2017 4-Year Cohort,HistoricalCohorts_GradRates.xlsx,2016 5-Year Cohort
2016-2017,2016,2017,Hancock,29,Oak Glen High School,oak glen high school,501,29501,schoolid_29501,136,124,0.9118,0.8845999999999999,0.9483,0.9118,,,,,,,,0.7826000000000001,0.8919,,,,115,106,0.9217,0.9091,0.9333,0.9211,,,1.0,,,,,0.7222,0.8824,,,,HistoricalCohorts_GradRates.xlsx,2017 4-Year Cohort,HistoricalCohorts_GradRates.xlsx,2016 5-Year Cohort
2016-2017,2016,2017,Hancock,29,Weir High School,weir high school,502,29502,schoolid_29502,153,136,0.8889,0.925,0.8493,0.9,0.875,1.0,,,0.5,,,0.8077,0.8072,,,,147,134,0.9116,0.9103,0.9129999999999999,0.9037000000000001,1.0,1.0,1.0,,1.0,,,0.7931,0.8675,,,,HistoricalCohorts_GradRates.xlsx,2017 4-Year Cohort,HistoricalCohorts_GradRates.xlsx,2016 5-Year Cohort
2016-2017,2016,2017,Hardy,31,East Hardy High School,east hardy high school,501,31501,schoolid_31501,55,50,0.9091,0.8571,0.963,0.9057,1.0,,1.0,,,,,0.5,0.8889,,,,59,51,0.8644,0.8,0.9118,0.875,,1.0,0.0,,1.0,,,0.6,0.7879,,,,HistoricalCohorts_GradRates.xlsx,2017 4-Year Cohort,HistoricalCohorts_GradRates.xlsx,2016 5-Year Cohort
2016-2017,2016,2017,Hardy,31,Moorefield High School,moorefield high school,502,31502,schoolid_31502,101,95,0.9406,0.9815,0.8936,0.9457,1.0,0.75,,,,,,0.7778,0.9365000000000001,,,,98,87,0.8878,0.8667,0.9057,0.8625,1.0,1.0,,,,,,0.7692,0.8689,,,,HistoricalCohorts_GradRates.xlsx,2017 4-Year Cohort,HistoricalCohorts_GradRates.xlsx,2016 5-Year Cohort
2016-2017,2016,2017,Harrison,33,Bridgeport High School,bridgeport high school,501,33501,schoolid_33501,167,164,0.982,0.975,0.9884999999999999,0.9808,1.0,1.0,1.0,,1.0,,,0.8181999999999999,0.9592,,,,190,178,0.9368000000000001,0.902,0.9773000000000001,0.9309999999999999,1.0,1.0,1.0,1.0,,,,0.7273000000000001,0.7879,,,,HistoricalCohorts_GradRates.xlsx,2017 4-Year Cohort,HistoricalCohorts_GradRates.xlsx,2016 5-Year Cohort
2016-2017,2016,2017,Harrison,33,Liberty High School,liberty high school,502,33502,schoolid_33502,134,121,0.903,0.8784000000000001,0.9333,0.8984000000000001,1.0,,,,1.0,,,0.8695999999999999,0.9023,,,,138,123,0.8913,0.8621,0.9125,0.8946999999999999,0.75,1.0,,,,,,0.6333,0.8764,,,,HistoricalCohorts_GradRates.xlsx,2017 4-Year Cohort,HistoricalCohorts_GradRates.xlsx,2016 5-Year Cohort
2016-2017,2016,2017,Harrison,33,Lincoln High School,lincoln high school,503,33503,schoolid_33503,140,127,0.9070999999999999,0.8701000000000001,0.9523999999999999,0.9065000000000001,,,1.0,,,,,0.84,0.9137000000000001,,,,128,122,0.9531000000000001,0.9538,0.9523999999999999,0.96,,0.5,,,1.0,,,0.9167000000000001,0.9692000000000001,,,,HistoricalCohorts_GradRates.xlsx,2017 4-Year Cohort,HistoricalCohorts_GradRates.xlsx,2016 5-Year Cohort
2016-2017,2016,2017,Harrison,33,Robert C. Byrd High School,robert c. byrd high school,506,33506,schoolid_33506,216,171,0.7917000000000001,0.7217,0.8713,0.7879,0.9167000000000001,1.0,,,0.3333,,,0.5115999999999999,0.8009000000000001,,,,191,160,0.8377,0.79,0.8901,0.8439,0.9,0.75,0.0,,0.6667000000000001,,,0.7317,0.7714,,,,HistoricalCohorts_GradRates.xlsx,2017 4-Year Cohort,HistoricalCohorts_GradRates.xlsx,2016 5-Year Cohort
2016-2017,2016,2017,Harrison,33,South Harrison High School,south harrison high school,505,33505,schoolid_33505,93,81,0.871,0.9091,0.85,0.8681,1.0,1.0,,,,,,1.0,0.8695999999999999,,,,95,85,0.8946999999999999,0.88,0.9111,0.8936,,1.0,,,,,,0.9231,0.8636,,,,HistoricalCohorts_GradRates.xlsx,2017 4-Year Cohort,HistoricalCohorts_GradRates.xlsx,2016 5-Year Cohort
2016-2017,2016,2017,Jackson,35,Ravenswood High School,ravenswood high school,501,35501,schoolid_35501,88,81,0.9205,0.9231,0.9184,0.9294,1.0,,0.0,,,,,0.8571,0.8824,,,,94,86,0.9148999999999999,0.9,0.9259000000000001,0.914,1.0,,,,,,,0.75,0.8695999999999999,,,,HistoricalCohorts_GradRates.xlsx,2017 4-Year Cohort,HistoricalCohorts_GradRates.xlsx,2016 5-Year Cohort
2016-2017,2016,2017,Jackson,35,Ripley High School,ripley high school,502,35502,schoolid_35502,240,233,0.9708,0.9444,1.0,0.9742000000000001,1.0,1.0,,,0.5,,,0.875,0.9512,,,,191,187,0.9791,0.977,0.9808,0.9784999999999999,1.0,1.0,,,1.0,,,0.8571,0.9605,,,,HistoricalCohorts_GradRates.xlsx,2017 4-Year Cohort,HistoricalCohorts_GradRates.xlsx,2016 5-Year Cohort
2016-2017,2016,2017,Jefferson,37,Jefferson High School,jefferson high school,501,37501,schoolid_37501,376,338,0.8989,0.8867,0.9133,0.8889,0.9783,0.8519,1.0,,0.875,1.0,,0.8695999999999999,0.8608,,,,305,272,0.8918,0.8671,0.9184,0.9027,0.8571,0.7273000000000001,1.0,,0.75,,,0.75,0.8276,,,,HistoricalCohorts_GradRates.xlsx,2017 4-Year Cohort,HistoricalCohorts_GradRates.xlsx,2016 5-Year Cohort
2016-2017,2016,2017,Jefferson,37,Washington High School,washington high school,502,37502,schoolid_37502,268,237,0.8843000000000001,0.7967,0.9586,0.9074,0.8,0.8,0.75,,0.7692,,,0.6957,0.8083,,,,263,244,0.9278,0.8959999999999999,0.9565,0.9329999999999999,0.9091,0.9375,1.0,,0.75,,,0.76,0.8931999999999999,,,,HistoricalCohorts_GradRates.xlsx,2017 4-Year Cohort,HistoricalCohorts_GradRates.xlsx,2016 5-Year Cohort
2016-2017,2016,2017,Kanawha,39,Capital High School,capital high school,513,39513,schoolid_39513,327,240,0.7339,0.675,0.7904000000000001,0.7121,0.7583,1.0,1.0,,0.0,,,0.48719999999999997,0.7339,,,,331,272,0.8218000000000001,0.7978000000000001,0.8497,0.8090999999999999,0.8317,1.0,1.0,1.0,1.0,,,0.6957,0.7603,,,,HistoricalCohorts_GradRates.xlsx,2017 4-Year Cohort,HistoricalCohorts_GradRates.xlsx,2016 5-Year Cohort
2016-2017,2016,2017,Kanawha,39,George Washington High School,george washington high school,506,39506,schoolid_39506,271,253,0.9336,0.9213,0.9444,0.9315000000000001,0.8636,1.0,1.0,,1.0,1.0,,0.7778,0.8774,,,,244,234,0.9590000000000001,0.9434999999999999,0.975,0.951,1.0,1.0,1.0,,,1.0,,0.9231,0.9309999999999999,,,,HistoricalCohorts_GradRates.xlsx,2017 4-Year Cohort,HistoricalCohorts_GradRates.xlsx,2016 5-Year Cohort
2016-2017,2016,2017,Kanawha,39,Herbert Hoover High School,herbert hoover high school,507,39507,schoolid_39507,177,151,0.8531,0.8222,0.8851,0.8523000000000001,,,1.0,,,,,0.6842,0.8621,,,,152,133,0.875,0.8778,0.871,0.88,0.0,,1.0,,,,,0.7857,0.85,,,,HistoricalCohorts_GradRates.xlsx,2017 4-Year Cohort,HistoricalCohorts_GradRates.xlsx,2016 5-Year Cohort
2016-2017,2016,2017,Kanawha,39,Nitro High School,nitro high school,508,39508,schoolid_39508,174,147,0.8448,0.8587,0.8293,0.8599,0.6,0.8,1.0,,1.0,,,0.7368000000000001,0.7864,,,,179,160,0.8939,0.9231,0.8636,0.8981999999999999,0.6667000000000001,1.0,1.0,,,,,0.5556,0.8421,,,,HistoricalCohorts_GradRates.xlsx,2017 4-Year Cohort,HistoricalCohorts_GradRates.xlsx,2016 5-Year Cohort
2016-2017,2016,2017,Kanawha,39,Riverside High School,riverside high school,514,39514,schoolid_39514,279,222,0.7957,0.8012999999999999,0.7886,0.7804000000000001,1.0,1.0,,1.0,0.0,,,0.5333,0.8073,,,,277,246,0.8881,0.8332999999999999,0.9423999999999999,0.8872,0.9375,0.6667000000000001,1.0,,,,,0.5217,0.8813,,,,HistoricalCohorts_GradRates.xlsx,2017 4-Year Cohort,HistoricalCohorts_GradRates.xlsx,2016 5-Year Cohort
2016-2017,2016,2017,Kanawha,39,Saint Albans High School,saint albans high school,509,39509,schoolid_39509,260,227,0.8731,0.8015000000000001,0.9516,0.8874,0.7,1.0,1.0,1.0,0.6667000000000001,,,0.6579,0.8266,,,,222,199,0.8964,0.8818,0.9107,0.8981,0.8462000000000001,,,,1.0,,,0.5,0.88,,,,HistoricalCohorts_GradRates.xlsx,2017 4-Year Cohort,HistoricalCohorts_GradRates.xlsx,2016 5-Year Cohort
2016-2017,2016,2017,Kanawha,39,Sissonville High School,sissonville high school,510,39510,schoolid_39510,151,131,0.8675,0.8795000000000001,0.8529000000000001,0.8725,0.0,1.0,,,,,,0.75,0.8020999999999999,,,,174,158,0.9079999999999999,0.8706,0.9438,0.9075,1.0,,,,,,,0.8332999999999999,0.8608,,,,HistoricalCohorts_GradRates.xlsx,2017 4-Year Cohort,HistoricalCohorts_GradRates.xlsx,2016 5-Year Cohort
2016-2017,2016,2017,Kanawha,39,South Charleston High School,south charleston high school,511,39511,schoolid_39511,265,224,0.8453,0.875,0.8175,0.8361,0.8649,1.0,0.75,,1.0,,,0.68,0.8538,,,,198,178,0.899,0.8868,0.9129999999999999,0.8731,0.9508,1.0,1.0,,,,,0.65,0.8774,,,,HistoricalCohorts_GradRates.xlsx,2017 4-Year Cohort,HistoricalCohorts_GradRates.xlsx,2016 5-Year Cohort
2016-2017,2016,2017,Lewis,41,Lewis County High School,lewis county high school,501,41501,schoolid_41501,182,160,0.8791,0.8421,0.9195,0.8756999999999999,1.0,1.0,,,1.0,,,0.6429,0.8,,,,187,166,0.8876999999999999,0.8462000000000001,0.9270999999999999,0.8956000000000001,0.5,0.5,,1.0,,,,0.7813,0.8571,,,,HistoricalCohorts_GradRates.xlsx,2017 4-Year Cohort,HistoricalCohorts_GradRates.xlsx,2016 5-Year Cohort
2016-2017,2016,2017,Lincoln,43,Lincoln County High School,lincoln county high school,506,43506,schoolid_43506,211,196,0.9289000000000001,0.9107,0.9495,0.9286,,1.0,,,,,,0.7948999999999999,0.9289000000000001,,,,207,181,0.8744,0.8878,0.8623999999999999,0.8732,1.0,,,,1.0,,,0.8443999999999999,0.7835,,,,HistoricalCohorts_GradRates.xlsx,2017 4-Year Cohort,HistoricalCohorts_GradRates.xlsx,2016 5-Year Cohort
2016-2017,2016,2017,Logan,45,Chapmanville Regional High School,chapmanville regional high school,501,45501,schoolid_45501,175,159,0.9086,0.875,0.9494,0.9075,1.0,,,,,,,0.8332999999999999,0.9086,,,,157,145,0.9236,0.9534999999999999,0.8873000000000001,0.9231,,1.0,,,,,,0.8,0.88,,,,HistoricalCohorts_GradRates.xlsx,2017 4-Year Cohort,HistoricalCohorts_GradRates.xlsx,2016 5-Year Cohort
2016-2017,2016,2017,Logan,45,Logan Senior High School,logan senior high school,502,45502,schoolid_45502,176,162,0.9205,0.8831,0.9495,0.9129999999999999,1.0,1.0,,,1.0,,,0.75,0.9205,,,,169,150,0.8876000000000001,0.8837,0.8916,0.8845999999999999,0.9,1.0,,,1.0,,,0.7273000000000001,0.8506999999999999,,,,HistoricalCohorts_GradRates.xlsx,2017 4-Year Cohort,HistoricalCohorts_GradRates.xlsx,2016 5-Year Cohort
2016-2017,2016,2017,Logan,45,Man Senior High School,man senior high school,503,45503,schoolid_45503,106,93,0.8774,0.8361,0.9333,0.8713,1.0,1.0,,,,,,0.7778,0.8774,,,,114,108,0.9473999999999999,0.9559000000000001,0.9348000000000001,0.9459000000000001,1.0,,,,1.0,,,1.0,0.875,,,,HistoricalCohorts_GradRates.xlsx,2017 4-Year Cohort,HistoricalCohorts_GradRates.xlsx,2016 5-Year Cohort
2016-2017,2016,2017,Marion,47,East Fairmont High School,east fairmont high school,501,47501,schoolid_47501,181,172,0.9503,0.9423,0.961,0.9540000000000001,1.0,1.0,,,0.5,,,0.95,0.9036,,,,184,177,0.9620000000000001,0.9490000000000001,0.9767,0.9605,1.0,1.0,1.0,1.0,1.0,,,1.0,0.9136,,,,HistoricalCohorts_GradRates.xlsx,2017 4-Year Cohort,HistoricalCohorts_GradRates.xlsx,2016 5-Year Cohort
2016-2017,2016,2017,Marion,47,Fairmont Senior High School,fairmont senior high school,502,47502,schoolid_47502,187,163,0.8717,0.8515,0.8953,0.8851,0.8214,1.0,1.0,0.0,1.0,0.5,,0.75,0.7920999999999999,,,,185,178,0.9621999999999999,0.9615,0.963,0.961,0.9643,1.0,,,1.0,,,1.0,0.9425,,,,HistoricalCohorts_GradRates.xlsx,2017 4-Year Cohort,HistoricalCohorts_GradRates.xlsx,2016 5-Year Cohort
2016-2017,2016,2017,Marion,47,North Marion High School,north marion high school,503,47503,schoolid_47503,197,188,0.9543,0.9784999999999999,0.9327,0.9582999999999999,1.0,,,,0.5,,,0.8332999999999999,0.9316,,,,180,172,0.9556,0.9515,0.961,0.9538,1.0,1.0,,,1.0,,,0.7726999999999999,0.9670000000000001,,,,HistoricalCohorts_GradRates.xlsx,2017 4-Year Cohort,HistoricalCohorts_GradRates.xlsx,2016 5-Year Cohort
2016-2017,2016,2017,Marshall,48,Cameron High School,cameron high school,501,48501,schoolid_48501,53,52,0.9811,0.9643,1.0,0.9804,1.0,,,,1.0,,,1.0,0.9811,,,,72,70,0.9722,0.9706,0.9737,0.9722,,,,,,,,0.8571,0.9375,,,,HistoricalCohorts_GradRates.xlsx,2017 4-Year Cohort,HistoricalCohorts_GradRates.xlsx,2016 5-Year Cohort
2016-2017,2016,2017,Marshall,48,John Marshall High School,john marshall high school,502,48502,schoolid_48502,265,238,0.8981,0.8906000000000001,0.9051,0.8969,1.0,1.0,,,,,,0.8387,0.8981,,,,283,259,0.9152,0.9128000000000001,0.9179,0.9194,0.6667000000000001,1.0,1.0,1.0,0.5,,,0.8,0.8442000000000001,,,,HistoricalCohorts_GradRates.xlsx,2017 4-Year Cohort,HistoricalCohorts_GradRates.xlsx,2016 5-Year Cohort
2016-2017,2016,2017,Mason,49,Hannan High School,hannan high school,501,49501,schoolid_49501,42,41,0.9762000000000001,0.96,1.0,0.9762000000000001,,,,,,,,1.0,0.9762000000000001,,,,41,39,0.9512,0.9545,0.9473999999999999,0.9512,,,,,,,,0.8,0.9582999999999999,,,,HistoricalCohorts_GradRates.xlsx,2017 4-Year Cohort,HistoricalCohorts_GradRates.xlsx,2016 5-Year Cohort
2016-2017,2016,2017,Mason,49,Point Pleasant Junior/Senior High School,point pleasant junior/senior high school,502,49502,schoolid_49502,211,189,0.8956999999999999,0.8704000000000001,0.9223,0.8937,1.0,,,,,,,0.6087,0.9043000000000001,,,,177,157,0.887,0.8571,0.9186,0.8864,,,1.0,,,,,0.7082999999999999,0.8295,,,,HistoricalCohorts_GradRates.xlsx,2017 4-Year Cohort,HistoricalCohorts_GradRates.xlsx,2016 5-Year Cohort
2016-2017,2016,2017,Mason,49,Wahama High School,wahama high school,503,49503,schoolid_49503,44,41,0.9318000000000001,0.9091,0.9545,0.9286,,1.0,,1.0,,,,1.0,0.9318000000000001,,,,69,67,0.971,0.9444,1.0,0.9692000000000001,,1.0,1.0,1.0,,,,1.0,0.9756,,,,HistoricalCohorts_GradRates.xlsx,2017 4-Year Cohort,HistoricalCohorts_GradRates.xlsx,2016 5-Year Cohort
2016-2017,2016,2017,McDowell,60,Mount View High School,mount view high school,527,60527,schoolid_60527,120,91,0.7583,0.7286,0.8,0.7082999999999999,0.9545,1.0,,,1.0,,,0.4211,0.7583,,,,109,92,0.8440000000000001,0.8,0.8814,0.8148000000000001,0.9615,,1.0,,0.0,,,0.7,0.8,,,,HistoricalCohorts_GradRates.xlsx,2017 4-Year Cohort,HistoricalCohorts_GradRates.xlsx,2016 5-Year Cohort
2016-2017,2016,2017,McDowell,60,River View High School,river view high school,520,60520,schoolid_60520,118,107,0.9068,0.9138,0.9,0.9115000000000001,1.0,0.0,,,,,,0.8636,0.9068,,,,104,96,0.9231,0.9148999999999999,0.9298000000000001,0.9216,1.0,1.0,,,,,,0.9129999999999999,0.9074,,,,HistoricalCohorts_GradRates.xlsx,2017 4-Year Cohort,HistoricalCohorts_GradRates.xlsx,2016 5-Year Cohort
2016-2017,2016,2017,Mercer,51,Bluefield High School,bluefield high school,502,51502,schoolid_51502,143,124,0.8671,0.9146,0.8033,0.8667,0.875,1.0,,,0.8,,,0.7368000000000001,0.8671,,,,170,145,0.8529000000000001,0.8404,0.8684000000000001,0.8672,0.7879,1.0,0.0,,1.0,,,0.8636,0.8592,,,,HistoricalCohorts_GradRates.xlsx,2017 4-Year Cohort,HistoricalCohorts_GradRates.xlsx,2016 5-Year Cohort
2016-2017,2016,2017,Mercer,51,Montcalm High School,montcalm high school,505,51505,schoolid_51505,55,54,0.9818000000000001,1.0,0.9706,0.9815,1.0,,,,,,,1.0,0.9818000000000001,,,,48,45,0.9375,0.8695999999999999,1.0,0.9362,1.0,,,,,,,0.8889,1.0,,,,HistoricalCohorts_GradRates.xlsx,2017 4-Year Cohort,HistoricalCohorts_GradRates.xlsx,2016 5-Year Cohort
2016-2017,2016,2017,Mercer,51,Pikeview High School,pikeview high school,509,51509,schoolid_51509,179,163,0.9106000000000001,0.9053,0.9167000000000001,0.9079999999999999,1.0,1.0,1.0,,,,,0.7391,0.9106000000000001,,,,170,158,0.9294,0.9176000000000001,0.9412,0.9281,1.0,,,,,,,0.7778,0.8478,,,,HistoricalCohorts_GradRates.xlsx,2017 4-Year Cohort,HistoricalCohorts_GradRates.xlsx,2016 5-Year Cohort
2016-2017,2016,2017,Mercer,51,Princeton Senior High School,princeton senior high school,507,51507,schoolid_51507,239,210,0.8787,0.848,0.9123,0.8733,0.9375,,,,1.0,1.0,,0.7778,0.8787,,,,256,237,0.9258,0.9055,0.9457,0.9156,1.0,1.0,1.0,,1.0,,,0.775,0.9136,,,,HistoricalCohorts_GradRates.xlsx,2017 4-Year Cohort,HistoricalCohorts_GradRates.xlsx,2016 5-Year Cohort
2016-2017,2016,2017,Mineral,53,Frankfort High School,frankfort high school,501,53501,schoolid_53501,141,140,0.9929000000000001,0.987,1.0,0.9929000000000001,,,1.0,,,,,1.0,0.9845999999999999,,,,124,123,0.9919,1.0,0.9853000000000001,0.9915,1.0,1.0,,,,,,1.0,0.9821,,,,HistoricalCohorts_GradRates.xlsx,2017 4-Year Cohort,HistoricalCohorts_GradRates.xlsx,2016 5-Year Cohort
2016-2017,2016,2017,Mineral,53,Keyser High School,keyser high school,503,53503,schoolid_53503,178,169,0.9494,0.9556,0.9431999999999999,0.9419,1.0,1.0,1.0,,1.0,,,0.8438,0.9217,,,,149,141,0.9462999999999999,0.9286,0.9692000000000001,0.9706,0.8181999999999999,,0.0,,0.0,,,0.8845999999999999,0.9398000000000001,,,,HistoricalCohorts_GradRates.xlsx,2017 4-Year Cohort,HistoricalCohorts_GradRates.xlsx,2016 5-Year Cohort
2016-2017,2016,2017,Mingo,54,Mingo Central Comprehensive High School,mingo central comprehensive high school,508,54508,schoolid_54508,155,144,0.929,0.8809999999999999,0.9859,0.9240999999999999,1.0,,,,1.0,,,0.7692,0.929,,,,134,128,0.9551999999999999,0.9582999999999999,0.9516,0.9609000000000001,0.8,,1.0,,,,,0.7778,0.9455,,,,HistoricalCohorts_GradRates.xlsx,2017 4-Year Cohort,HistoricalCohorts_GradRates.xlsx,2016 5-Year Cohort
2016-2017,2016,2017,Mingo,54,Tug Valley High School,tug valley high school,507,54507,schoolid_54507,76,72,0.9473999999999999,0.9268000000000001,0.9714,0.9473999999999999,,,,,,,,0.8332999999999999,0.9473999999999999,,,,78,73,0.9359000000000001,0.8974,0.9743999999999999,0.9351,1.0,,,,,,,0.8332999999999999,0.8787999999999999,,,,HistoricalCohorts_GradRates.xlsx,2017 4-Year Cohort,HistoricalCohorts_GradRates.xlsx,2016 5-Year Cohort
2016-2017,2016,2017,Monongalia,56,Clay-Battelle High School,clay-battelle high school,501,56501,schoolid_56501,55,50,0.9091,0.9286,0.8889,0.9091,,,,,,,,0.8181999999999999,0.875,,,,53,52,0.9811,0.9523999999999999,1.0,0.9808,,,1.0,,,,,1.0,0.9643,,,,HistoricalCohorts_GradRates.xlsx,2017 4-Year Cohort,HistoricalCohorts_GradRates.xlsx,2016 5-Year Cohort
2016-2017,2016,2017,Monongalia,56,Morgantown High School,morgantown high school,502,56502,schoolid_56502,469,424,0.9041,0.8912,0.9174,0.9067000000000001,0.9111,0.8,0.9231,1.0,0.7778,1.0,,0.623,0.7907,,,,412,368,0.8931999999999999,0.8621,0.9234,0.9,0.8095,0.8571,1.0,1.0,0.6667000000000001,1.0,,0.7451000000000001,0.7687,,,,HistoricalCohorts_GradRates.xlsx,2017 4-Year Cohort,HistoricalCohorts_GradRates.xlsx,2016 5-Year Cohort
2016-2017,2016,2017,Monongalia,56,University High School,university high school,503,56503,schoolid_56503,278,246,0.8848999999999999,0.8656999999999999,0.9028,0.884,0.8571,1.0,0.8332999999999999,,0.8889,,,0.6087,0.7593000000000001,,,,294,280,0.9523999999999999,0.9281,0.9787,0.9597,0.625,,1.0,,1.0,,,0.9153,0.8791,,,,HistoricalCohorts_GradRates.xlsx,2017 4-Year Cohort,HistoricalCohorts_GradRates.xlsx,2016 5-Year Cohort
2016-2017,2016,2017,Monroe,57,James Monroe High School,james monroe high school,503,57503,schoolid_57503,138,134,0.971,0.961,0.9836,0.9773000000000001,0.5,1.0,,,1.0,,,0.8889,0.9595999999999999,,,,119,115,0.9664,0.9661,0.9667,0.9661,,,,,1.0,,,0.8571,0.9459000000000001,,,,HistoricalCohorts_GradRates.xlsx,2017 4-Year Cohort,HistoricalCohorts_GradRates.xlsx,2016 5-Year Cohort
2016-2017,2016,2017,Morgan,58,Berkeley Springs High School,berkeley springs high school,501,58501,schoolid_58501,169,157,0.929,0.9211,0.9355,0.925,1.0,1.0,,,1.0,,,0.8234999999999999,0.929,,,,175,160,0.9143000000000001,0.9405,0.8901,0.9172,0.5,1.0,1.0,,,,,0.9286,0.8367,,,,HistoricalCohorts_GradRates.xlsx,2017 4-Year Cohort,HistoricalCohorts_GradRates.xlsx,2016 5-Year Cohort
2016-2017,2016,2017,Morgan,58,Paw Paw High School,paw paw high school,502,58502,schoolid_58502,20,20,1.0,1.0,1.0,1.0,,1.0,,,,,,1.0,1.0,,,,15,15,1.0,1.0,1.0,1.0,,,,,,,,1.0,1.0,,,,HistoricalCohorts_GradRates.xlsx,2017 4-Year Cohort,HistoricalCohorts_GradRates.xlsx,2016 5-Year Cohort
2016-2017,2016,2017,Nicholas,62,Nicholas County High School,nicholas county high school,501,62501,schoolid_62501,165,153,0.9273,0.9079999999999999,0.9487000000000001,0.9299,0.75,1.0,1.0,,1.0,,,0.8,0.9273,,,,198,181,0.9140999999999999,0.8776,0.95,0.9148999999999999,0.8,1.0,1.0,,1.0,,,0.7368000000000001,0.8952,,,,HistoricalCohorts_GradRates.xlsx,2017 4-Year Cohort,HistoricalCohorts_GradRates.xlsx,2016 5-Year Cohort
2016-2017,2016,2017,Nicholas,62,Richwood High School,richwood high school,502,62502,schoolid_62502,106,100,0.9434,0.9833,0.8913,0.9423,,,,,1.0,,,0.8636,0.9434,,,,77,74,0.961,0.9301999999999999,1.0,0.961,,,,,,,,1.0,0.9825,,,,HistoricalCohorts_GradRates.xlsx,2017 4-Year Cohort,HistoricalCohorts_GradRates.xlsx,2016 5-Year Cohort
2016-2017,2016,2017,Ohio,64,Wheeling Park High School,wheeling park high school,501,64501,schoolid_64501,355,345,0.9718000000000001,0.9509000000000001,0.9895999999999999,0.9716,0.9523999999999999,1.0,1.0,1.0,1.0,1.0,,0.8,0.9716,,,,368,360,0.9783,0.9775,0.9789,0.9783,0.9722,1.0,1.0,,1.0,,,0.8478,0.9823999999999999,,,,HistoricalCohorts_GradRates.xlsx,2017 4-Year Cohort,HistoricalCohorts_GradRates.xlsx,2016 5-Year Cohort
2016-2017,2016,2017,Pendleton,66,Pendleton County Middle/High School,pendleton county middle/high school,502,66502,schoolid_66502,81,79,0.9753000000000001,0.9743999999999999,0.9762000000000001,0.9737,1.0,,,1.0,,,,1.0,0.9608,,,,78,72,0.9231,0.9318000000000001,0.9118,0.9220999999999999,1.0,,,,,,,0.7646999999999999,0.8913,,,,HistoricalCohorts_GradRates.xlsx,2017 4-Year Cohort,HistoricalCohorts_GradRates.xlsx,2016 5-Year Cohort
2016-2017,2016,2017,Pleasants,67,St Marys High School,st marys high school,501,67501,schoolid_67501,95,88,0.9262999999999999,0.9362,0.9167000000000001,0.9231,,1.0,1.0,,1.0,,,0.8889,0.8966,,,,96,92,0.9582999999999999,0.9412,0.9778,0.9573999999999999,,1.0,,,1.0,,,0.8889,0.9148999999999999,,,,HistoricalCohorts_GradRates.xlsx,2017 4-Year Cohort,HistoricalCohorts_GradRates.xlsx,2016 5-Year Cohort
2016-2017,2016,2017,Pocahontas,69,Pocahontas County High School,pocahontas county high school,501,69501,schoolid_69501,85,75,0.8824,0.92,0.8286,0.8809999999999999,,1.0,,,,,,0.7333,0.8824,,,,73,58,0.7945,0.7837999999999999,0.8056,0.7945,,,,,,,,0.4,0.7551000000000001,,,,HistoricalCohorts_GradRates.xlsx,2017 4-Year Cohort,HistoricalCohorts_GradRates.xlsx,2016 5-Year Cohort
2016-2017,2016,2017,Preston,70,Preston High School,preston high school,507,70507,schoolid_70507,305,252,0.8262,0.8061,0.85,0.8233,1.0,1.0,,,,,,0.7,0.7614,,,,312,274,0.8782,0.8625,0.8946999999999999,0.875,1.0,1.0,1.0,,1.0,,,0.8088,0.8192,,,,HistoricalCohorts_GradRates.xlsx,2017 4-Year Cohort,HistoricalCohorts_GradRates.xlsx,2016 5-Year Cohort
2016-2017,2016,2017,Putnam,72,Buffalo High School,buffalo high school,505,72505,schoolid_72505,105,94,0.8952,0.875,0.9184,0.8942,,,1.0,,,,,0.7273000000000001,0.8793000000000001,,,,68,64,0.9412,0.8571,1.0,0.9403,,1.0,,,,,,0.8421,0.8889,,,,HistoricalCohorts_GradRates.xlsx,2017 4-Year Cohort,HistoricalCohorts_GradRates.xlsx,2016 5-Year Cohort
2016-2017,2016,2017,Putnam,72,Hurricane High School,hurricane high school,510,72510,schoolid_72510,309,288,0.932,0.9172,0.95,0.9322,1.0,1.0,1.0,,0.0,,,0.7115,0.8765000000000001,,,,272,268,0.9853000000000001,0.9688,1.0,0.9847,1.0,,1.0,1.0,1.0,1.0,,0.9556,0.9793999999999999,,,,HistoricalCohorts_GradRates.xlsx,2017 4-Year Cohort,HistoricalCohorts_GradRates.xlsx,2016 5-Year Cohort
2016-2017,2016,2017,Putnam,72,Poca High School,poca high school,515,72515,schoolid_72515,144,131,0.9097,0.8732,0.9451999999999999,0.9070999999999999,1.0,1.0,,,,,,0.7406999999999999,0.8737,,,,137,128,0.9343,0.8906000000000001,0.9726,0.9389,0.75,1.0,,,1.0,,,0.8462000000000001,0.9129999999999999,,,,HistoricalCohorts_GradRates.xlsx,2017 4-Year Cohort,HistoricalCohorts_GradRates.xlsx,2016 5-Year Cohort
2016-2017,2016,2017,Putnam,72,Winfield High School,winfield high school,520,72520,schoolid_72520,203,193,0.9506999999999999,0.9412,0.9604,0.9519,0.875,1.0,1.0,1.0,1.0,,,0.9118,0.8933,,,,203,196,0.9655,0.9623,0.9691,0.9639,1.0,1.0,1.0,,1.0,,,0.7726999999999999,0.9167000000000001,,,,HistoricalCohorts_GradRates.xlsx,2017 4-Year Cohort,HistoricalCohorts_GradRates.xlsx,2016 5-Year Cohort
2016-2017,2016,2017,Raleigh,74,Independence High School,independence high school,502,74502,schoolid_74502,142,127,0.8944,0.8701000000000001,0.9231,0.8896999999999999,1.0,1.0,1.0,,1.0,,,1.0,0.8942,,,,164,142,0.8659,0.8443999999999999,0.8919,0.8671,1.0,,0.0,1.0,1.0,1.0,,0.7143,0.7935,,,,HistoricalCohorts_GradRates.xlsx,2017 4-Year Cohort,HistoricalCohorts_GradRates.xlsx,2016 5-Year Cohort
2016-2017,2016,2017,Raleigh,74,Liberty High,liberty high,503,74503,schoolid_74503,114,107,0.9386,0.9365000000000001,0.9412,0.9375,,1.0,,,,,,0.7273000000000001,0.9176000000000001,,,,130,124,0.9538,0.9245,0.9740000000000001,0.9520000000000001,1.0,,,,1.0,,,0.9286,0.925,,,,HistoricalCohorts_GradRates.xlsx,2017 4-Year Cohort,HistoricalCohorts_GradRates.xlsx,2016 5-Year Cohort
2016-2017,2016,2017,Raleigh,74,Shady Spring High,shady spring high,505,74505,schoolid_74505,197,178,0.9036,0.8991,0.9091,0.9009999999999999,1.0,,1.0,1.0,1.0,,,0.8332999999999999,0.8519,,,,218,196,0.8991,0.8661,0.934,0.8986,,,1.0,,,,,0.7826000000000001,0.8529000000000001,,,,HistoricalCohorts_GradRates.xlsx,2017 4-Year Cohort,HistoricalCohorts_GradRates.xlsx,2016 5-Year Cohort
2016-2017,2016,2017,Raleigh,74,Woodrow Wilson High School,woodrow wilson high school,506,74506,schoolid_74506,331,270,0.8157,0.7898000000000001,0.8391,0.8167,0.7945,0.6667000000000001,1.0,1.0,1.0,,,0.6512,0.7745000000000001,,,,322,275,0.8540000000000001,0.8012999999999999,0.9006000000000001,0.8378,0.9012,0.75,1.0,0.5,0.8,,,0.7209,0.8081,,,,HistoricalCohorts_GradRates.xlsx,2017 4-Year Cohort,HistoricalCohorts_GradRates.xlsx,2016 5-Year Cohort
2016-2017,2016,2017,Randolph,75,Elkins High School,elkins high school,504,75504,schoolid_75504,188,170,0.9043000000000001,0.8763,0.9340999999999999,0.9016,1.0,,1.0,,1.0,,,0.7692,0.9091,,,,203,180,0.8867,0.8636,0.914,0.8878,1.0,0.8,1.0,,,,,0.7585999999999999,0.8365,,,,HistoricalCohorts_GradRates.xlsx,2017 4-Year Cohort,HistoricalCohorts_GradRates.xlsx,2016 5-Year Cohort
2016-2017,2016,2017,Randolph,75,Harman Elementary/High School,harman elementary/high school,102,75102,schoolid_75102,,,0.8181999999999999,0.8332999999999999,0.8,0.8181999999999999,,,,,,,,1.0,0.8181999999999999,,,,,,1.0,1.0,1.0,1.0,,,,,,,,1.0,,,,,HistoricalCohorts_GradRates.xlsx,2017 4-Year Cohort,HistoricalCohorts_GradRates.xlsx,2016 5-Year Cohort
2016-2017,2016,2017,Randolph,75,Pickens Elementary/High School,pickens elementary/high school,103,75103,schoolid_75103,,,1.0,1.0,,1.0,,,,,,,,,1.0,,,,,,1.0,,1.0,1.0,,,,,,,,,,,,,HistoricalCohorts_GradRates.xlsx,2017 4-Year Cohort,HistoricalCohorts_GradRates.xlsx,2016 5-Year Cohort
2016-2017,2016,2017,Randolph,75,Tygarts Valley Middle/High School,tygarts valley middle/high school,503,75503,schoolid_75503,51,47,0.9216,0.8929,0.9565,0.9216,,,,,,,,0.7778,0.9216,,,,64,61,0.9531000000000001,0.9355,0.9697,0.9531000000000001,,,,,,,,0.875,0.9412,,,,HistoricalCohorts_GradRates.xlsx,2017 4-Year Cohort,HistoricalCohorts_GradRates.xlsx,2016 5-Year Cohort
2016-2017,2016,2017,Ritchie,77,Ritchie County High School,ritchie county high school,501,77501,schoolid_77501,94,80,0.8511,0.8332999999999999,0.8695999999999999,0.8478,1.0,1.0,,,,,,0.6842,0.8095,,,,107,99,0.9251999999999999,0.88,0.9649,0.9238,,1.0,,,,,,0.8332999999999999,0.8776,,,,HistoricalCohorts_GradRates.xlsx,2017 4-Year Cohort,HistoricalCohorts_GradRates.xlsx,2016 5-Year Cohort
2016-2017,2016,2017,Roane,79,Roane County High,roane county high,503,79503,schoolid_79503,163,147,0.9018,0.9036,0.9,0.8981,1.0,1.0,,1.0,1.0,,,0.7391,0.8698999999999999,,,,135,127,0.9407,0.9492,0.9342,0.9457,1.0,1.0,,,0.6667000000000001,,,0.8125,0.9318000000000001,,,,HistoricalCohorts_GradRates.xlsx,2017 4-Year Cohort,HistoricalCohorts_GradRates.xlsx,2016 5-Year Cohort
2016-2017,2016,2017,Summers,81,Summers County High School,summers county high school,502,81502,schoolid_81502,98,84,0.8571,0.807,0.9268000000000001,0.8495,1.0,,,,1.0,,,0.6667000000000001,0.8571,,,,104,74,0.7115,0.7193,0.7021,0.7156999999999999,0.5,,,,,,,0.6,0.5532,,,,HistoricalCohorts_GradRates.xlsx,2017 4-Year Cohort,HistoricalCohorts_GradRates.xlsx,2016 5-Year Cohort
2016-2017,2016,2017,Taylor,83,Grafton High School,grafton high school,502,83502,schoolid_83502,170,152,0.8941,0.8966,0.8916,0.8981999999999999,1.0,,,,0.0,,,0.8,0.8125,,,,158,136,0.8608,0.7917000000000001,0.9186,0.871,1.0,0.0,,,0.0,,,0.7778,0.7792,,,,HistoricalCohorts_GradRates.xlsx,2017 4-Year Cohort,HistoricalCohorts_GradRates.xlsx,2016 5-Year Cohort
2016-2017,2016,2017,Tucker,84,Tucker County High School,tucker county high school,501,84501,schoolid_84501,83,80,0.9639,0.9362,1.0,0.9634,1.0,,,,,,,0.8332999999999999,0.9362,,,,85,79,0.9294,0.8837,0.9762000000000001,0.9268000000000001,1.0,,1.0,,,,,0.8,0.9091,,,,HistoricalCohorts_GradRates.xlsx,2017 4-Year Cohort,HistoricalCohorts_GradRates.xlsx,2016 5-Year Cohort
2016-2017,2016,2017,Tyler,85,Tyler Consolidated High School,tyler consolidated high school,503,85503,schoolid_85503,116,107,0.9224,0.9037999999999999,0.9375,0.9286,,,,,0.75,,,0.9473999999999999,0.8919,,,,103,100,0.9709,0.9444,1.0,0.9697,,1.0,1.0,,1.0,,,0.9167000000000001,0.9492,,,,HistoricalCohorts_GradRates.xlsx,2017 4-Year Cohort,HistoricalCohorts_GradRates.xlsx,2016 5-Year Cohort
2016-2017,2016,2017,Upshur,87,Buckhannon Upshur High School,buckhannon upshur high school,501,87501,schoolid_87501,256,233,0.9102,0.8672,0.9531000000000001,0.9109,0.75,1.0,1.0,,1.0,,,0.7105,0.9173,,,,220,206,0.9364,0.9204000000000001,0.9533,0.9390000000000001,1.0,1.0,,,0.0,,,0.7955,0.9159999999999999,,,,HistoricalCohorts_GradRates.xlsx,2017 4-Year Cohort,HistoricalCohorts_GradRates.xlsx,2016 5-Year Cohort
2016-2017,2016,2017,Wayne,89,Spring Valley High School,spring valley high school,508,89508,schoolid_89508,287,245,0.8537,0.8511,0.8562000000000001,0.8612000000000001,0.4,,1.0,,,,,0.6944,0.8537,,,,248,224,0.9031999999999999,0.8772,0.9254000000000001,0.9079,0.8,1.0,1.0,0.0,1.0,,,0.8438,0.8448,,,,HistoricalCohorts_GradRates.xlsx,2017 4-Year Cohort,HistoricalCohorts_GradRates.xlsx,2016 5-Year Cohort
2016-2017,2016,2017,Wayne,89,Tolsia High School,tolsia high school,507,89507,schoolid_89507,108,98,0.9074,0.8929,0.9231,0.9143000000000001,0.0,,1.0,,,,,0.6667000000000001,0.9074,,,,82,73,0.8902,0.8462000000000001,0.9301999999999999,0.8889,1.0,,,,,,,0.8181999999999999,0.8438,,,,HistoricalCohorts_GradRates.xlsx,2017 4-Year Cohort,HistoricalCohorts_GradRates.xlsx,2016 5-Year Cohort
2016-2017,2016,2017,Wayne,89,Wayne High School,wayne high school,506,89506,schoolid_89506,185,161,0.8703,0.8526,0.8889,0.8695999999999999,1.0,,,,,,,0.8571,0.8703,,,,156,139,0.8909999999999999,0.8434,0.9451999999999999,0.8896,1.0,,,,,,,0.9259000000000001,0.875,,,,HistoricalCohorts_GradRates.xlsx,2017 4-Year Cohort,HistoricalCohorts_GradRates.xlsx,2016 5-Year Cohort
2016-2017,2016,2017,Webster,91,Webster County High School,webster county high school,501,91501,schoolid_91501,91,86,0.9451,0.9455,0.9444,0.9438,1.0,,,,,,,0.8889,0.9451,,,,96,90,0.9375,0.8913,0.98,0.9362,1.0,1.0,,,,,,0.7,0.902,,,,HistoricalCohorts_GradRates.xlsx,2017 4-Year Cohort,HistoricalCohorts_GradRates.xlsx,2016 5-Year Cohort
2016-2017,2016,2017,Wetzel,92,Hundred High School,hundred high school,501,92501,schoolid_92501,35,31,0.8856999999999999,0.7692,0.9545,0.8856999999999999,,,,,,,,0.3333,0.8856999999999999,,,,24,22,0.9167000000000001,0.9286,0.9,0.9167000000000001,,,,,,,,0.6667000000000001,0.9167000000000001,,,,HistoricalCohorts_GradRates.xlsx,2017 4-Year Cohort,HistoricalCohorts_GradRates.xlsx,2016 5-Year Cohort
2016-2017,2016,2017,Wetzel,92,Magnolia High School,magnolia high school,502,92502,schoolid_92502,119,110,0.9244,0.9211,0.9301999999999999,0.9224,,1.0,,1.0,,,,0.7917000000000001,0.9244,,,,121,114,0.9420999999999999,0.9129999999999999,0.9808,0.9412,1.0,,,1.0,,,,0.7368000000000001,0.8604999999999999,,,,HistoricalCohorts_GradRates.xlsx,2017 4-Year Cohort,HistoricalCohorts_GradRates.xlsx,2016 5-Year Cohort
2016-2017,2016,2017,Wetzel,92,Paden City High School,paden city high school,503,92503,schoolid_92503,27,27,1.0,1.0,1.0,1.0,,,,,1.0,,,1.0,1.0,,,,28,28,1.0,1.0,1.0,1.0,,,,,,,,1.0,1.0,,,,HistoricalCohorts_GradRates.xlsx,2017 4-Year Cohort,HistoricalCohorts_GradRates.xlsx,2016 5-Year Cohort
2016-2017,2016,2017,Wetzel,92,Valley High School,valley high school,504,92504,schoolid_92504,36,34,0.9444,0.9473999999999999,0.9412,0.9444,,,,,,,,1.0,0.9444,,,,55,53,0.9636,1.0,0.9355,0.9636,,,,,,,,0.8571,0.9565,,,,HistoricalCohorts_GradRates.xlsx,2017 4-Year Cohort,HistoricalCohorts_GradRates.xlsx,2016 5-Year Cohort
2016-2017,2016,2017,Wirt,94,Wirt County High School,wirt county high school,501,94501,schoolid_94501,76,67,0.8815999999999999,0.878,0.8856999999999999,0.8815999999999999,,,,,,,,0.8571,0.8815999999999999,,,,72,67,0.9306,0.8809999999999999,1.0,0.9286,1.0,1.0,,,,,,0.7778,0.9129999999999999,,,,HistoricalCohorts_GradRates.xlsx,2017 4-Year Cohort,HistoricalCohorts_GradRates.xlsx,2016 5-Year Cohort
2016-2017,2016,2017,Wood,96,Parkersburg High School,parkersburg high school,501,96501,schoolid_96501,432,374,0.8656999999999999,0.8523000000000001,0.8820999999999999,0.8684999999999999,0.7692,1.0,0.875,,0.75,1.0,,0.7082999999999999,0.7851,,,,412,371,0.9005,0.9015000000000001,0.8995000000000001,0.9013,0.9231,1.0,1.0,0.0,0.6667000000000001,,,0.7726999999999999,0.8529000000000001,,,,HistoricalCohorts_GradRates.xlsx,2017 4-Year Cohort,HistoricalCohorts_GradRates.xlsx,2016 5-Year Cohort
2016-2017,2016,2017,Wood,96,Parkersburg South High School,parkersburg south high school,502,96502,schoolid_96502,356,327,0.9185,0.9186,0.9185,0.9152,1.0,1.0,1.0,,1.0,,,0.9024,0.8698,,,,359,323,0.8996999999999999,0.8701000000000001,0.9286,0.8976999999999999,1.0,1.0,,,,,,0.7436,0.8377,,,,HistoricalCohorts_GradRates.xlsx,2017 4-Year Cohort,HistoricalCohorts_GradRates.xlsx,2016 5-Year Cohort
2016-2017,2016,2017,Wood,96,Williamstown High School,williamstown high school,503,96503,schoolid_96503,114,107,0.9386,0.9259000000000001,0.95,0.9364,,,1.0,1.0,1.0,,,0.9,0.9048,,,,88,81,0.9205,0.8837,0.9556,0.9195,,,1.0,,,,,0.4,0.9091,,,,HistoricalCohorts_GradRates.xlsx,2017 4-Year Cohort,HistoricalCohorts_GradRates.xlsx,2016 5-Year Cohort
2016-2017,2016,2017,Wyoming,98,Westside High School,westside high school,508,98508,schoolid_98508,166,145,0.8734999999999999,0.8617,0.8889,0.8726999999999999,1.0,,,,,,,0.7619,0.8734999999999999,,,,166,142,0.8554,0.8190999999999999,0.9028,0.8528,1.0,1.0,,,,,,0.8181999999999999,0.7705,,,,HistoricalCohorts_GradRates.xlsx,2017 4-Year Cohort,HistoricalCohorts_GradRates.xlsx,2016 5-Year Cohort
2016-2017,2016,2017,Wyoming,98,Wyoming County East High School,wyoming county east high school,507,98507,schoolid_98507,145,131,0.9034,0.8571,0.9559000000000001,0.9020999999999999,1.0,,1.0,,,,,0.8095,0.9034,,,,132,123,0.9318000000000001,0.9242,0.9394,0.9308,1.0,1.0,,,,,,0.8,0.85,,,,HistoricalCohorts_GradRates.xlsx,2017 4-Year Cohort,HistoricalCohorts_GradRates.xlsx,2016 5-Year Cohort
2017-2018,2017,2018,Barbour,2,Philip Barbour High School Complex,philip barbour high school complex,501,2501,schoolid_2501,133,120,0.9023,0.8875,0.9245,0.9113,0.0,0.0,0.0,0.0,0.7778,0.0,0.0,0.8571,1.0,,,,171,159,0.9298000000000001,0.9301999999999999,0.9294,0.9312999999999999,0.6667000000000001,1.0,0.0,0.0,1.0,0.0,0.0,0.8387,0.9298000000000001,,,,HistoricalCohorts_GradRates.xlsx,2018 4-Year Cohort,HistoricalCohorts_GradRates.xlsx,2017 5-Year Grads
2017-2018,2017,2018,Berkeley,4,Hedgesville High School,hedgesville high school,501,4501,schoolid_4501,295,282,0.9559000000000001,0.9348000000000001,0.9745,0.9627,0.9444,0.9,1.0,0.0,0.8332999999999999,0.0,1.0,0.9118,0.875,,,,273,255,0.9340999999999999,0.8832,0.9853000000000001,0.9398000000000001,0.9118,0.9375,0.0,1.0,1.0,1.0,0.0,0.7188,0.8896,,,,HistoricalCohorts_GradRates.xlsx,2018 4-Year Cohort,HistoricalCohorts_GradRates.xlsx,2017 5-Year Grads
2017-2018,2017,2018,Berkeley,4,Martinsburg High School,martinsburg high school,502,4502,schoolid_4502,316,280,0.8861,0.8684000000000001,0.9024,0.8621,0.9091,1.0,1.0,0.5,0.92,0.0,0.8571,0.7347,0.7692,,,,346,309,0.8931,0.8774,0.9057999999999999,0.8884000000000001,0.9296,0.9655,1.0,0.0,0.6842,1.0,1.0,0.7818,0.8528,,,,HistoricalCohorts_GradRates.xlsx,2018 4-Year Cohort,HistoricalCohorts_GradRates.xlsx,2017 5-Year Grads
2017-2018,2017,2018,Berkeley,4,Musselman High School,musselman high school,503,4503,schoolid_4503,376,367,0.9761,0.9672,0.9845,0.9790000000000001,0.8824,1.0,1.0,1.0,1.0,0.0,1.0,0.875,1.0,,,,365,358,0.9808,0.9787,0.9831,0.9781,1.0,1.0,1.0,0.0,1.0,0.0,0.0,0.95,0.9743999999999999,,,,HistoricalCohorts_GradRates.xlsx,2018 4-Year Cohort,HistoricalCohorts_GradRates.xlsx,2017 5-Year Grads
2017-2018,2017,2018,Berkeley,4,Spring Mills High School,spring mills high school,504,4504,schoolid_4504,319,300,0.9404,0.9427,0.9383,0.9407,0.9688,0.9375,1.0,1.0,0.8462000000000001,0.0,1.0,0.8,0.6,,,,302,289,0.9570000000000001,0.9484,0.966,0.9481999999999999,1.0,1.0,1.0,0.0,1.0,0.0,0.0,0.9429000000000001,0.9247,,,,HistoricalCohorts_GradRates.xlsx,2018 4-Year Cohort,HistoricalCohorts_GradRates.xlsx,2017 5-Year Grads
2017-2018,2017,2018,Boone,6,Scott High School,scott high school,501,6501,schoolid_6501,169,144,0.8521,0.82,0.8986,0.8476,1.0,1.0,1.0,0.0,1.0,0.0,1.0,0.6923,1.0,,,,166,145,0.8734999999999999,0.875,0.8718,0.8726999999999999,1.0,0.0,0.0,0.0,0.0,0.0,0.0,0.7391,0.8734999999999999,,,,HistoricalCohorts_GradRates.xlsx,2018 4-Year Cohort,HistoricalCohorts_GradRates.xlsx,2017 5-Year Grads
2017-2018,2017,2018,Boone,6,Sherman High School,sherman high school,502,6502,schoolid_6502,89,83,0.9326000000000001,0.9123,0.9688,0.9318000000000001,1.0,0.0,0.0,0.0,0.0,0.0,0.0,0.9286,0.0,,,,94,86,0.9148999999999999,0.9388,0.8889,0.914,1.0,0.0,0.0,0.0,0.0,0.0,0.0,0.7222,0.9148999999999999,,,,HistoricalCohorts_GradRates.xlsx,2018 4-Year Cohort,HistoricalCohorts_GradRates.xlsx,2017 5-Year Grads
2017-2018,2017,2018,Boone,6,Van Junior/Senior High School,van junior/senior high school,503,6503,schoolid_6503,41,36,0.878,0.8181999999999999,0.9473999999999999,0.878,0.0,0.0,0.0,0.0,0.0,0.0,0.0,1.0,0.0,,,,37,31,0.8378,0.7333,0.9091,0.8378,0.0,0.0,0.0,0.0,0.0,0.0,0.0,0.6,0.8378,,,,HistoricalCohorts_GradRates.xlsx,2018 4-Year Cohort,HistoricalCohorts_GradRates.xlsx,2017 5-Year Grads
2017-2018,2017,2018,Braxton,8,Braxton County High School,braxton county high school,501,8501,schoolid_8501,141,122,0.8652,0.8228,0.9194,0.8623000000000001,0.0,0.0,1.0,0.0,1.0,0.0,0.0,0.8,0.75,,,,151,136,0.9007,0.8809999999999999,0.9254000000000001,0.9007,0.0,0.0,0.0,0.0,0.0,0.0,0.0,0.7308,0.9007,,,,HistoricalCohorts_GradRates.xlsx,2018 4-Year Cohort,HistoricalCohorts_GradRates.xlsx,2017 5-Year Grads
2017-2018,2017,2018,Brooke,10,Brooke High School,brooke high school,502,10502,schoolid_10502,229,215,0.9389,0.9309999999999999,0.9469,0.9378,0.0,1.0,0.0,0.0,1.0,0.0,0.0,0.8205,1.0,,,,223,205,0.9193000000000001,0.9135,0.9244,0.9174,0.0,0.0,0.0,0.0,1.0,0.0,0.0,0.8462000000000001,0.9269,,,,HistoricalCohorts_GradRates.xlsx,2018 4-Year Cohort,HistoricalCohorts_GradRates.xlsx,2017 5-Year Grads
2017-2018,2017,2018,Cabell,12,Cabell Midland High School,cabell midland high school,550,12550,schoolid_12550,500,448,0.8959999999999999,0.8606,0.9317,0.8937999999999999,0.5,1.0,1.0,1.0,1.0,0.0,1.0,0.6862999999999999,0.3333,,,,470,419,0.8915000000000001,0.8484999999999999,0.9331,0.8916,1.0,0.6667000000000001,1.0,0.0,1.0,0.0,0.0,0.7593000000000001,0.8908,,,,HistoricalCohorts_GradRates.xlsx,2018 4-Year Cohort,HistoricalCohorts_GradRates.xlsx,2017 5-Year Grads
2017-2018,2017,2018,Cabell,12,Huntington High School,huntington high school,560,12560,schoolid_12560,429,320,0.7459,0.7364,0.7559999999999999,0.7476999999999999,0.7077,0.875,1.0,0.0,0.7726999999999999,0.0,1.0,0.6032,0.2759,,,,422,313,0.7417,0.6804000000000001,0.8079000000000001,0.7359,0.8,0.75,0.0,0.0,0.6923,0.0,0.0,0.6324000000000001,0.7429000000000001,,,,HistoricalCohorts_GradRates.xlsx,2018 4-Year Cohort,HistoricalCohorts_GradRates.xlsx,2017 5-Year Grads
2017-2018,2017,2018,Calhoun,14,Calhoun Middle/High School,calhoun middle/high school,501,14501,schoolid_14501,81,76,0.9383,0.9362,0.9412,0.9351,0.0,1.0,0.0,0.0,1.0,0.0,0.0,0.8332999999999999,0.8571,,,,62,59,0.9516,0.9667,0.9375,0.9516,0.0,0.0,0.0,0.0,0.0,0.0,0.0,0.9,0.9516,,,,HistoricalCohorts_GradRates.xlsx,2018 4-Year Cohort,HistoricalCohorts_GradRates.xlsx,2017 5-Year Grads
2017-2018,2017,2018,Clay,16,Clay County High School,clay county high school,501,16501,schoolid_16501,133,126,0.9473999999999999,0.9420000000000001,0.9531000000000001,0.9473999999999999,0.0,0.0,0.0,0.0,0.0,0.0,0.0,0.9375,1.0,,,,131,117,0.8931,0.8833,0.9014,0.9,0.0,0.0,0.0,0.0,0.0,0.0,0.0,0.7857,0.8931,,,,HistoricalCohorts_GradRates.xlsx,2018 4-Year Cohort,HistoricalCohorts_GradRates.xlsx,2017 5-Year Grads
2017-2018,2017,2018,Doddridge,18,Doddridge County High School,doddridge county high school,501,18501,schoolid_18501,77,75,0.9740000000000001,0.9767,0.9706,0.973,0.0,0.0,1.0,0.0,1.0,1.0,1.0,1.0,0.5,,,,101,96,0.9505,0.96,0.9412,0.9479000000000001,1.0,0.0,0.0,0.0,1.0,0.0,0.0,0.8332999999999999,0.9505,,,,HistoricalCohorts_GradRates.xlsx,2018 4-Year Cohort,HistoricalCohorts_GradRates.xlsx,2017 5-Year Grads
2017-2018,2017,2018,Fayette,20,Fayetteville High,fayetteville high,501,20501,schoolid_20501,62,56,0.9031999999999999,0.9063,0.9,0.9,1.0,0.0,1.0,0.0,0.0,0.0,0.0,0.6667000000000001,0.5,,,,88,83,0.9431999999999999,0.9318000000000001,0.9545,0.9412,1.0,1.0,0.0,0.0,1.0,0.0,0.0,0.9444,0.9431999999999999,,,,HistoricalCohorts_GradRates.xlsx,2018 4-Year Cohort,HistoricalCohorts_GradRates.xlsx,2017 5-Year Grads
2017-2018,2017,2018,Fayette,20,Meadow Bridge High,meadow bridge high,503,20503,schoolid_20503,41,40,0.9756,1.0,0.9565,0.9756,0.0,0.0,0.0,0.0,0.0,0.0,0.0,1.0,1.0,,,,39,35,0.8974,0.9444,0.8571,0.8919,1.0,0.0,0.0,1.0,0.0,0.0,0.0,0.6667000000000001,0.8974,,,,HistoricalCohorts_GradRates.xlsx,2018 4-Year Cohort,HistoricalCohorts_GradRates.xlsx,2017 5-Year Grads
2017-2018,2017,2018,Fayette,20,Midland Trail High,midland trail high,504,20504,schoolid_20504,78,69,0.8845999999999999,0.8205,0.9487000000000001,0.8845999999999999,0.0,0.0,0.0,0.0,0.0,0.0,0.0,0.8571,0.0,,,,91,79,0.8681,0.8837,0.8542000000000001,0.8681,0.0,0.0,0.0,0.0,0.0,0.0,0.0,0.44439999999999996,0.8681,,,,HistoricalCohorts_GradRates.xlsx,2018 4-Year Cohort,HistoricalCohorts_GradRates.xlsx,2017 5-Year Grads
2017-2018,2017,2018,Fayette,20,Oak Hill High,oak hill high,506,20506,schoolid_20506,214,176,0.8223999999999999,0.784,0.8764,0.8085,0.8946999999999999,1.0,0.0,0.0,1.0,0.0,0.0,0.6364,0.5,,,,192,153,0.7968999999999999,0.7521,0.8732,0.7917000000000001,0.8125,0.0,0.0,0.0,0.875,0.0,0.0,0.5172,0.7968999999999999,,,,HistoricalCohorts_GradRates.xlsx,2018 4-Year Cohort,HistoricalCohorts_GradRates.xlsx,2017 5-Year Grads
2017-2018,2017,2018,Fayette,20,Valley High School,valley high school,507,20507,schoolid_20507,71,62,0.8732,0.825,0.9355,0.8787999999999999,0.8,0.0,0.0,0.0,0.0,0.0,0.0,0.375,0.7143,,,,79,64,0.8101,0.7778,0.8529000000000001,0.8169,0.8332999999999999,0.0,1.0,0.0,0.0,0.0,0.0,0.5,0.8101,,,,HistoricalCohorts_GradRates.xlsx,2018 4-Year Cohort,HistoricalCohorts_GradRates.xlsx,2017 5-Year Grads
2017-2018,2017,2018,Gilmer,22,Gilmer County High School,gilmer county high school,501,22501,schoolid_22501,68,64,0.9412,0.9031999999999999,0.973,0.9384999999999999,1.0,1.0,0.0,0.0,1.0,0.0,0.0,0.8889,0.0,,,,68,65,0.9559000000000001,0.9301999999999999,1.0,0.9538,0.0,1.0,0.0,0.0,1.0,0.0,0.0,0.8824,0.94,,,,HistoricalCohorts_GradRates.xlsx,2018 4-Year Cohort,HistoricalCohorts_GradRates.xlsx,2017 5-Year Grads
2017-2018,2017,2018,Grant,24,Petersburg High School,petersburg high school,501,24501,schoolid_24501,127,119,0.937,0.9178000000000001,0.963,0.9355,1.0,1.0,0.0,0.0,0.0,0.0,1.0,0.7619,0.25,,,,107,103,0.9626,0.95,0.9787,0.9619,1.0,0.0,0.0,0.0,0.0,0.0,0.0,0.75,0.9333,,,,HistoricalCohorts_GradRates.xlsx,2018 4-Year Cohort,HistoricalCohorts_GradRates.xlsx,2017 5-Year Grads
2017-2018,2017,2018,Grant,24,Union Educational Complex,union educational complex,101,24101,schoolid_24101,13,13,1.0,1.0,1.0,1.0,0.0,0.0,0.0,0.0,0.0,0.0,0.0,1.0,0.0,,,,16,15,0.9375,0.9,1.0,0.9375,0.0,0.0,0.0,0.0,0.0,0.0,0.0,1.0,0.9375,,,,HistoricalCohorts_GradRates.xlsx,2018 4-Year Cohort,HistoricalCohorts_GradRates.xlsx,2017 5-Year Grads
2017-2018,2017,2018,Greenbrier,26,Greenbrier East High School,greenbrier east high school,501,26501,schoolid_26501,271,249,0.9188,0.9423999999999999,0.8939,0.915,1.0,1.0,1.0,1.0,0.6667000000000001,0.0,1.0,0.8421,0.25,,,,294,274,0.932,0.929,0.9353,0.9319,1.0,1.0,1.0,0.0,0.0,0.0,0.0,0.8167,0.8902,,,,HistoricalCohorts_GradRates.xlsx,2018 4-Year Cohort,HistoricalCohorts_GradRates.xlsx,2017 5-Year Grads
2017-2018,2017,2018,Greenbrier,26,Greenbrier West High School,greenbrier west high school,502,26502,schoolid_26502,102,92,0.902,0.8626999999999999,0.9412,0.9,1.0,0.0,0.0,0.0,0.0,0.0,0.0,0.8181999999999999,0.6667000000000001,,,,105,85,0.8095,0.7454999999999999,0.88,0.8155,0.5,0.0,0.0,0.0,0.0,0.0,0.0,0.7059000000000001,0.7951999999999999,,,,HistoricalCohorts_GradRates.xlsx,2018 4-Year Cohort,HistoricalCohorts_GradRates.xlsx,2017 5-Year Grads
2017-2018,2017,2018,Hampshire,28,Hampshire Senior High School,hampshire senior high school,501,28501,schoolid_28501,297,259,0.8721,0.8162999999999999,0.9267,0.8741,0.0,1.0,0.0,0.0,0.0,0.0,0.0,0.6667000000000001,0.4,,,,260,220,0.8462000000000001,0.8181999999999999,0.8868,0.8492000000000001,0.75,1.0,0.0,0.0,1.0,0.0,0.0,0.6596,0.8173,,,,HistoricalCohorts_GradRates.xlsx,2018 4-Year Cohort,HistoricalCohorts_GradRates.xlsx,2017 5-Year Grads
2017-2018,2017,2018,Hancock,29,Oak Glen High School,oak glen high school,501,29501,schoolid_29501,139,122,0.8776999999999999,0.8451000000000001,0.9118,0.8731,1.0,1.0,1.0,0.0,1.0,0.0,1.0,0.8462000000000001,0.7778,,,,136,124,0.9118,0.8845999999999999,0.9483,0.9118,0.0,0.0,0.0,0.0,0.0,0.0,0.0,0.7826000000000001,0.8919,,,,HistoricalCohorts_GradRates.xlsx,2018 4-Year Cohort,HistoricalCohorts_GradRates.xlsx,2017 5-Year Grads
2017-2018,2017,2018,Hancock,29,Weir High School,weir high school,502,29502,schoolid_29502,155,143,0.9226000000000001,0.8824,0.9714,0.927,0.9091,1.0,0.0,1.0,0.75,0.0,0.0,0.8065000000000001,0.0,,,,153,138,0.902,0.9375,0.863,0.9070999999999999,0.875,1.0,0.0,0.0,0.75,0.0,0.0,0.8077,0.8193,,,,HistoricalCohorts_GradRates.xlsx,2018 4-Year Cohort,HistoricalCohorts_GradRates.xlsx,2017 5-Year Grads
2017-2018,2017,2018,Hardy,31,East Hardy High School,east hardy high school,501,31501,schoolid_31501,47,41,0.8723000000000001,0.8148000000000001,0.95,0.8723000000000001,0.0,0.0,0.0,0.0,0.0,0.0,0.0,0.5,0.0,,,,55,50,0.9091,0.8571,0.963,0.9057,1.0,0.0,1.0,0.0,0.0,0.0,0.0,0.5,0.8889,,,,HistoricalCohorts_GradRates.xlsx,2018 4-Year Cohort,HistoricalCohorts_GradRates.xlsx,2017 5-Year Grads
2017-2018,2017,2018,Hardy,31,Moorefield High School,moorefield high school,502,31502,schoolid_31502,97,83,0.8556999999999999,0.8036,0.9268000000000001,0.875,0.3333,0.6667000000000001,0.0,0.0,1.0,0.0,1.0,0.6154,0.5,,,,101,96,0.9505,0.9815,0.9148999999999999,0.9565,1.0,0.75,0.0,0.0,0.0,0.0,0.0,0.8889,0.9523999999999999,,,,HistoricalCohorts_GradRates.xlsx,2018 4-Year Cohort,HistoricalCohorts_GradRates.xlsx,2017 5-Year Grads
2017-2018,2017,2018,Harrison,33,Bridgeport High School,bridgeport high school,501,33501,schoolid_33501,181,172,0.9503,0.9438,0.9565,0.9467,1.0,1.0,1.0,1.0,1.0,0.0,1.0,0.6667000000000001,0.0,,,,167,164,0.982,0.975,0.9884999999999999,0.9808,1.0,1.0,1.0,0.0,1.0,0.0,0.0,0.8181999999999999,0.9592,,,,HistoricalCohorts_GradRates.xlsx,2018 4-Year Cohort,HistoricalCohorts_GradRates.xlsx,2017 5-Year Grads
2017-2018,2017,2018,Harrison,33,Liberty High School,liberty high school,502,33502,schoolid_33502,133,123,0.9248000000000001,0.9355,0.9155,0.9206,1.0,1.0,0.0,1.0,1.0,1.0,0.0,0.8,0.0,,,,132,124,0.9394,0.9306,0.95,0.9365000000000001,1.0,0.0,0.0,0.0,1.0,0.0,0.0,0.9091,0.9389,,,,HistoricalCohorts_GradRates.xlsx,2018 4-Year Cohort,HistoricalCohorts_GradRates.xlsx,2017 5-Year Grads
2017-2018,2017,2018,Harrison,33,Lincoln High School,lincoln high school,503,33503,schoolid_33503,136,120,0.8824,0.8656999999999999,0.8986,0.8815000000000001,0.0,0.0,0.0,0.0,1.0,0.0,0.0,0.625,0.3333,,,,139,129,0.9281,0.8946999999999999,0.9682999999999999,0.9275,0.0,0.0,1.0,0.0,0.0,0.0,0.0,0.84,0.9348000000000001,,,,HistoricalCohorts_GradRates.xlsx,2018 4-Year Cohort,HistoricalCohorts_GradRates.xlsx,2017 5-Year Grads
2017-2018,2017,2018,Harrison,33,Robert C Byrd High School,robert c byrd high school,506,33506,schoolid_33506,208,179,0.8606,0.8205,0.9120999999999999,0.8511,0.9412,1.0,0.0,0.0,1.0,0.0,0.0,0.675,0.0,,,,216,171,0.7917000000000001,0.7217,0.8713,0.7879,0.9167000000000001,1.0,0.0,0.0,0.3333,0.0,0.0,0.5115999999999999,0.8009000000000001,,,,HistoricalCohorts_GradRates.xlsx,2018 4-Year Cohort,HistoricalCohorts_GradRates.xlsx,2017 5-Year Grads
2017-2018,2017,2018,Harrison,33,South Harrison High School,south harrison high school,505,33505,schoolid_33505,110,96,0.8726999999999999,0.8245999999999999,0.9245,0.8715999999999999,0.0,0.0,0.0,0.0,1.0,0.0,0.0,0.7333,0.75,,,,93,83,0.8925,0.9394,0.8667,0.8901,1.0,1.0,0.0,0.0,0.0,0.0,0.0,1.0,0.8913,,,,HistoricalCohorts_GradRates.xlsx,2018 4-Year Cohort,HistoricalCohorts_GradRates.xlsx,2017 5-Year Grads
2017-2018,2017,2018,Jackson,35,Ravenswood High School,ravenswood high school,501,35501,schoolid_35501,99,93,0.9394,0.9273,0.9545,0.9388,0.0,1.0,0.0,0.0,0.0,0.0,1.0,0.7857,1.0,,,,86,82,0.9534999999999999,0.9487000000000001,0.9573999999999999,0.9523999999999999,1.0,0.0,0.0,0.0,0.0,0.0,0.0,0.8571,0.92,,,,HistoricalCohorts_GradRates.xlsx,2018 4-Year Cohort,HistoricalCohorts_GradRates.xlsx,2017 5-Year Grads
2017-2018,2017,2018,Jackson,35,Ripley High School,ripley high school,502,35502,schoolid_35502,204,191,0.9362999999999999,0.9286,0.9434,0.9390999999999999,0.75,1.0,1.0,0.0,1.0,0.0,0.0,0.8065000000000001,1.0,,,,238,235,0.9873999999999999,0.9758,1.0,0.9871,1.0,1.0,0.0,0.0,1.0,0.0,0.0,0.9167000000000001,0.9754,,,,HistoricalCohorts_GradRates.xlsx,2018 4-Year Cohort,HistoricalCohorts_GradRates.xlsx,2017 5-Year Grads
2017-2018,2017,2018,Jefferson,37,Jefferson High School,jefferson high school,501,37501,schoolid_37501,363,323,0.8898,0.8673000000000001,0.9162,0.8964,0.8,0.9091,1.0,1.0,0.8462000000000001,0.0,0.8889,0.8222,0.4,,,,376,338,0.8989,0.8867,0.9133,0.8889,0.9783,0.8519,1.0,0.0,0.875,1.0,0.0,0.8695999999999999,0.8608,,,,HistoricalCohorts_GradRates.xlsx,2018 4-Year Cohort,HistoricalCohorts_GradRates.xlsx,2017 5-Year Grads
2017-2018,2017,2018,Jefferson,37,Washington High School,washington high school,502,37502,schoolid_37502,288,267,0.9270999999999999,0.9012,0.9603,0.9301,0.8845999999999999,0.9523999999999999,1.0,0.0,0.9,0.0,1.0,0.7585999999999999,0.0,,,,267,247,0.9251,0.8689,0.9723999999999999,0.9301999999999999,0.9333,0.95,1.0,0.0,0.7692,0.0,0.0,0.8181999999999999,0.85,,,,HistoricalCohorts_GradRates.xlsx,2018 4-Year Cohort,HistoricalCohorts_GradRates.xlsx,2017 5-Year Grads
2017-2018,2017,2018,Kanawha,39,Capital High School,capital high school,513,39513,schoolid_39513,307,244,0.7948000000000001,0.7467,0.8408,0.8247,0.7112999999999999,1.0,1.0,1.0,0.6667000000000001,0.0,1.0,0.7,0.7143,,,,328,242,0.7378,0.6831999999999999,0.7904000000000001,0.7121,0.7686,1.0,1.0,0.0,0.0,0.0,0.0,0.48719999999999997,0.7378,,,,HistoricalCohorts_GradRates.xlsx,2018 4-Year Cohort,HistoricalCohorts_GradRates.xlsx,2017 5-Year Grads
2017-2018,2017,2018,Kanawha,39,George Washington High School,george washington high school,506,39506,schoolid_39506,268,249,0.9290999999999999,0.9398000000000001,0.9185,0.9298000000000001,0.8889,0.8,1.0,0.0,1.0,0.0,1.0,0.7333,0.5,,,,272,253,0.9301,0.9213,0.9379000000000001,0.9273,0.8636,1.0,1.0,0.0,1.0,1.0,0.0,0.7778,0.8692,,,,HistoricalCohorts_GradRates.xlsx,2018 4-Year Cohort,HistoricalCohorts_GradRates.xlsx,2017 5-Year Grads
2017-2018,2017,2018,Kanawha,39,Herbert Hoover High School,herbert hoover high school,507,39507,schoolid_39507,221,180,0.8145,0.7807,0.8504999999999999,0.8131,0.6667000000000001,1.0,1.0,1.0,1.0,0.0,1.0,0.6,0.0,,,,176,151,0.858,0.8222,0.8953,0.8571,0.0,0.0,1.0,0.0,0.0,0.0,1.0,0.6667000000000001,0.8671,,,,HistoricalCohorts_GradRates.xlsx,2018 4-Year Cohort,HistoricalCohorts_GradRates.xlsx,2017 5-Year Grads
2017-2018,2017,2018,Kanawha,39,Nitro High School,nitro high school,508,39508,schoolid_39508,210,182,0.8667,0.8305,0.9129999999999999,0.8854000000000001,0.5,1.0,1.0,1.0,1.0,0.0,0.0,0.7333,0.5,,,,173,147,0.8497,0.8587,0.8395,0.8599,0.6667000000000001,0.8,1.0,0.0,1.0,0.0,0.0,0.7368000000000001,0.7940999999999999,,,,HistoricalCohorts_GradRates.xlsx,2018 4-Year Cohort,HistoricalCohorts_GradRates.xlsx,2017 5-Year Grads
2017-2018,2017,2018,Kanawha,39,Riverside High School,riverside high school,514,39514,schoolid_39514,283,242,0.8551000000000001,0.8506,0.8604999999999999,0.8604,0.7857,0.5,1.0,0.0,1.0,0.0,1.0,0.6129,0.5,,,,279,223,0.7993000000000001,0.8012999999999999,0.7967,0.7843000000000001,1.0,1.0,0.0,1.0,0.0,0.0,1.0,0.5517,0.8109000000000001,,,,HistoricalCohorts_GradRates.xlsx,2018 4-Year Cohort,HistoricalCohorts_GradRates.xlsx,2017 5-Year Grads
2017-2018,2017,2018,Kanawha,39,Saint Albans High School,saint albans high school,509,39509,schoolid_39509,246,197,0.8008,0.8029999999999999,0.7981999999999999,0.7953,0.8636,0.75,1.0,0.0,0.0,0.0,0.0,0.35479999999999995,0.8332999999999999,,,,260,227,0.8731,0.8015000000000001,0.9516,0.8874,0.7,1.0,1.0,1.0,0.6667000000000001,0.0,0.0,0.6579,0.8266,,,,HistoricalCohorts_GradRates.xlsx,2018 4-Year Cohort,HistoricalCohorts_GradRates.xlsx,2017 5-Year Grads
2017-2018,2017,2018,Kanawha,39,Sissonville High School,sissonville high school,510,39510,schoolid_39510,144,120,0.8332999999999999,0.7846,0.8734000000000001,0.831,1.0,0.0,0.0,0.0,0.0,0.0,0.0,0.5789,0.25,,,,149,138,0.9262,0.9012,0.9559000000000001,0.9257,0.0,1.0,0.0,0.0,0.0,0.0,0.0,0.8,0.883,,,,HistoricalCohorts_GradRates.xlsx,2018 4-Year Cohort,HistoricalCohorts_GradRates.xlsx,2017 5-Year Grads
2017-2018,2017,2018,Kanawha,39,South Charleston High School,south charleston high school,511,39511,schoolid_39511,259,206,0.7954000000000001,0.7585999999999999,0.8251999999999999,0.7725,0.8689,0.75,1.0,0.0,0.5,0.0,1.0,0.5484,1.0,,,,263,225,0.8554999999999999,0.875,0.8370000000000001,0.8462000000000001,0.8767,1.0,0.75,0.0,1.0,0.0,0.0,0.68,0.8643000000000001,,,,HistoricalCohorts_GradRates.xlsx,2018 4-Year Cohort,HistoricalCohorts_GradRates.xlsx,2017 5-Year Grads
2017-2018,2017,2018,Lewis,41,Lewis County High School,lewis county high school,501,41501,schoolid_41501,182,176,0.9670000000000001,0.9588,0.9765,0.9662999999999999,0.0,1.0,0.0,0.0,1.0,0.0,0.0,0.9375,0.8332999999999999,,,,182,160,0.8791,0.8421,0.9195,0.8756999999999999,1.0,1.0,0.0,0.0,1.0,0.0,0.0,0.6429,0.8,,,,HistoricalCohorts_GradRates.xlsx,2018 4-Year Cohort,HistoricalCohorts_GradRates.xlsx,2017 5-Year Grads
2017-2018,2017,2018,Lincoln,43,Lincoln County High School,lincoln county high school,506,43506,schoolid_43506,226,197,0.8717,0.8537,0.8931999999999999,0.8733,1.0,0.5,1.0,0.0,0.0,0.0,1.0,0.7909999999999999,0.6667000000000001,,,,211,196,0.9289000000000001,0.9107,0.9495,0.9286,0.0,1.0,0.0,0.0,0.0,0.0,0.0,0.7948999999999999,0.9289000000000001,,,,HistoricalCohorts_GradRates.xlsx,2018 4-Year Cohort,HistoricalCohorts_GradRates.xlsx,2017 5-Year Grads
2017-2018,2017,2018,Logan,45,Chapmanville Regional High School,chapmanville regional high school,501,45501,schoolid_45501,171,162,0.9473999999999999,0.9306,0.9595999999999999,0.9470999999999999,1.0,0.0,0.0,0.0,0.0,0.0,0.0,1.0,1.0,,,,175,159,0.9086,0.875,0.9494,0.9075,1.0,0.0,0.0,0.0,0.0,0.0,0.0,0.8332999999999999,0.9086,,,,HistoricalCohorts_GradRates.xlsx,2018 4-Year Cohort,HistoricalCohorts_GradRates.xlsx,2017 5-Year Grads
2017-2018,2017,2018,Logan,45,Logan Senior High School,logan senior high school,502,45502,schoolid_45502,164,139,0.8476,0.7931,0.9091,0.8467,0.8462000000000001,1.0,0.0,0.0,0.0,0.0,1.0,0.75,0.0,,,,176,162,0.9205,0.8831,0.9495,0.9129999999999999,1.0,1.0,0.0,0.0,1.0,0.0,0.0,0.75,0.9205,,,,HistoricalCohorts_GradRates.xlsx,2018 4-Year Cohort,HistoricalCohorts_GradRates.xlsx,2017 5-Year Grads
2017-2018,2017,2018,Logan,45,Man Senior High School,man senior high school,503,45503,schoolid_45503,120,111,0.925,0.9074,0.9394,0.9211,1.0,0.0,0.0,0.0,0.0,0.0,0.0,0.625,0.8,,,,106,93,0.8774,0.8361,0.9333,0.8713,1.0,1.0,0.0,0.0,0.0,0.0,0.0,0.7778,0.8774,,,,HistoricalCohorts_GradRates.xlsx,2018 4-Year Cohort,HistoricalCohorts_GradRates.xlsx,2017 5-Year Grads
2017-2018,2017,2018,Marion,47,East Fairmont High School,east fairmont high school,501,47501,schoolid_47501,174,165,0.9483,0.9195,0.977,0.9460999999999999,1.0,1.0,1.0,0.0,1.0,0.0,0.0,0.7222,1.0,,,,181,176,0.9723999999999999,0.9615,0.987,0.977,1.0,1.0,0.0,0.0,0.5,0.0,0.0,0.95,0.9398000000000001,,,,HistoricalCohorts_GradRates.xlsx,2018 4-Year Cohort,HistoricalCohorts_GradRates.xlsx,2017 5-Year Grads
2017-2018,2017,2018,Marion,47,Fairmont Senior High School,fairmont senior high school,502,47502,schoolid_47502,217,203,0.9355,0.9390999999999999,0.9314,0.9207,0.975,1.0,0.0,0.0,1.0,0.0,1.0,0.9063,1.0,,,,188,164,0.8723000000000001,0.8515,0.8966,0.8919,0.8214,1.0,1.0,0.0,0.75,0.5,0.0,0.75,0.7920999999999999,,,,HistoricalCohorts_GradRates.xlsx,2018 4-Year Cohort,HistoricalCohorts_GradRates.xlsx,2017 5-Year Grads
2017-2018,2017,2018,Marion,47,North Marion High School,north marion high school,503,47503,schoolid_47503,202,192,0.9505,0.9333,0.9691,0.9501999999999999,1.0,0.0,0.0,0.0,0.0,0.0,0.0,0.6429,0.5,,,,196,188,0.9592,0.9784999999999999,0.9417,0.9582999999999999,1.0,0.0,0.0,0.0,1.0,0.0,0.0,0.8332999999999999,0.9397,,,,HistoricalCohorts_GradRates.xlsx,2018 4-Year Cohort,HistoricalCohorts_GradRates.xlsx,2017 5-Year Grads
2017-2018,2017,2018,Marshall,48,Cameron High School,cameron high school,501,48501,schoolid_48501,60,59,0.9833,1.0,0.9582999999999999,0.9831,1.0,0.0,0.0,0.0,0.0,0.0,0.0,1.0,0.0,,,,53,52,0.9811,0.9643,1.0,0.9804,1.0,0.0,0.0,0.0,1.0,0.0,0.0,1.0,0.9811,,,,HistoricalCohorts_GradRates.xlsx,2018 4-Year Cohort,HistoricalCohorts_GradRates.xlsx,2017 5-Year Grads
2017-2018,2017,2018,Marshall,48,John Marshall High School,john marshall high school,502,48502,schoolid_48502,292,278,0.9521,0.9459000000000001,0.9582999999999999,0.9512,1.0,1.0,0.0,0.0,1.0,0.0,1.0,0.7241,1.0,,,,265,238,0.8981,0.8906000000000001,0.9051,0.8969,1.0,1.0,0.0,0.0,0.0,0.0,0.0,0.8387,0.8981,,,,HistoricalCohorts_GradRates.xlsx,2018 4-Year Cohort,HistoricalCohorts_GradRates.xlsx,2017 5-Year Grads
2017-2018,2017,2018,Mason,49,Hannan High School,hannan high school,501,49501,schoolid_49501,57,56,0.9825,0.9697,1.0,0.9825,0.0,0.0,0.0,0.0,0.0,0.0,0.0,0.9091,0.0,,,,42,41,0.9762000000000001,0.96,1.0,0.9762000000000001,0.0,0.0,0.0,0.0,0.0,0.0,0.0,1.0,0.9762000000000001,,,,HistoricalCohorts_GradRates.xlsx,2018 4-Year Cohort,HistoricalCohorts_GradRates.xlsx,2017 5-Year Grads
2017-2018,2017,2018,Mason,49,Point Pleasant Junior/Senior High School,point pleasant junior/senior high school,502,49502,schoolid_49502,196,175,0.8929,0.8571,0.9405,0.8946999999999999,0.8,0.0,1.0,0.0,0.0,0.0,0.0,0.7778,0.3333,,,,210,191,0.9095,0.8972,0.9223,0.9078,1.0,0.0,0.0,0.0,0.0,0.0,0.0,0.6087,0.9139,,,,HistoricalCohorts_GradRates.xlsx,2018 4-Year Cohort,HistoricalCohorts_GradRates.xlsx,2017 5-Year Grads
2017-2018,2017,2018,Mason,49,Wahama High School,wahama high school,503,49503,schoolid_49503,48,48,1.0,1.0,1.0,1.0,0.0,1.0,0.0,0.0,1.0,0.0,0.0,1.0,0.0,,,,43,41,0.9534999999999999,0.9091,1.0,0.9512,0.0,1.0,0.0,1.0,0.0,0.0,0.0,1.0,0.9534999999999999,,,,HistoricalCohorts_GradRates.xlsx,2018 4-Year Cohort,HistoricalCohorts_GradRates.xlsx,2017 5-Year Grads
2017-2018,2017,2018,McDowell,60,Mount View High School,mount view high school,527,60527,schoolid_60527,104,96,0.9231,0.8814,0.9778,0.9067000000000001,1.0,0.0,1.0,0.0,0.0,0.0,1.0,0.9333,1.0,,,,120,91,0.7583,0.7286,0.8,0.7082999999999999,0.9545,1.0,0.0,0.0,1.0,0.0,0.0,0.4211,0.7583,,,,HistoricalCohorts_GradRates.xlsx,2018 4-Year Cohort,HistoricalCohorts_GradRates.xlsx,2017 5-Year Grads
2017-2018,2017,2018,McDowell,60,River View High School,river view high school,520,60520,schoolid_60520,111,101,0.9098999999999999,0.8726999999999999,0.9464,0.9074,1.0,1.0,0.0,0.0,0.0,0.0,0.0,0.8636,1.0,,,,118,107,0.9068,0.9138,0.9,0.9115000000000001,1.0,0.0,0.0,0.0,0.0,0.0,0.0,0.8636,0.9068,,,,HistoricalCohorts_GradRates.xlsx,2018 4-Year Cohort,HistoricalCohorts_GradRates.xlsx,2017 5-Year Grads
2017-2018,2017,2018,Mercer,51,Bluefield High School,bluefield high school,502,51502,schoolid_51502,174,156,0.8966,0.8778,0.9167000000000001,0.8917,0.9129999999999999,1.0,0.0,0.0,1.0,0.0,0.0,0.7917000000000001,1.0,,,,143,125,0.8741,0.9146,0.8197,0.8762000000000001,0.875,1.0,0.0,0.0,0.8,0.0,0.0,0.7368000000000001,0.8741,,,,HistoricalCohorts_GradRates.xlsx,2018 4-Year Cohort,HistoricalCohorts_GradRates.xlsx,2017 5-Year Grads
2017-2018,2017,2018,Mercer,51,Montcalm High School,montcalm high school,505,51505,schoolid_51505,40,38,0.95,0.9545,0.9444,0.95,0.0,0.0,0.0,0.0,0.0,0.0,0.0,1.0,0.6667000000000001,,,,55,54,0.9818000000000001,1.0,0.9706,0.9815,1.0,0.0,0.0,0.0,0.0,0.0,0.0,1.0,0.9818000000000001,,,,HistoricalCohorts_GradRates.xlsx,2018 4-Year Cohort,HistoricalCohorts_GradRates.xlsx,2017 5-Year Grads
2017-2018,2017,2018,Mercer,51,Pikeview High School,pikeview high school,509,51509,schoolid_51509,186,178,0.9570000000000001,0.9451,0.9684,0.9548000000000001,1.0,1.0,1.0,0.0,1.0,0.0,0.0,0.85,0.0,,,,179,165,0.9218000000000001,0.9262999999999999,0.9167000000000001,0.9195,1.0,1.0,1.0,0.0,0.0,0.0,0.0,0.8261,0.9218000000000001,,,,HistoricalCohorts_GradRates.xlsx,2018 4-Year Cohort,HistoricalCohorts_GradRates.xlsx,2017 5-Year Grads
2017-2018,2017,2018,Mercer,51,Princeton Senior High School,princeton senior high school,507,51507,schoolid_51507,271,234,0.8634999999999999,0.8309000000000001,0.8963,0.8601000000000001,0.9473999999999999,1.0,1.0,1.0,0.8,0.0,0.5,0.7333,0.7143,,,,241,211,0.8755,0.848,0.9052,0.8739,0.8824,0.0,0.0,0.0,1.0,1.0,1.0,0.7778,0.875,,,,HistoricalCohorts_GradRates.xlsx,2018 4-Year Cohort,HistoricalCohorts_GradRates.xlsx,2017 5-Year Grads
2017-2018,2017,2018,Mineral,53,Frankfort High School,frankfort high school,501,53501,schoolid_53501,131,130,0.9924,0.9841,1.0,0.9922,0.0,1.0,1.0,0.0,0.0,0.0,0.0,0.95,0.0,,,,141,140,0.9929000000000001,0.987,1.0,0.9929000000000001,0.0,0.0,1.0,0.0,0.0,0.0,0.0,1.0,0.9845999999999999,,,,HistoricalCohorts_GradRates.xlsx,2018 4-Year Cohort,HistoricalCohorts_GradRates.xlsx,2017 5-Year Grads
2017-2018,2017,2018,Mineral,53,Keyser High School,keyser high school,503,53503,schoolid_53503,153,142,0.9281,0.9348000000000001,0.9179999999999999,0.9275,0.9091,1.0,0.0,1.0,1.0,0.0,0.0,0.8108,1.0,,,,178,169,0.9494,0.9556,0.9431999999999999,0.9419,1.0,1.0,1.0,0.0,1.0,0.0,0.0,0.8438,0.9217,,,,HistoricalCohorts_GradRates.xlsx,2018 4-Year Cohort,HistoricalCohorts_GradRates.xlsx,2017 5-Year Grads
2017-2018,2017,2018,Mingo,54,Mingo Central Comprehensive High School,mingo central comprehensive high school,508,54508,schoolid_54508,161,160,0.9937999999999999,0.9895,1.0,0.9936,1.0,0.0,1.0,0.0,1.0,0.0,0.0,1.0,0.0,,,,155,146,0.9419,0.9048,0.9859,0.9379000000000001,1.0,0.0,0.0,0.0,1.0,0.0,1.0,0.75,0.9419,,,,HistoricalCohorts_GradRates.xlsx,2018 4-Year Cohort,HistoricalCohorts_GradRates.xlsx,2017 5-Year Grads
2017-2018,2017,2018,Mingo,54,Tug Valley High School,tug valley high school,507,54507,schoolid_54507,91,86,0.9451,0.9259000000000001,0.973,0.9438,1.0,0.0,0.0,0.0,0.0,0.0,0.0,0.75,0.0,,,,76,72,0.9473999999999999,0.9268000000000001,0.9714,0.9473999999999999,0.0,0.0,0.0,0.0,0.0,0.0,0.0,0.8332999999999999,0.9473999999999999,,,,HistoricalCohorts_GradRates.xlsx,2018 4-Year Cohort,HistoricalCohorts_GradRates.xlsx,2017 5-Year Grads
2017-2018,2017,2018,Monongalia,56,Clay-Battelle High School,clay-battelle high school,501,56501,schoolid_56501,62,57,0.9194,0.9091,0.9309999999999999,0.9194,0.0,0.0,0.0,0.0,0.0,0.0,0.0,0.7778,0.0,,,,55,50,0.9091,0.9286,0.8889,0.9091,0.0,0.0,0.0,0.0,0.0,0.0,0.0,0.8181999999999999,0.875,,,,HistoricalCohorts_GradRates.xlsx,2018 4-Year Cohort,HistoricalCohorts_GradRates.xlsx,2017 5-Year Grads
2017-2018,2017,2018,Monongalia,56,Morgantown High School,morgantown high school,502,56502,schoolid_56502,439,396,0.9020999999999999,0.8874,0.9170999999999999,0.9118999999999999,0.9,0.7857,1.0,1.0,0.6875,0.0,0.7778,0.7931,0.3333,,,,463,430,0.9287000000000001,0.9188,0.9389,0.9318000000000001,0.9318000000000001,0.8,1.0,1.0,0.7778,1.0,0.0,0.7288,0.8343,,,,HistoricalCohorts_GradRates.xlsx,2018 4-Year Cohort,HistoricalCohorts_GradRates.xlsx,2017 5-Year Grads
2017-2018,2017,2018,Monongalia,56,University High School,university high school,503,56503,schoolid_56503,310,279,0.9,0.8456999999999999,0.9595,0.9091,0.7778,0.0,1.0,0.0,0.7692,0.0,0.0,0.75,0.75,,,,279,246,0.8817,0.8593000000000001,0.9028,0.8805,0.8571,1.0,0.8332999999999999,0.0,0.8889,0.0,0.0,0.5957,0.7523000000000001,,,,HistoricalCohorts_GradRates.xlsx,2018 4-Year Cohort,HistoricalCohorts_GradRates.xlsx,2017 5-Year Grads
2017-2018,2017,2018,Monroe,57,James Monroe High School,james monroe high school,503,57503,schoolid_57503,125,119,0.9520000000000001,0.9107,0.9854999999999999,0.9669,0.0,0.0,0.0,0.0,1.0,0.0,0.0,0.8,0.8824,,,,138,134,0.971,0.961,0.9836,0.9773000000000001,0.5,1.0,0.0,0.0,1.0,0.0,0.0,0.8889,0.9595999999999999,,,,HistoricalCohorts_GradRates.xlsx,2018 4-Year Cohort,HistoricalCohorts_GradRates.xlsx,2017 5-Year Grads
2017-2018,2017,2018,Morgan,58,Berkeley Springs High School,berkeley springs high school,501,58501,schoolid_58501,174,168,0.9655,0.9565,0.9756,0.9701000000000001,0.0,1.0,1.0,1.0,0.0,0.0,1.0,0.7333,0.0,,,,169,157,0.929,0.9211,0.9355,0.925,1.0,1.0,0.0,0.0,1.0,0.0,0.0,0.8234999999999999,0.929,,,,HistoricalCohorts_GradRates.xlsx,2018 4-Year Cohort,HistoricalCohorts_GradRates.xlsx,2017 5-Year Grads
2017-2018,2017,2018,Morgan,58,Paw Paw High School,paw paw high school,502,58502,schoolid_58502,11,11,1.0,1.0,1.0,1.0,0.0,0.0,0.0,0.0,0.0,0.0,0.0,1.0,0.0,,,,20,20,1.0,1.0,1.0,1.0,0.0,1.0,0.0,0.0,0.0,0.0,0.0,1.0,1.0,,,,HistoricalCohorts_GradRates.xlsx,2018 4-Year Cohort,HistoricalCohorts_GradRates.xlsx,2017 5-Year Grads
2017-2018,2017,2018,Nicholas,62,Nicholas County High School,nicholas county high school,501,62501,schoolid_62501,184,168,0.9129999999999999,0.8925,0.9340999999999999,0.9120999999999999,0.0,0.0,1.0,0.0,1.0,0.0,0.0,0.7297,0.6667000000000001,,,,165,153,0.9273,0.9079999999999999,0.9487000000000001,0.9299,0.75,1.0,1.0,0.0,1.0,0.0,0.0,0.8,0.9273,,,,HistoricalCohorts_GradRates.xlsx,2018 4-Year Cohort,HistoricalCohorts_GradRates.xlsx,2017 5-Year Grads
2017-2018,2017,2018,Nicholas,62,Richwood High School,richwood high school,502,62502,schoolid_62502,101,98,0.9703,0.96,0.9804,0.9693999999999999,0.0,0.0,1.0,0.0,1.0,0.0,0.0,0.9167000000000001,0.0,,,,106,100,0.9434,0.9833,0.8913,0.9423,0.0,0.0,0.0,0.0,1.0,0.0,0.0,0.8636,0.9434,,,,HistoricalCohorts_GradRates.xlsx,2018 4-Year Cohort,HistoricalCohorts_GradRates.xlsx,2017 5-Year Grads
2017-2018,2017,2018,Ohio,64,Wheeling Park High School,wheeling park high school,501,64501,schoolid_64501,338,324,0.9586,0.9220999999999999,0.9891,0.9516,1.0,1.0,1.0,1.0,1.0,0.0,0.0,0.7674,0.9473999999999999,,,,355,345,0.9718000000000001,0.9509000000000001,0.9895999999999999,0.9716,0.9523999999999999,1.0,1.0,1.0,1.0,1.0,0.0,0.8,0.9716,,,,HistoricalCohorts_GradRates.xlsx,2018 4-Year Cohort,HistoricalCohorts_GradRates.xlsx,2017 5-Year Grads
2017-2018,2017,2018,Pendleton,66,Pendleton County Middle/High School,pendleton county middle/high school,502,66502,schoolid_66502,65,60,0.9231,0.9189,0.9286,0.9194,1.0,0.0,0.0,0.0,1.0,0.0,0.0,0.875,1.0,,,,81,79,0.9753000000000001,0.9743999999999999,0.9762000000000001,0.9737,1.0,0.0,0.0,1.0,0.0,0.0,0.0,1.0,0.9608,,,,HistoricalCohorts_GradRates.xlsx,2018 4-Year Cohort,HistoricalCohorts_GradRates.xlsx,2017 5-Year Grads
2017-2018,2017,2018,Pleasants,67,St. Marys High School,st. marys high school,501,67501,schoolid_67501,112,104,0.9286,0.8923000000000001,0.9787,0.9259000000000001,1.0,1.0,0.0,0.0,1.0,0.0,0.0,0.9129999999999999,1.0,,,,95,88,0.9262999999999999,0.9362,0.9167000000000001,0.9231,0.0,1.0,1.0,0.0,1.0,0.0,0.0,0.8889,0.8966,,,,HistoricalCohorts_GradRates.xlsx,2018 4-Year Cohort,HistoricalCohorts_GradRates.xlsx,2017 5-Year Grads
2017-2018,2017,2018,Pocahontas,69,Pocahontas County High School,pocahontas county high school,501,69501,schoolid_69501,79,70,0.8861,0.9129999999999999,0.8484999999999999,0.8861,0.0,0.0,0.0,0.0,0.0,0.0,0.0,0.6842,1.0,,,,85,75,0.8824,0.92,0.8286,0.8809999999999999,0.0,1.0,0.0,0.0,0.0,0.0,0.0,0.7333,0.8824,,,,HistoricalCohorts_GradRates.xlsx,2018 4-Year Cohort,HistoricalCohorts_GradRates.xlsx,2017 5-Year Grads
2017-2018,2017,2018,Preston,70,Preston High School,preston high school,507,70507,schoolid_70507,298,255,0.8556999999999999,0.8170000000000001,0.8966,0.8562000000000001,1.0,0.5,1.0,0.0,0.0,0.0,0.0,0.7170000000000001,0.5,,,,306,261,0.8529000000000001,0.8312999999999999,0.8786,0.8504999999999999,1.0,1.0,0.0,0.0,0.0,0.0,0.0,0.78,0.7918999999999999,,,,HistoricalCohorts_GradRates.xlsx,2018 4-Year Cohort,HistoricalCohorts_GradRates.xlsx,2017 5-Year Grads
2017-2018,2017,2018,Putnam,72,Buffalo High School,buffalo high school,505,72505,schoolid_72505,90,89,0.9889,0.9804,1.0,0.9887999999999999,1.0,0.0,0.0,0.0,0.0,0.0,0.0,0.9333,1.0,,,,105,94,0.8952,0.875,0.9184,0.8942,0.0,0.0,1.0,0.0,0.0,0.0,0.0,0.7273000000000001,0.8793000000000001,,,,HistoricalCohorts_GradRates.xlsx,2018 4-Year Cohort,HistoricalCohorts_GradRates.xlsx,2017 5-Year Grads
2017-2018,2017,2018,Putnam,72,Hurricane High School,hurricane high school,510,72510,schoolid_72510,324,318,0.9815,0.9754999999999999,0.9876,0.9831,1.0,1.0,1.0,0.0,0.6667000000000001,0.0,0.0,0.94,0.9412,,,,309,288,0.932,0.9172,0.95,0.9322,1.0,1.0,1.0,0.0,0.0,0.0,0.0,0.7115,0.8765000000000001,,,,HistoricalCohorts_GradRates.xlsx,2018 4-Year Cohort,HistoricalCohorts_GradRates.xlsx,2017 5-Year Grads
2017-2018,2017,2018,Putnam,72,Poca High School,poca high school,515,72515,schoolid_72515,124,118,0.9516,0.9473999999999999,0.9551999999999999,0.9587,1.0,1.0,0.0,0.0,0.0,0.0,1.0,0.8636,1.0,,,,144,134,0.9306,0.9155,0.9451999999999999,0.9286,1.0,1.0,0.0,0.0,0.0,0.0,0.0,0.7778,0.8946999999999999,,,,HistoricalCohorts_GradRates.xlsx,2018 4-Year Cohort,HistoricalCohorts_GradRates.xlsx,2017 5-Year Grads
2017-2018,2017,2018,Putnam,72,Winfield High School,winfield high school,520,72520,schoolid_72520,214,205,0.9579000000000001,0.9669,0.9462,0.9615,0.5,1.0,1.0,0.0,0.0,0.0,1.0,0.7948999999999999,1.0,,,,201,194,0.9652,0.9604,0.97,0.9676,0.875,1.0,1.0,1.0,1.0,0.0,0.0,0.9412,0.9189,,,,HistoricalCohorts_GradRates.xlsx,2018 4-Year Cohort,HistoricalCohorts_GradRates.xlsx,2017 5-Year Grads
2017-2018,2017,2018,Raleigh,74,Independence High School,independence high school,502,74502,schoolid_74502,168,145,0.8631,0.8111,0.9231,0.858,1.0,1.0,0.0,0.0,1.0,0.0,0.0,0.6315999999999999,0.4,,,,142,127,0.8944,0.8701000000000001,0.9231,0.8896999999999999,1.0,1.0,1.0,0.0,1.0,0.0,0.0,1.0,0.8942,,,,HistoricalCohorts_GradRates.xlsx,2018 4-Year Cohort,HistoricalCohorts_GradRates.xlsx,2017 5-Year Grads
2017-2018,2017,2018,Raleigh,74,Liberty High School,liberty high school,503,74503,schoolid_74503,145,134,0.9240999999999999,0.9041,0.9444,0.9353,0.8,0.0,0.0,0.0,0.0,0.0,0.0,0.7646999999999999,0.5,,,,114,107,0.9386,0.9365000000000001,0.9412,0.9375,0.0,1.0,0.0,0.0,0.0,0.0,0.0,0.7273000000000001,0.9176000000000001,,,,HistoricalCohorts_GradRates.xlsx,2018 4-Year Cohort,HistoricalCohorts_GradRates.xlsx,2017 5-Year Grads
2017-2018,2017,2018,Raleigh,74,Shady Spring High,shady spring high,505,74505,schoolid_74505,175,152,0.8686,0.8427,0.8953,0.8671,1.0,0.0,0.0,0.0,1.0,0.0,0.0,0.76,0.16670000000000001,,,,197,178,0.9036,0.8991,0.9091,0.9009999999999999,1.0,0.0,1.0,1.0,1.0,0.0,0.0,0.8332999999999999,0.8519,,,,HistoricalCohorts_GradRates.xlsx,2018 4-Year Cohort,HistoricalCohorts_GradRates.xlsx,2017 5-Year Grads
2017-2018,2017,2018,Raleigh,74,Woodrow Wilson High School,woodrow wilson high school,506,74506,schoolid_74506,345,277,0.8029000000000001,0.7333,0.8787999999999999,0.7976000000000001,0.7778,1.0,1.0,1.0,0.8421,1.0,0.0,0.6364,0.6429,,,,330,275,0.8332999999999999,0.8153,0.8497,0.8292,0.8332999999999999,0.6667000000000001,1.0,1.0,1.0,0.0,0.0,0.6744,0.7948999999999999,,,,HistoricalCohorts_GradRates.xlsx,2018 4-Year Cohort,HistoricalCohorts_GradRates.xlsx,2017 5-Year Grads
2017-2018,2017,2018,Randolph,75,Elkins High School,elkins high school,504,75504,schoolid_75504,209,194,0.9281999999999999,0.9196,0.9381,0.9309999999999999,1.0,0.0,1.0,1.0,1.0,0.0,0.0,0.72,0.8332999999999999,,,,188,170,0.9043000000000001,0.8763,0.9340999999999999,0.9016,1.0,0.0,1.0,0.0,1.0,0.0,0.0,0.7692,0.9091,,,,HistoricalCohorts_GradRates.xlsx,2018 4-Year Cohort,HistoricalCohorts_GradRates.xlsx,2017 5-Year Grads
2017-2018,2017,2018,Randolph,75,Harman Elementary/High School,harman elementary/high school,102,75102,schoolid_75102,,,1.0,1.0,1.0,1.0,1.0,0.0,0.0,0.0,0.0,0.0,0.0,1.0,1.0,,,,,,0.8181999999999999,0.8332999999999999,0.8,0.8181999999999999,0.0,0.0,0.0,0.0,0.0,0.0,0.0,1.0,0.8181999999999999,,,,HistoricalCohorts_GradRates.xlsx,2018 4-Year Cohort,HistoricalCohorts_GradRates.xlsx,2017 5-Year Grads
2017-2018,2017,2018,Randolph,75,Pickens Elementary/High School,pickens elementary/high school,103,75103,schoolid_75103,,,0.8,1.0,0.75,0.8,0.0,0.0,0.0,0.0,0.0,0.0,0.0,0.0,0.0,,,,,,1.0,1.0,0.0,1.0,0.0,0.0,0.0,0.0,0.0,0.0,0.0,0.0,1.0,,,,HistoricalCohorts_GradRates.xlsx,2018 4-Year Cohort,HistoricalCohorts_GradRates.xlsx,2017 5-Year Grads
2017-2018,2017,2018,Randolph,75,Tygarts Valley Middle/High School,tygarts valley middle/high school,503,75503,schoolid_75503,63,58,0.9206,0.9697,0.8667,0.9179999999999999,0.0,1.0,0.0,1.0,0.0,0.0,0.0,0.7857,1.0,,,,51,47,0.9216,0.8929,0.9565,0.9216,0.0,0.0,0.0,0.0,0.0,0.0,0.0,0.7778,0.9216,,,,HistoricalCohorts_GradRates.xlsx,2018 4-Year Cohort,HistoricalCohorts_GradRates.xlsx,2017 5-Year Grads
2017-2018,2017,2018,Ritchie,77,Ritchie County High School,ritchie county high school,501,77501,schoolid_77501,94,88,0.9362,0.9048,0.9615,0.9348000000000001,1.0,1.0,0.0,0.0,0.0,0.0,0.0,0.5556,0.0,,,,95,83,0.8737,0.8571,0.8913,0.871,1.0,1.0,0.0,0.0,0.0,0.0,0.0,0.6842,0.8438,,,,HistoricalCohorts_GradRates.xlsx,2018 4-Year Cohort,HistoricalCohorts_GradRates.xlsx,2017 5-Year Grads
2017-2018,2017,2018,Roane,79,Roane County High,roane county high,503,79503,schoolid_79503,174,154,0.8851,0.8181999999999999,0.9534999999999999,0.8844,0.0,0.0,1.0,0.0,0.0,0.0,0.0,0.8,0.8,,,,163,147,0.9018,0.9036,0.9,0.8981,1.0,1.0,0.0,1.0,1.0,0.0,0.0,0.7391,0.8698999999999999,,,,HistoricalCohorts_GradRates.xlsx,2018 4-Year Cohort,HistoricalCohorts_GradRates.xlsx,2017 5-Year Grads
2017-2018,2017,2018,Summers,81,Summers County High School,summers county high school,502,81502,schoolid_81502,103,91,0.8835,0.8845999999999999,0.8824,0.883,0.8332999999999999,1.0,0.0,0.0,1.0,0.0,0.0,0.5333,0.6667000000000001,,,,98,84,0.8571,0.807,0.9268000000000001,0.8495,1.0,0.0,0.0,0.0,1.0,0.0,0.0,0.6667000000000001,0.8571,,,,HistoricalCohorts_GradRates.xlsx,2018 4-Year Cohort,HistoricalCohorts_GradRates.xlsx,2017 5-Year Grads
2017-2018,2017,2018,Taylor,83,Grafton High School,grafton high school,502,83502,schoolid_83502,147,136,0.9251999999999999,0.9220999999999999,0.9286,0.9247,1.0,0.0,0.0,0.0,0.0,0.0,0.0,0.7619,0.5,,,,170,155,0.9118,0.9195,0.9036,0.9162,1.0,0.0,0.0,0.0,0.0,0.0,0.0,0.8667,0.8438,,,,HistoricalCohorts_GradRates.xlsx,2018 4-Year Cohort,HistoricalCohorts_GradRates.xlsx,2017 5-Year Grads
2017-2018,2017,2018,Tucker,84,Tucker County High School,tucker county high school,501,84501,schoolid_84501,84,80,0.9523999999999999,0.9148999999999999,1.0,0.9494,1.0,1.0,1.0,0.0,1.0,0.0,0.0,0.8571,0.0,,,,83,80,0.9639,0.9362,1.0,0.9634,1.0,0.0,0.0,0.0,0.0,0.0,0.0,0.8332999999999999,0.9362,,,,HistoricalCohorts_GradRates.xlsx,2018 4-Year Cohort,HistoricalCohorts_GradRates.xlsx,2017 5-Year Grads
2017-2018,2017,2018,Tyler,85,Tyler Consolidated High School,tyler consolidated high school,503,85503,schoolid_85503,102,99,0.9706,1.0,0.9375,0.9697,1.0,0.0,1.0,0.0,0.0,0.0,1.0,1.0,1.0,,,,116,107,0.9224,0.9037999999999999,0.9375,0.9286,0.0,0.0,0.0,0.0,0.75,0.0,0.0,0.9473999999999999,0.8919,,,,HistoricalCohorts_GradRates.xlsx,2018 4-Year Cohort,HistoricalCohorts_GradRates.xlsx,2017 5-Year Grads
2017-2018,2017,2018,Upshur,87,Buckhannon Upshur High School,buckhannon upshur high school,501,87501,schoolid_87501,240,207,0.8625,0.8029999999999999,0.9351999999999999,0.8602,1.0,1.0,0.0,0.0,1.0,0.0,0.0,0.675,0.0,,,,255,234,0.9176000000000001,0.8819,0.9531000000000001,0.9187000000000001,0.75,1.0,1.0,0.0,1.0,0.0,0.0,0.7105,0.9213,,,,HistoricalCohorts_GradRates.xlsx,2018 4-Year Cohort,HistoricalCohorts_GradRates.xlsx,2017 5-Year Grads
2017-2018,2017,2018,Wayne,89,Spring Valley High School,spring valley high school,508,89508,schoolid_89508,278,249,0.8956999999999999,0.85,0.9420000000000001,0.903,0.6667000000000001,1.0,0.5,0.0,0.0,0.0,1.0,0.7674,1.0,,,,287,245,0.8537,0.8511,0.8562000000000001,0.8612000000000001,0.4,0.0,1.0,0.0,0.0,0.0,0.0,0.6944,0.8537,,,,HistoricalCohorts_GradRates.xlsx,2018 4-Year Cohort,HistoricalCohorts_GradRates.xlsx,2017 5-Year Grads
2017-2018,2017,2018,Wayne,89,Tolsia High School,tolsia high school,507,89507,schoolid_89507,100,89,0.89,0.8845999999999999,0.8957999999999999,0.8878,1.0,1.0,0.0,0.0,0.0,0.0,1.0,0.6923,0.7778,,,,108,98,0.9074,0.8929,0.9231,0.9143000000000001,0.0,0.0,1.0,0.0,0.0,0.0,0.0,0.6667000000000001,0.9074,,,,HistoricalCohorts_GradRates.xlsx,2018 4-Year Cohort,HistoricalCohorts_GradRates.xlsx,2017 5-Year Grads
2017-2018,2017,2018,Wayne,89,Wayne High School,wayne high school,506,89506,schoolid_89506,166,142,0.8554,0.8763,0.8261,0.8589,0.6667000000000001,0.0,0.0,0.0,0.0,0.0,0.0,0.8571,1.0,,,,185,161,0.8703,0.8526,0.8889,0.8695999999999999,1.0,0.0,0.0,0.0,0.0,0.0,0.0,0.8571,0.8703,,,,HistoricalCohorts_GradRates.xlsx,2018 4-Year Cohort,HistoricalCohorts_GradRates.xlsx,2017 5-Year Grads
2017-2018,2017,2018,Webster,91,Webster County High School,webster county high school,501,91501,schoolid_91501,102,97,0.951,0.9309999999999999,0.9773000000000001,0.95,1.0,0.0,0.0,0.0,0.0,0.0,0.0,0.8125,0.0,,,,91,86,0.9451,0.9455,0.9444,0.9438,1.0,0.0,0.0,0.0,0.0,0.0,0.0,0.8889,0.9451,,,,HistoricalCohorts_GradRates.xlsx,2018 4-Year Cohort,HistoricalCohorts_GradRates.xlsx,2017 5-Year Grads
2017-2018,2017,2018,Wetzel,92,Hundred High School,hundred high school,501,92501,schoolid_92501,22,19,0.8636,0.75,1.0,0.8636,0.0,0.0,0.0,0.0,0.0,0.0,0.0,0.6667000000000001,0.0,,,,35,32,0.9143000000000001,0.8462000000000001,0.9545,0.9143000000000001,0.0,0.0,0.0,0.0,0.0,0.0,0.0,0.5,0.9143000000000001,,,,HistoricalCohorts_GradRates.xlsx,2018 4-Year Cohort,HistoricalCohorts_GradRates.xlsx,2017 5-Year Grads
2017-2018,2017,2018,Wetzel,92,Magnolia High School,magnolia high school,502,92502,schoolid_92502,87,84,0.9655,0.98,0.9459000000000001,0.9643,1.0,1.0,0.0,0.0,0.0,0.0,1.0,0.8571,0.0,,,,119,110,0.9244,0.9211,0.9301999999999999,0.9224,0.0,1.0,0.0,1.0,0.0,0.0,0.0,0.7917000000000001,0.9244,,,,HistoricalCohorts_GradRates.xlsx,2018 4-Year Cohort,HistoricalCohorts_GradRates.xlsx,2017 5-Year Grads
2017-2018,2017,2018,Wetzel,92,Paden City High School,paden city high school,503,92503,schoolid_92503,35,35,1.0,1.0,1.0,1.0,0.0,0.0,0.0,0.0,0.0,0.0,0.0,1.0,0.0,,,,27,27,1.0,1.0,1.0,1.0,0.0,0.0,0.0,0.0,1.0,0.0,0.0,1.0,1.0,,,,HistoricalCohorts_GradRates.xlsx,2018 4-Year Cohort,HistoricalCohorts_GradRates.xlsx,2017 5-Year Grads
2017-2018,2017,2018,Wetzel,92,Valley High School,valley high school,504,92504,schoolid_92504,46,45,0.9783,0.96,1.0,0.9783,0.0,0.0,0.0,0.0,0.0,0.0,0.0,1.0,0.0,,,,36,34,0.9444,0.9473999999999999,0.9412,0.9444,0.0,0.0,0.0,0.0,0.0,0.0,0.0,1.0,0.9444,,,,HistoricalCohorts_GradRates.xlsx,2018 4-Year Cohort,HistoricalCohorts_GradRates.xlsx,2017 5-Year Grads
2017-2018,2017,2018,Wirt,94,Wirt County High School,wirt county high school,501,94501,schoolid_94501,81,70,0.8642,0.8462000000000001,0.8809999999999999,0.8642,0.0,0.0,0.0,0.0,0.0,0.0,0.0,0.4286,0.5,,,,76,67,0.8815999999999999,0.878,0.8856999999999999,0.8815999999999999,0.0,0.0,0.0,0.0,0.0,0.0,0.0,0.8571,0.8815999999999999,,,,HistoricalCohorts_GradRates.xlsx,2018 4-Year Cohort,HistoricalCohorts_GradRates.xlsx,2017 5-Year Grads
2017-2018,2017,2018,Wood,96,Parkersburg High School,parkersburg high school,501,96501,schoolid_96501,421,364,0.8645999999999999,0.8393,0.8934000000000001,0.8721,0.6429,1.0,1.0,0.0,0.8,1.0,0.0,0.7726999999999999,0.7692,,,,428,379,0.8855,0.8718,0.9020999999999999,0.8875,0.7692,1.0,1.0,0.0,0.75,1.0,0.0,0.7292000000000001,0.8193,,,,HistoricalCohorts_GradRates.xlsx,2018 4-Year Cohort,HistoricalCohorts_GradRates.xlsx,2017 5-Year Grads
2017-2018,2017,2018,Wood,96,Parkersburg South High School,parkersburg south high school,502,96502,schoolid_96502,369,334,0.9051,0.875,0.9379000000000001,0.9063,1.0,0.5,1.0,1.0,1.0,0.0,0.5,0.7021,0.4286,,,,357,327,0.9159999999999999,0.9133,0.9185,0.9125,1.0,1.0,1.0,0.0,1.0,0.0,0.0,0.9024,0.8653,,,,HistoricalCohorts_GradRates.xlsx,2018 4-Year Cohort,HistoricalCohorts_GradRates.xlsx,2017 5-Year Grads
2017-2018,2017,2018,Wood,96,Williamstown High School,williamstown high school,503,96503,schoolid_96503,92,88,0.9565,0.9268000000000001,0.9804,0.9565,0.0,0.0,0.0,0.0,0.0,0.0,0.0,0.8667,0.0,,,,114,107,0.9386,0.9259000000000001,0.95,0.9364,0.0,0.0,1.0,1.0,1.0,0.0,0.0,0.9,0.9048,,,,HistoricalCohorts_GradRates.xlsx,2018 4-Year Cohort,HistoricalCohorts_GradRates.xlsx,2017 5-Year Grads
2017-2018,2017,2018,Wyoming,98,Westside High School,westside high school,508,98508,schoolid_98508,157,144,0.9172,0.9301999999999999,0.9014,0.9161,1.0,0.0,0.0,0.0,0.0,0.0,0.0,0.9714,0.5,,,,166,145,0.8734999999999999,0.8617,0.8889,0.8726999999999999,1.0,0.0,0.0,0.0,0.0,0.0,0.0,0.7619,0.8734999999999999,,,,HistoricalCohorts_GradRates.xlsx,2018 4-Year Cohort,HistoricalCohorts_GradRates.xlsx,2017 5-Year Grads
2017-2018,2017,2018,Wyoming,98,Wyoming County East High School,wyoming county east high school,507,98507,schoolid_98507,131,121,0.9237000000000001,0.8815999999999999,0.9818000000000001,0.9237000000000001,0.0,0.0,0.0,0.0,0.0,0.0,0.0,0.7619,1.0,,,,145,131,0.9034,0.8571,0.9559000000000001,0.9020999999999999,1.0,0.0,1.0,0.0,0.0,0.0,0.0,0.8095,0.9034,,,,HistoricalCohorts_GradRates.xlsx,2018 4-Year Cohort,HistoricalCohorts_GradRates.xlsx,2017 5-Year Grads
2018-2019,2018,2019,Barbour,2,Philip Barbour High School Complex,philip barbour high school complex,501,2501,schoolid_2501,147,139,0.9455782312925171,0.9367,0.9559000000000001,0.9484999999999999,1.0,1.0,,0.5,1.0,,,0.9129999999999999,0.8387,,,,133,125,0.9398000000000001,0.925,0.9623,0.9355,0.0,0.0,0.0,0.0,1.0,0.0,0.0,0.8929,0.9398000000000001,,,,SY18-19_GraduationReport_Nov2019.xlsx,2019 4-Year Cohort,SY18-19_GraduationReport_Nov2019.xlsx,2018 5-Year Grads
2018-2019,2018,2019,Berkeley,4,Hedgesville High School,hedgesville high school,501,4501,schoolid_4501,317,303,0.9558359621451104,0.9581000000000001,0.9533,0.9562999999999999,0.9706,0.9582999999999999,1.0,,0.75,,0.875,0.7872,0.8332999999999999,,,,295,282,0.9559000000000001,0.9348000000000001,0.9745,0.9627,0.9444,0.9,1.0,0.0,0.8332999999999999,0.0,1.0,0.9118,0.9362999999999999,,,,SY18-19_GraduationReport_Nov2019.xlsx,2019 4-Year Cohort,SY18-19_GraduationReport_Nov2019.xlsx,2018 5-Year Grads
2018-2019,2018,2019,Berkeley,4,Martinsburg High School,martinsburg high school,502,4502,schoolid_4502,321,293,0.912772585669782,0.9,0.9272,0.9129999999999999,0.9483,0.9091,1.0,,0.8,1.0,1.0,0.8226,0.8222,,,,316,280,0.8861,0.8684000000000001,0.9024,0.8621,0.9091,1.0,1.0,0.5,0.92,0.0,0.8571,0.7347,0.8465,,,,SY18-19_GraduationReport_Nov2019.xlsx,2019 4-Year Cohort,SY18-19_GraduationReport_Nov2019.xlsx,2018 5-Year Grads
2018-2019,2018,2019,Berkeley,4,Musselman High School,musselman high school,503,4503,schoolid_4503,380,373,0.9815789473684212,0.9695,0.9945,0.985,0.9523999999999999,0.9231,1.0,,1.0,,1.0,0.88,0.9512,,,,375,367,0.9787,0.9725,0.9845,0.982,0.8824,1.0,1.0,1.0,1.0,0.0,1.0,0.8936,0.9698,,,,SY18-19_GraduationReport_Nov2019.xlsx,2019 4-Year Cohort,SY18-19_GraduationReport_Nov2019.xlsx,2018 5-Year Grads
2018-2019,2018,2019,Berkeley,4,Spring Mills High School,spring mills high school,504,4504,schoolid_4504,319,308,0.9655172413793105,0.9394,0.9934999999999999,0.9721,0.9394,0.9129999999999999,1.0,,1.0,,1.0,0.8108,0.9473999999999999,,,,319,300,0.9404,0.9427,0.9383,0.9407,0.9688,0.9375,1.0,1.0,0.8462000000000001,0.0,1.0,0.8,0.9153,,,,SY18-19_GraduationReport_Nov2019.xlsx,2019 4-Year Cohort,SY18-19_GraduationReport_Nov2019.xlsx,2018 5-Year Grads
2018-2019,2018,2019,Boone,6,Scott High School,scott high school,501,6501,schoolid_6501,170,150,0.8823529411764706,0.8454,0.9315000000000001,0.8809999999999999,1.0,,,,,,,0.5,0.7333,,,,169,144,0.8521,0.82,0.8986,0.8476,1.0,1.0,1.0,0.0,1.0,0.0,1.0,0.6923,0.8512000000000001,,,,SY18-19_GraduationReport_Nov2019.xlsx,2019 4-Year Cohort,SY18-19_GraduationReport_Nov2019.xlsx,2018 5-Year Grads
2018-2019,2018,2019,Boone,6,Sherman High School,sherman high school,502,6502,schoolid_6502,103,96,0.9320388349514565,0.9231,0.9412,0.93,1.0,,1.0,,,,,0.9,0.85,,,,89,83,0.9326000000000001,0.9123,0.9688,0.9318000000000001,1.0,0.0,0.0,0.0,0.0,0.0,0.0,0.9286,0.9326000000000001,,,,SY18-19_GraduationReport_Nov2019.xlsx,2019 4-Year Cohort,SY18-19_GraduationReport_Nov2019.xlsx,2018 5-Year Grads
2018-2019,2018,2019,Boone,6,Van Junior/Senior High School,van junior/senior high school,503,6503,schoolid_6503,38,33,0.8684210526315791,0.75,1.0,0.8684000000000001,,,,,,,,0.3333,0.75,,,,41,37,0.9024,0.8636,0.9473999999999999,0.9024,0.0,0.0,0.0,0.0,0.0,0.0,0.0,1.0,0.925,,,,SY18-19_GraduationReport_Nov2019.xlsx,2019 4-Year Cohort,SY18-19_GraduationReport_Nov2019.xlsx,2018 5-Year Grads
2018-2019,2018,2019,Braxton,8,Braxton County High School,braxton county high school,501,8501,schoolid_8501,120,116,0.9666666666666669,0.9483,0.9839,0.9664,,,,,1.0,,,0.8946999999999999,0.8695999999999999,,,,141,122,0.8652,0.8228,0.9194,0.8623000000000001,0.0,0.0,1.0,0.0,1.0,0.0,0.0,0.8,0.8652,,,,SY18-19_GraduationReport_Nov2019.xlsx,2019 4-Year Cohort,SY18-19_GraduationReport_Nov2019.xlsx,2018 5-Year Grads
2018-2019,2018,2019,Brooke,10,Brooke High School,brooke high school,502,10502,schoolid_10502,201,192,0.9552238805970148,0.9406,0.97,0.9579000000000001,,1.0,1.0,1.0,0.8,1.0,,0.8095,0.8695999999999999,,,,229,216,0.9431999999999999,0.9397,0.9469,0.9422,0.0,1.0,0.0,0.0,1.0,0.0,0.0,0.8462000000000001,0.9473999999999999,,,,SY18-19_GraduationReport_Nov2019.xlsx,2019 4-Year Cohort,SY18-19_GraduationReport_Nov2019.xlsx,2018 5-Year Grads
2018-2019,2018,2019,Cabell,12,Cabell Midland High School,cabell midland high school,550,12550,schoolid_12550,483,460,0.9523809523809524,0.9277,0.9615,0.9477,0.6,1.0,1.0,,0.9091,,1.0,0.7833,0.8793000000000001,,,,499,461,0.9238,0.9079999999999999,0.9398000000000001,0.9234,0.5,1.0,1.0,1.0,1.0,0.0,1.0,0.7254999999999999,0.9237000000000001,,,,SY18-19_GraduationReport_Nov2019.xlsx,2019 4-Year Cohort,SY18-19_GraduationReport_Nov2019.xlsx,2018 5-Year Grads
2018-2019,2018,2019,Cabell,12,Huntington High School,huntington high school,560,12560,schoolid_12560,434,356,0.8202764976958525,0.7735,0.87,0.8165,0.807,0.8332999999999999,1.0,0.0,0.8462000000000001,,1.0,0.6912,0.5952000000000001,,,,430,325,0.7558,0.7476999999999999,0.7644,0.7606,0.7077,0.875,1.0,0.0,0.7726999999999999,0.0,1.0,0.6093999999999999,0.7558,,,,SY18-19_GraduationReport_Nov2019.xlsx,2019 4-Year Cohort,SY18-19_GraduationReport_Nov2019.xlsx,2018 5-Year Grads
2018-2019,2018,2019,Calhoun,14,Calhoun Middle/High School,calhoun middle/high school,501,14501,schoolid_14501,80,77,0.9625,0.9189,1.0,0.9620000000000001,,1.0,,,,,,0.9333,0.9545,,,,81,76,0.9383,0.9362,0.9412,0.9351,0.0,1.0,0.0,0.0,1.0,0.0,0.0,0.8332999999999999,0.9367,,,,SY18-19_GraduationReport_Nov2019.xlsx,2019 4-Year Cohort,SY18-19_GraduationReport_Nov2019.xlsx,2018 5-Year Grads
2018-2019,2018,2019,Clay,16,Clay County High School,clay county high school,501,16501,schoolid_16501,129,113,0.8759689922480621,0.9242,0.8254,0.8759999999999999,,,,,,,,0.8,0.9473999999999999,,,,133,126,0.9473999999999999,0.9420000000000001,0.9531000000000001,0.9473999999999999,0.0,0.0,0.0,0.0,0.0,0.0,0.0,0.9375,0.9473999999999999,,,,SY18-19_GraduationReport_Nov2019.xlsx,2019 4-Year Cohort,SY18-19_GraduationReport_Nov2019.xlsx,2018 5-Year Grads
2018-2019,2018,2019,Doddridge,18,Doddridge County High School,doddridge county high school,501,18501,schoolid_18501,72,71,0.9861111111111112,1.0,0.9655,0.9853000000000001,1.0,,,1.0,1.0,,,1.0,1.0,,,,77,75,0.9740000000000001,0.9767,0.9706,0.973,0.0,0.0,1.0,0.0,1.0,1.0,1.0,1.0,0.9740000000000001,,,,SY18-19_GraduationReport_Nov2019.xlsx,2019 4-Year Cohort,SY18-19_GraduationReport_Nov2019.xlsx,2018 5-Year Grads
2018-2019,2018,2019,Fayette,20,Fayetteville High,fayetteville high,501,20501,schoolid_20501,97,91,0.9381443298969071,0.8966,1.0,0.9462,1.0,,,,0.5,,,0.8667,0.9231,,,,63,56,0.8889,0.9063,0.871,0.8852,1.0,0.0,1.0,0.0,0.0,0.0,0.0,0.6667000000000001,0.8889,,,,SY18-19_GraduationReport_Nov2019.xlsx,2019 4-Year Cohort,SY18-19_GraduationReport_Nov2019.xlsx,2018 5-Year Grads
2018-2019,2018,2019,Fayette,20,Meadow Bridge High,meadow bridge high,503,20503,schoolid_20503,44,40,0.9090909090909091,0.8695999999999999,0.9523999999999999,0.9091,,,,,,,,0.4,0.625,,,,41,40,0.9756,1.0,0.9565,0.9756,0.0,0.0,0.0,0.0,0.0,0.0,0.0,1.0,0.9756,,,,SY18-19_GraduationReport_Nov2019.xlsx,2019 4-Year Cohort,SY18-19_GraduationReport_Nov2019.xlsx,2018 5-Year Grads
2018-2019,2018,2019,Fayette,20,Midland Trail High,midland trail high,504,20504,schoolid_20504,88,84,0.9545454545454544,0.9362,0.9756,0.9540000000000001,,,,,1.0,,,0.9091,0.875,,,,78,69,0.8845999999999999,0.8205,0.9487000000000001,0.8845999999999999,0.0,0.0,0.0,0.0,0.0,0.0,0.0,0.8571,0.8845999999999999,,,,SY18-19_GraduationReport_Nov2019.xlsx,2019 4-Year Cohort,SY18-19_GraduationReport_Nov2019.xlsx,2018 5-Year Grads
2018-2019,2018,2019,Fayette,20,Oak Hill High,oak hill high,506,20506,schoolid_20506,219,183,0.8356164383561644,0.8125,0.8598,0.8187000000000001,0.9048,1.0,,,0.875,,,0.75,0.7273000000000001,,,,214,176,0.8223999999999999,0.784,0.8764,0.8085,0.8946999999999999,1.0,0.0,0.0,1.0,0.0,0.0,0.6364,0.8223999999999999,,,,SY18-19_GraduationReport_Nov2019.xlsx,2019 4-Year Cohort,SY18-19_GraduationReport_Nov2019.xlsx,2018 5-Year Grads
2018-2019,2018,2019,Fayette,20,Valley High School,valley high school,507,20507,schoolid_20507,60,47,0.7833333333333333,0.7429000000000001,0.84,0.7759,1.0,,,,,,,0.4286,0.6429,,,,71,62,0.8732,0.825,0.9355,0.8787999999999999,0.8,0.0,0.0,0.0,0.0,0.0,0.0,0.375,0.8732,,,,SY18-19_GraduationReport_Nov2019.xlsx,2019 4-Year Cohort,SY18-19_GraduationReport_Nov2019.xlsx,2018 5-Year Grads
2018-2019,2018,2019,Gilmer,22,Gilmer County High School,gilmer county high school,501,22501,schoolid_22501,62,57,0.9193548387096775,0.9167000000000001,0.9231,0.9167000000000001,1.0,,,,1.0,,,1.0,1.0,,,,67,65,0.9701000000000001,0.9333,1.0,0.9688,1.0,1.0,0.0,0.0,1.0,0.0,0.0,0.8889,0.9592,,,,SY18-19_GraduationReport_Nov2019.xlsx,2019 4-Year Cohort,SY18-19_GraduationReport_Nov2019.xlsx,2018 5-Year Grads
2018-2019,2018,2019,Grant,24,Petersburg High School,petersburg high school,501,24501,schoolid_24501,,,0.9298245614035088,0.9091,0.9582999999999999,0.9273,1.0,1.0,,,1.0,,,0.8695999999999999,0.8889,,,,127,121,0.9528,0.9451999999999999,0.963,0.9516,1.0,1.0,0.0,0.0,0.0,0.0,1.0,0.8095,0.9240999999999999,,,,SY18-19_GraduationReport_Nov2019.xlsx,2019 4-Year Cohort,SY18-19_GraduationReport_Nov2019.xlsx,2018 5-Year Grads
2018-2019,2018,2019,Grant,24,Union Educational Complex,union educational complex,101,24101,schoolid_24101,,,1.0,0.8571,1.0,1.0,,,,,,,,0.6667000000000001,1.0,,,,13,13,1.0,1.0,1.0,1.0,0.0,0.0,0.0,0.0,0.0,0.0,0.0,1.0,1.0,,,,SY18-19_GraduationReport_Nov2019.xlsx,2019 4-Year Cohort,SY18-19_GraduationReport_Nov2019.xlsx,2018 5-Year Grads
2018-2019,2018,2019,Greenbrier,26,Greenbrier East High School,greenbrier east high school,501,26501,schoolid_26501,279,258,0.9247311827956988,0.9174,0.9304000000000001,0.9328,0.8332999999999999,0.8571,1.0,,0.8,,0.6667000000000001,0.7707999999999999,0.9031999999999999,,,,271,249,0.9188,0.9423999999999999,0.8939,0.915,1.0,1.0,1.0,1.0,0.6667000000000001,0.0,1.0,0.8421,0.8675,,,,SY18-19_GraduationReport_Nov2019.xlsx,2019 4-Year Cohort,SY18-19_GraduationReport_Nov2019.xlsx,2018 5-Year Grads
2018-2019,2018,2019,Greenbrier,26,Greenbrier West High School,greenbrier west high school,502,26502,schoolid_26502,97,87,0.8969072164948454,0.902,0.8913,0.9,1.0,0.5,,1.0,1.0,,,0.7222,0.8181999999999999,,,,102,92,0.902,0.8626999999999999,0.9412,0.9,1.0,0.0,0.0,0.0,0.0,0.0,0.0,0.8181999999999999,0.8889,,,,SY18-19_GraduationReport_Nov2019.xlsx,2019 4-Year Cohort,SY18-19_GraduationReport_Nov2019.xlsx,2018 5-Year Grads
2018-2019,2018,2019,Hampshire,28,Hampshire Senior High School,hampshire senior high school,501,28501,schoolid_28501,236,201,0.8516949152542372,0.8506999999999999,0.8529000000000001,0.8504,1.0,,,,,,,0.6667000000000001,0.8125,,,,297,259,0.8721,0.8162999999999999,0.9267,0.8741,0.0,1.0,0.0,0.0,0.0,0.0,0.0,0.6667000000000001,0.8373,,,,SY18-19_GraduationReport_Nov2019.xlsx,2019 4-Year Cohort,SY18-19_GraduationReport_Nov2019.xlsx,2018 5-Year Grads
2018-2019,2018,2019,Hancock,29,Oak Glen High School,oak glen high school,501,29501,schoolid_29501,129,126,0.9767441860465117,0.9342,1.0,0.9682999999999999,0.6667000000000001,,,,,,,0.8261,1.0,,,,139,122,0.8776999999999999,0.8451000000000001,0.9118,0.8731,1.0,1.0,1.0,0.0,1.0,0.0,1.0,0.8462000000000001,0.8108,,,,SY18-19_GraduationReport_Nov2019.xlsx,2019 4-Year Cohort,SY18-19_GraduationReport_Nov2019.xlsx,2018 5-Year Grads
2018-2019,2018,2019,Hancock,29,Weir High School,weir high school,502,29502,schoolid_29502,162,155,0.9567901234567899,0.9390000000000001,0.95,0.9451999999999999,0.8889,1.0,1.0,,1.0,,1.0,0.76,0.875,,,,154,143,0.9286,0.8929,0.9714,0.9338,0.9091,1.0,0.0,1.0,0.75,0.0,0.0,0.8065000000000001,0.8721,,,,SY18-19_GraduationReport_Nov2019.xlsx,2019 4-Year Cohort,SY18-19_GraduationReport_Nov2019.xlsx,2018 5-Year Grads
2018-2019,2018,2019,Hardy,31,East Hardy High School,east hardy high school,501,31501,schoolid_31501,66,62,0.9393939393939393,0.9091,0.9697,0.9365000000000001,1.0,1.0,,,1.0,,,0.8,1.0,,,,47,41,0.8723000000000001,0.8148000000000001,0.95,0.8723000000000001,0.0,0.0,0.0,0.0,0.0,0.0,0.0,0.5,0.76,,,,SY18-19_GraduationReport_Nov2019.xlsx,2019 4-Year Cohort,SY18-19_GraduationReport_Nov2019.xlsx,2018 5-Year Grads
2018-2019,2018,2019,Hardy,31,Moorefield High School,moorefield high school,502,31502,schoolid_31502,95,88,0.9263157894736842,0.9787,0.875,0.9326000000000001,0.8,1.0,,,,,1.0,0.6923,1.0,,,,97,83,0.8556999999999999,0.8036,0.9268000000000001,0.875,0.3333,0.6667000000000001,0.0,0.0,1.0,0.0,1.0,0.6154,0.8451000000000001,,,,SY18-19_GraduationReport_Nov2019.xlsx,2019 4-Year Cohort,SY18-19_GraduationReport_Nov2019.xlsx,2018 5-Year Grads
2018-2019,2018,2019,Harrison,33,Bridgeport High School,bridgeport high school,501,33501,schoolid_33501,213,210,0.9859154929577465,0.9911,0.9802,0.985,1.0,1.0,1.0,,1.0,,,0.88,0.8889,,,,179,172,0.9609000000000001,0.9655,0.9565,0.9581000000000001,1.0,1.0,1.0,1.0,1.0,0.0,1.0,0.7273000000000001,0.9245,,,,SY18-19_GraduationReport_Nov2019.xlsx,2019 4-Year Cohort,SY18-19_GraduationReport_Nov2019.xlsx,2018 5-Year Grads
2018-2019,2018,2019,Harrison,33,Liberty High School,liberty high school,502,33502,schoolid_33502,121,112,0.9256198347107438,0.9,0.9512,0.9224,0.75,,,,1.0,,,0.8332999999999999,0.9412,,,,133,123,0.9248000000000001,0.9355,0.9155,0.9206,1.0,1.0,0.0,1.0,1.0,1.0,0.0,0.8,0.9242,,,,SY18-19_GraduationReport_Nov2019.xlsx,2019 4-Year Cohort,SY18-19_GraduationReport_Nov2019.xlsx,2018 5-Year Grads
2018-2019,2018,2019,Harrison,33,Lincoln High School,lincoln high school,503,33503,schoolid_33503,151,138,0.9139072847682119,0.88,0.9342,0.9059999999999999,,1.0,,,,,,0.7353000000000001,0.7646999999999999,,,,136,121,0.8896999999999999,0.8656999999999999,0.9129999999999999,0.8889,0.0,0.0,0.0,0.0,1.0,0.0,0.0,0.625,0.8896999999999999,,,,SY18-19_GraduationReport_Nov2019.xlsx,2019 4-Year Cohort,SY18-19_GraduationReport_Nov2019.xlsx,2018 5-Year Grads
2018-2019,2018,2019,Harrison,33,Robert C Byrd High School,robert c byrd high school,506,33506,schoolid_33506,194,166,0.8556701030927835,0.8316,0.8787999999999999,0.8571,0.8,,,,1.0,,,0.5882000000000001,0.85,,,,208,179,0.8606,0.8205,0.9120999999999999,0.8511,0.9412,1.0,0.0,0.0,1.0,0.0,0.0,0.675,0.8634000000000001,,,,SY18-19_GraduationReport_Nov2019.xlsx,2019 4-Year Cohort,SY18-19_GraduationReport_Nov2019.xlsx,2018 5-Year Grads
2018-2019,2018,2019,Harrison,33,South Harrison High School,south harrison high school,505,33505,schoolid_33505,84,80,0.9523809523809524,0.9582999999999999,0.9444,0.9506,1.0,,,1.0,,,,0.9091,1.0,,,,110,97,0.8818,0.8245999999999999,0.9434,0.8806999999999999,0.0,0.0,0.0,0.0,1.0,0.0,0.0,0.7333,0.8818,,,,SY18-19_GraduationReport_Nov2019.xlsx,2019 4-Year Cohort,SY18-19_GraduationReport_Nov2019.xlsx,2018 5-Year Grads
2018-2019,2018,2019,Jackson,35,Ravenswood High School,ravenswood high school,501,35501,schoolid_35501,102,93,0.9117647058823528,0.8462000000000001,0.98,0.9109,1.0,,,,,,,0.8,0.8181999999999999,,,,99,94,0.9495,0.9273,0.9773000000000001,0.9490000000000001,0.0,1.0,0.0,0.0,0.0,0.0,1.0,0.7857,0.9298000000000001,,,,SY18-19_GraduationReport_Nov2019.xlsx,2019 4-Year Cohort,SY18-19_GraduationReport_Nov2019.xlsx,2018 5-Year Grads
2018-2019,2018,2019,Jackson,35,Ripley High School,ripley high school,502,35502,schoolid_35502,213,197,0.9248826291079811,0.8793000000000001,0.9793999999999999,0.9231,1.0,1.0,,,1.0,,,0.875,0.7143,,,,204,191,0.9362999999999999,0.9286,0.9434,0.9390999999999999,0.75,1.0,1.0,0.0,1.0,0.0,0.0,0.8065000000000001,0.899,,,,SY18-19_GraduationReport_Nov2019.xlsx,2019 4-Year Cohort,SY18-19_GraduationReport_Nov2019.xlsx,2018 5-Year Grads
2018-2019,2018,2019,Jefferson,37,Jefferson High School,jefferson high school,501,37501,schoolid_37501,392,342,0.8724489795918368,0.845,0.8957999999999999,0.8983,0.7222,0.8571,1.0,0.0,0.6875,,0.875,0.625,0.3333,,,,363,332,0.9146,0.8878,0.9460999999999999,0.9179,0.8667,0.9091,1.0,1.0,0.8462000000000001,1.0,0.8889,0.8443999999999999,0.8406999999999999,,,,SY18-19_GraduationReport_Nov2019.xlsx,2019 4-Year Cohort,SY18-19_GraduationReport_Nov2019.xlsx,2018 5-Year Grads
2018-2019,2018,2019,Jefferson,37,Washington High School,washington high school,502,37502,schoolid_37502,283,264,0.9328621908127208,0.9189,0.9481,0.9304000000000001,1.0,0.875,1.0,,1.0,,0.75,0.8,0.8,,,,288,267,0.9270999999999999,0.9012,0.9603,0.9301,0.8845999999999999,0.9523999999999999,1.0,0.0,0.9,0.0,1.0,0.7585999999999999,0.9015000000000001,,,,SY18-19_GraduationReport_Nov2019.xlsx,2019 4-Year Cohort,SY18-19_GraduationReport_Nov2019.xlsx,2018 5-Year Grads
2018-2019,2018,2019,Kanawha,39,Capital High School,capital high school,513,39513,schoolid_39513,335,271,0.808955223880597,0.7836,0.8293,0.7767000000000001,0.8421,1.0,1.0,1.0,0.8,,1.0,0.6275,0.6923,,,,307,244,0.7948000000000001,0.7467,0.8408,0.8247,0.7112999999999999,1.0,1.0,1.0,0.6667000000000001,0.0,1.0,0.7,0.7914,,,,SY18-19_GraduationReport_Nov2019.xlsx,2019 4-Year Cohort,SY18-19_GraduationReport_Nov2019.xlsx,2018 5-Year Grads
2018-2019,2018,2019,Kanawha,39,George Washington High School,george washington high school,506,39506,schoolid_39506,284,271,0.954225352112676,0.9493,0.9521,0.9536,0.9,1.0,1.0,,0.75,,1.0,0.9444,0.8571,,,,268,249,0.9290999999999999,0.9398000000000001,0.9185,0.9298000000000001,0.8889,0.8,1.0,0.0,1.0,0.0,1.0,0.7333,0.8411,,,,SY18-19_GraduationReport_Nov2019.xlsx,2019 4-Year Cohort,SY18-19_GraduationReport_Nov2019.xlsx,2018 5-Year Grads
2018-2019,2018,2019,Kanawha,39,Herbert Hoover High School,herbert hoover high school,507,39507,schoolid_39507,210,178,0.8476190476190476,0.7448999999999999,0.9375,0.8502,0.0,1.0,,,1.0,,1.0,0.6897,0.5625,,,,222,187,0.8423,0.807,0.8795999999999999,0.8419,0.6667000000000001,1.0,1.0,1.0,1.0,0.0,1.0,0.64,0.8402,,,,SY18-19_GraduationReport_Nov2019.xlsx,2019 4-Year Cohort,SY18-19_GraduationReport_Nov2019.xlsx,2018 5-Year Grads
2018-2019,2018,2019,Kanawha,39,Nitro High School,nitro high school,508,39508,schoolid_39508,215,194,0.9023255813953487,0.9016,0.9031999999999999,0.9009999999999999,0.9444,0.0,1.0,,1.0,,0.0,0.7333,0.8966,,,,210,182,0.8667,0.8305,0.9129999999999999,0.8854000000000001,0.5,1.0,1.0,1.0,1.0,0.0,0.0,0.7333,0.8017,,,,SY18-19_GraduationReport_Nov2019.xlsx,2019 4-Year Cohort,SY18-19_GraduationReport_Nov2019.xlsx,2018 5-Year Grads
2018-2019,2018,2019,Kanawha,39,Riverside High School,riverside high school,514,39514,schoolid_39514,271,219,0.8081180811808119,0.75,0.8661,0.8056,0.7857,0.5,1.0,1.0,,,1.0,0.6,0.7333,,,,283,242,0.8551000000000001,0.8506,0.8604999999999999,0.8604,0.7857,0.5,1.0,0.0,1.0,0.0,1.0,0.6129,0.8551000000000001,,,,SY18-19_GraduationReport_Nov2019.xlsx,2019 4-Year Cohort,SY18-19_GraduationReport_Nov2019.xlsx,2018 5-Year Grads
2018-2019,2018,2019,Kanawha,39,Saint Albans High School,saint albans high school,509,39509,schoolid_39509,232,210,0.9051724137931036,0.8726999999999999,0.9262,0.9081999999999999,0.8332999999999999,1.0,1.0,1.0,0.5,,1.0,0.76,0.8234999999999999,,,,246,197,0.8008,0.8029999999999999,0.7981999999999999,0.7953,0.8636,0.75,1.0,0.0,0.0,0.0,0.0,0.35479999999999995,0.7414000000000001,,,,SY18-19_GraduationReport_Nov2019.xlsx,2019 4-Year Cohort,SY18-19_GraduationReport_Nov2019.xlsx,2018 5-Year Grads
2018-2019,2018,2019,Kanawha,39,Sissonville High School,sissonville high school,510,39510,schoolid_39510,156,141,0.903846153846154,0.8673000000000001,0.9483,0.9026000000000001,0.0,1.0,,,,,,0.7391,0.7692,,,,144,123,0.8542000000000001,0.8,0.8987,0.8521,1.0,0.0,0.0,0.0,0.0,0.0,0.0,0.6,0.7835,,,,SY18-19_GraduationReport_Nov2019.xlsx,2019 4-Year Cohort,SY18-19_GraduationReport_Nov2019.xlsx,2018 5-Year Grads
2018-2019,2018,2019,Kanawha,39,South Charleston High School,south charleston high school,511,39511,schoolid_39511,215,173,0.8046511627906977,0.7143,0.9167000000000001,0.7961,0.8077,0.75,1.0,,1.0,,1.0,0.5172,0.5789,,,,258,210,0.8140000000000001,0.7845,0.838,0.7872,0.8852,1.0,1.0,0.0,0.5,0.0,1.0,0.5667,0.8118000000000001,,,,SY18-19_GraduationReport_Nov2019.xlsx,2019 4-Year Cohort,SY18-19_GraduationReport_Nov2019.xlsx,2018 5-Year Grads
2018-2019,2018,2019,Lewis,41,Lewis County High School,lewis county high school,501,41501,schoolid_41501,169,159,0.9408284023668639,0.9146,0.9655,0.9394,1.0,1.0,1.0,,1.0,,1.0,0.8234999999999999,0.9091,,,,182,176,0.9670000000000001,0.9588,0.9765,0.9662999999999999,0.0,1.0,0.0,0.0,1.0,0.0,0.0,0.9375,0.9652,,,,SY18-19_GraduationReport_Nov2019.xlsx,2019 4-Year Cohort,SY18-19_GraduationReport_Nov2019.xlsx,2018 5-Year Grads
2018-2019,2018,2019,Lincoln,43,Lincoln County High School,lincoln county high school,506,43506,schoolid_43506,188,170,0.9042553191489364,0.8842,0.9247,0.9022,1.0,1.0,,,1.0,,,0.7837999999999999,0.8077,,,,226,197,0.8717,0.8537,0.8931999999999999,0.8733,1.0,0.5,1.0,0.0,0.0,0.0,1.0,0.7909999999999999,0.8756,,,,SY18-19_GraduationReport_Nov2019.xlsx,2019 4-Year Cohort,SY18-19_GraduationReport_Nov2019.xlsx,2018 5-Year Grads
2018-2019,2018,2019,Logan,45,Chapmanville Regional High School,chapmanville regional high school,501,45501,schoolid_45501,180,172,0.9555555555555556,0.9262999999999999,0.9882,0.9551000000000001,1.0,,,,,,,0.9091,1.0,,,,171,162,0.9473999999999999,0.9306,0.9595999999999999,0.9470999999999999,1.0,0.0,0.0,0.0,0.0,0.0,0.0,1.0,0.9473999999999999,,,,SY18-19_GraduationReport_Nov2019.xlsx,2019 4-Year Cohort,SY18-19_GraduationReport_Nov2019.xlsx,2018 5-Year Grads
2018-2019,2018,2019,Logan,45,Logan Senior High School,logan senior high school,502,45502,schoolid_45502,163,144,0.8834355828220859,0.8161,0.9605,0.8839,0.875,,,,,,,0.7143,0.5455,,,,164,139,0.8476,0.7931,0.9091,0.8467,0.8462000000000001,1.0,0.0,0.0,0.0,0.0,1.0,0.75,0.8466,,,,SY18-19_GraduationReport_Nov2019.xlsx,2019 4-Year Cohort,SY18-19_GraduationReport_Nov2019.xlsx,2018 5-Year Grads
2018-2019,2018,2019,Logan,45,Man Senior High School,man senior high school,503,45503,schoolid_45503,101,86,0.8514851485148515,0.8112999999999999,0.8957999999999999,0.8438,1.0,,,,1.0,,,0.6923,1.0,,,,120,111,0.925,0.9074,0.9394,0.9211,1.0,0.0,0.0,0.0,0.0,0.0,0.0,0.625,0.925,,,,SY18-19_GraduationReport_Nov2019.xlsx,2019 4-Year Cohort,SY18-19_GraduationReport_Nov2019.xlsx,2018 5-Year Grads
2018-2019,2018,2019,Marion,47,East Fairmont High School,east fairmont high school,501,47501,schoolid_47501,179,165,0.9217877094972069,0.9239,0.9195,0.9231,0.875,,1.0,,,,,0.8125,0.6,,,,174,167,0.9598,0.9425,0.977,0.9581000000000001,1.0,1.0,1.0,0.0,1.0,0.0,0.0,0.7778,0.9247,,,,SY18-19_GraduationReport_Nov2019.xlsx,2019 4-Year Cohort,SY18-19_GraduationReport_Nov2019.xlsx,2018 5-Year Grads
2018-2019,2018,2019,Marion,47,Fairmont Senior High School,fairmont senior high school,502,47502,schoolid_47502,214,194,0.9065420560747665,0.879,0.9444,0.9091,0.9231,1.0,1.0,,0.6,,,0.7692,0.6667000000000001,,,,217,203,0.9355,0.9390999999999999,0.9314,0.9207,0.975,1.0,0.0,0.0,1.0,0.0,1.0,0.9063,0.888,,,,SY18-19_GraduationReport_Nov2019.xlsx,2019 4-Year Cohort,SY18-19_GraduationReport_Nov2019.xlsx,2018 5-Year Grads
2018-2019,2018,2019,Marion,47,North Marion High School,north marion high school,503,47503,schoolid_47503,167,152,0.9101796407185628,0.8778,0.9481,0.9031999999999999,1.0,1.0,,,1.0,,,0.6957,0.8181999999999999,,,,202,192,0.9505,0.9333,0.9691,0.9501999999999999,1.0,0.0,0.0,0.0,0.0,0.0,0.0,0.6429,0.9237000000000001,,,,SY18-19_GraduationReport_Nov2019.xlsx,2019 4-Year Cohort,SY18-19_GraduationReport_Nov2019.xlsx,2018 5-Year Grads
2018-2019,2018,2019,Marshall,48,Cameron High School,cameron high school,501,48501,schoolid_48501,48,44,0.9166666666666665,0.9129999999999999,0.92,0.9167000000000001,,,,,,,,0.3333,1.0,,,,60,59,0.9833,1.0,0.9582999999999999,0.9831,1.0,0.0,0.0,0.0,0.0,0.0,0.0,1.0,0.9833,,,,SY18-19_GraduationReport_Nov2019.xlsx,2019 4-Year Cohort,SY18-19_GraduationReport_Nov2019.xlsx,2018 5-Year Grads
2018-2019,2018,2019,Marshall,48,John Marshall High School,john marshall high school,502,48502,schoolid_48502,281,264,0.9395017793594306,0.9267,0.9542,0.9384,,,1.0,,1.0,1.0,1.0,0.7931,0.8261,,,,292,278,0.9521,0.9459000000000001,0.9582999999999999,0.9512,1.0,1.0,0.0,0.0,1.0,0.0,1.0,0.7241,0.9512,,,,SY18-19_GraduationReport_Nov2019.xlsx,2019 4-Year Cohort,SY18-19_GraduationReport_Nov2019.xlsx,2018 5-Year Grads
2018-2019,2018,2019,Mason,49,Hannan High School,hannan high school,501,49501,schoolid_49501,42,41,0.9761904761904762,0.9565,1.0,0.9762000000000001,,,,,,,,1.0,1.0,,,,57,56,0.9825,0.9697,1.0,0.9825,0.0,0.0,0.0,0.0,0.0,0.0,0.0,0.9091,0.9821,,,,SY18-19_GraduationReport_Nov2019.xlsx,2019 4-Year Cohort,SY18-19_GraduationReport_Nov2019.xlsx,2018 5-Year Grads
2018-2019,2018,2019,Mason,49,Point Pleasant Junior/Senior High School,point pleasant junior/senior high school,502,49502,schoolid_49502,188,172,0.9148936170212764,0.9255,0.9043000000000001,0.9116,1.0,1.0,,,1.0,,,0.7857,0.6,,,,193,178,0.9223,0.8909,0.9639,0.9251,0.8,0.0,1.0,0.0,0.0,0.0,0.0,0.9231,0.9262999999999999,,,,SY18-19_GraduationReport_Nov2019.xlsx,2019 4-Year Cohort,SY18-19_GraduationReport_Nov2019.xlsx,2018 5-Year Grads
2018-2019,2018,2019,Mason,49,Wahama High School,wahama high school,503,49503,schoolid_49503,77,73,0.948051948051948,0.9487000000000001,0.9473999999999999,0.9473999999999999,,,,,1.0,,,0.9,,,,,48,48,1.0,1.0,1.0,1.0,0.0,1.0,0.0,0.0,1.0,0.0,0.0,1.0,1.0,,,,SY18-19_GraduationReport_Nov2019.xlsx,2019 4-Year Cohort,SY18-19_GraduationReport_Nov2019.xlsx,2018 5-Year Grads
2018-2019,2018,2019,McDowell,60,Mount View High School,mount view high school,527,60527,schoolid_60527,94,82,0.872340425531915,0.8112999999999999,0.9024,0.8158,1.0,1.0,,,1.0,,,0.9048,1.0,,,,104,96,0.9231,0.8814,0.9778,0.9067000000000001,1.0,0.0,1.0,0.0,0.0,0.0,1.0,0.9333,0.9231,,,,SY18-19_GraduationReport_Nov2019.xlsx,2019 4-Year Cohort,SY18-19_GraduationReport_Nov2019.xlsx,2018 5-Year Grads
2018-2019,2018,2019,McDowell,60,River View High School,river view high school,520,60520,schoolid_60520,128,113,0.8828125,0.8332999999999999,0.9355,0.878,1.0,1.0,,,,,,0.8845999999999999,1.0,,,,111,101,0.9098999999999999,0.8726999999999999,0.9464,0.9074,1.0,1.0,0.0,0.0,0.0,0.0,0.0,0.8636,0.9181999999999999,,,,SY18-19_GraduationReport_Nov2019.xlsx,2019 4-Year Cohort,SY18-19_GraduationReport_Nov2019.xlsx,2018 5-Year Grads
2018-2019,2018,2019,Mercer,51,Bluefield High School,bluefield high school,502,51502,schoolid_51502,171,151,0.8830409356725145,0.8312999999999999,0.9205,0.8772,0.8845999999999999,1.0,1.0,,0.6667000000000001,,,0.8214,0.7143,,,,174,156,0.8966,0.8778,0.9167000000000001,0.8917,0.9129999999999999,1.0,0.0,0.0,1.0,0.0,0.0,0.7917000000000001,0.8966,,,,SY18-19_GraduationReport_Nov2019.xlsx,2019 4-Year Cohort,SY18-19_GraduationReport_Nov2019.xlsx,2018 5-Year Grads
2018-2019,2018,2019,Mercer,51,Montcalm High School,montcalm high school,505,51505,schoolid_51505,55,52,0.9454545454545457,0.9286,0.963,0.9444,1.0,,,,,,,1.0,1.0,,,,40,38,0.95,0.9545,0.9444,0.95,0.0,0.0,0.0,0.0,0.0,0.0,0.0,1.0,0.95,,,,SY18-19_GraduationReport_Nov2019.xlsx,2019 4-Year Cohort,SY18-19_GraduationReport_Nov2019.xlsx,2018 5-Year Grads
2018-2019,2018,2019,Mercer,51,Pikeview High School,pikeview high school,509,51509,schoolid_51509,146,137,0.9383561643835615,0.92,0.9577,0.9379000000000001,,,,,1.0,,,0.8421,0.8332999999999999,,,,186,178,0.9570000000000001,0.9451,0.9684,0.9548000000000001,1.0,1.0,1.0,0.0,1.0,0.0,0.0,0.85,0.9570000000000001,,,,SY18-19_GraduationReport_Nov2019.xlsx,2019 4-Year Cohort,SY18-19_GraduationReport_Nov2019.xlsx,2018 5-Year Grads
2018-2019,2018,2019,Mercer,51,Princeton Senior High School,princeton senior high school,507,51507,schoolid_51507,236,205,0.8686440677966103,0.8051,0.9322,0.8626,0.9444,1.0,1.0,,1.0,0.0,0.5,0.6667000000000001,0.7895,,,,271,234,0.8634999999999999,0.8309000000000001,0.8963,0.8601000000000001,0.9473999999999999,1.0,1.0,1.0,0.8,0.0,0.5,0.7333,0.863,,,,SY18-19_GraduationReport_Nov2019.xlsx,2019 4-Year Cohort,SY18-19_GraduationReport_Nov2019.xlsx,2018 5-Year Grads
2018-2019,2018,2019,Mineral,53,Frankfort High School,frankfort high school,501,53501,schoolid_53501,118,117,0.9915254237288136,0.9831,1.0,0.9913,1.0,,1.0,,,,,0.8889,1.0,,,,131,130,0.9924,0.9841,1.0,0.9922,0.0,1.0,1.0,0.0,0.0,0.0,0.0,0.95,1.0,,,,SY18-19_GraduationReport_Nov2019.xlsx,2019 4-Year Cohort,SY18-19_GraduationReport_Nov2019.xlsx,2018 5-Year Grads
2018-2019,2018,2019,Mineral,53,Keyser High School,keyser high school,503,53503,schoolid_53503,164,156,0.951219512195122,0.9398000000000001,0.963,0.9459000000000001,1.0,1.0,1.0,,1.0,,,0.8845999999999999,0.6667000000000001,,,,153,142,0.9281,0.9348000000000001,0.9179999999999999,0.9275,0.9091,1.0,0.0,1.0,1.0,0.0,0.0,0.8108,0.9018,,,,SY18-19_GraduationReport_Nov2019.xlsx,2019 4-Year Cohort,SY18-19_GraduationReport_Nov2019.xlsx,2018 5-Year Grads
2018-2019,2018,2019,Mingo,54,Mingo Central Comprehensive High School,mingo central comprehensive high school,508,54508,schoolid_54508,162,159,0.9814814814814816,1.0,0.9615,0.9803000000000001,1.0,1.0,,,1.0,,1.0,0.9375,0.8332999999999999,,,,161,160,0.9937999999999999,0.9895,1.0,0.9936,1.0,0.0,1.0,0.0,1.0,0.0,0.0,1.0,0.9937,,,,SY18-19_GraduationReport_Nov2019.xlsx,2019 4-Year Cohort,SY18-19_GraduationReport_Nov2019.xlsx,2018 5-Year Grads
2018-2019,2018,2019,Mingo,54,Tug Valley High School,tug valley high school,507,54507,schoolid_54507,60,59,0.9833333333333332,0.9643,1.0,0.9831,,1.0,,,,,,1.0,0.75,,,,91,86,0.9451,0.9259000000000001,0.973,0.9438,1.0,0.0,0.0,0.0,0.0,0.0,0.0,0.75,0.9451,,,,SY18-19_GraduationReport_Nov2019.xlsx,2019 4-Year Cohort,SY18-19_GraduationReport_Nov2019.xlsx,2018 5-Year Grads
2018-2019,2018,2019,Monongalia,56,Clay-Battelle High School,clay-battelle high school,501,56501,schoolid_56501,57,52,0.912280701754386,0.9091,0.9167000000000001,0.9074,,1.0,1.0,,,,,0.8,1.0,,,,62,57,0.9194,0.9091,0.9309999999999999,0.9194,0.0,0.0,0.0,0.0,0.0,0.0,0.0,0.7778,0.8529000000000001,,,,SY18-19_GraduationReport_Nov2019.xlsx,2019 4-Year Cohort,SY18-19_GraduationReport_Nov2019.xlsx,2018 5-Year Grads
2018-2019,2018,2019,Monongalia,56,Morgantown High School,morgantown high school,502,56502,schoolid_56502,442,404,0.9140271493212669,0.9128000000000001,0.9152,0.9164,0.92,0.9286,0.9643,,0.75,,0.9167000000000001,0.8332999999999999,0.6,,,,438,402,0.9178000000000001,0.9009,0.9351999999999999,0.9259000000000001,0.9,0.9286,1.0,1.0,0.6875,0.0,1.0,0.7931,0.8305,,,,SY18-19_GraduationReport_Nov2019.xlsx,2019 4-Year Cohort,SY18-19_GraduationReport_Nov2019.xlsx,2018 5-Year Grads
2018-2019,2018,2019,Monongalia,56,University High School,university high school,503,56503,schoolid_56503,333,305,0.9159159159159159,0.8922,0.9398000000000001,0.9085,1.0,1.0,1.0,,1.0,,1.0,0.7742,0.5385,,,,310,284,0.9161,0.8704000000000001,0.9662000000000001,0.9231,0.7778,0.0,1.0,0.0,0.8462000000000001,0.0,0.0,0.7692,0.7983,,,,SY18-19_GraduationReport_Nov2019.xlsx,2019 4-Year Cohort,SY18-19_GraduationReport_Nov2019.xlsx,2018 5-Year Grads
2018-2019,2018,2019,Monroe,57,James Monroe High School,james monroe high school,503,57503,schoolid_57503,126,122,0.9682539682539683,0.9743999999999999,0.9582999999999999,0.9669,1.0,1.0,,,1.0,,,0.8946999999999999,0.8824,,,,125,120,0.96,0.9286,0.9854999999999999,0.9669,0.5,0.0,0.0,0.0,1.0,0.0,0.0,0.8,0.9383,,,,SY18-19_GraduationReport_Nov2019.xlsx,2019 4-Year Cohort,SY18-19_GraduationReport_Nov2019.xlsx,2018 5-Year Grads
2018-2019,2018,2019,Morgan,58,Berkeley Springs High School,berkeley springs high school,501,58501,schoolid_58501,172,151,0.877906976744186,0.8687,0.8904000000000001,0.8726999999999999,1.0,1.0,,,1.0,,1.0,0.7,,,,,174,168,0.9655,0.9565,0.9756,0.9701000000000001,0.0,1.0,1.0,1.0,0.0,0.0,1.0,0.7333,0.9651000000000001,,,,SY18-19_GraduationReport_Nov2019.xlsx,2019 4-Year Cohort,SY18-19_GraduationReport_Nov2019.xlsx,2018 5-Year Grads
2018-2019,2018,2019,Morgan,58,Paw Paw High School,paw paw high school,502,58502,schoolid_58502,14,14,1.0,1.0,1.0,1.0,,,,,,,,1.0,1.0,,,,11,11,1.0,1.0,1.0,1.0,0.0,0.0,0.0,0.0,0.0,0.0,0.0,1.0,1.0,,,,SY18-19_GraduationReport_Nov2019.xlsx,2019 4-Year Cohort,SY18-19_GraduationReport_Nov2019.xlsx,2018 5-Year Grads
2018-2019,2018,2019,Nicholas,62,Nicholas County High School,nicholas county high school,501,62501,schoolid_62501,180,172,0.9555555555555556,0.9462,0.9655,0.9605,0.0,1.0,1.0,,,,,0.875,0.8889,,,,184,168,0.9129999999999999,0.8925,0.9340999999999999,0.9120999999999999,0.0,0.0,1.0,0.0,1.0,0.0,0.0,0.7297,0.9126000000000001,,,,SY18-19_GraduationReport_Nov2019.xlsx,2019 4-Year Cohort,SY18-19_GraduationReport_Nov2019.xlsx,2018 5-Year Grads
2018-2019,2018,2019,Nicholas,62,Richwood High School,richwood high school,502,62502,schoolid_62502,94,85,0.9042553191489364,0.8889,0.9184,0.9022,1.0,,,,1.0,,,0.6875,1.0,,,,101,98,0.9703,0.96,0.9804,0.9693999999999999,0.0,0.0,1.0,0.0,1.0,0.0,0.0,0.9167000000000001,0.9703,,,,SY18-19_GraduationReport_Nov2019.xlsx,2019 4-Year Cohort,SY18-19_GraduationReport_Nov2019.xlsx,2018 5-Year Grads
2018-2019,2018,2019,Ohio,64,Wheeling Park High School,wheeling park high school,501,64501,schoolid_64501,368,359,0.9755434782608695,0.9686,0.9831,0.9748,0.95,1.0,1.0,,1.0,1.0,1.0,0.8511,0.9,,,,338,324,0.9586,0.9220999999999999,0.9891,0.9516,1.0,1.0,1.0,1.0,1.0,0.0,0.0,0.7674,0.958,,,,SY18-19_GraduationReport_Nov2019.xlsx,2019 4-Year Cohort,SY18-19_GraduationReport_Nov2019.xlsx,2018 5-Year Grads
2018-2019,2018,2019,Pendleton,66,Pendleton County Middle/High School,pendleton county middle/high school,502,66502,schoolid_66502,60,60,1.0,1.0,1.0,1.0,1.0,,,,1.0,,,1.0,,,,,65,60,0.9231,0.9189,0.9286,0.9194,1.0,0.0,0.0,0.0,1.0,0.0,0.0,0.875,0.9048,,,,SY18-19_GraduationReport_Nov2019.xlsx,2019 4-Year Cohort,SY18-19_GraduationReport_Nov2019.xlsx,2018 5-Year Grads
2018-2019,2018,2019,Pleasants,67,St. Marys High School,st. marys high school,501,67501,schoolid_67501,89,86,0.9662921348314607,0.9534999999999999,0.9783,0.9647,,1.0,,,1.0,,,0.8462000000000001,0.9167000000000001,,,,111,106,0.955,0.9375,0.9787,0.9533,1.0,1.0,0.0,0.0,1.0,0.0,0.0,0.9545,0.9577,,,,SY18-19_GraduationReport_Nov2019.xlsx,2019 4-Year Cohort,SY18-19_GraduationReport_Nov2019.xlsx,2018 5-Year Grads
2018-2019,2018,2019,Pocahontas,69,Pocahontas County High School,pocahontas county high school,501,69501,schoolid_69501,80,75,0.9375,0.8864,1.0,0.9367,1.0,,,,,,,0.9333,1.0,,,,78,70,0.8974,0.9129999999999999,0.875,0.8974,0.0,0.0,0.0,0.0,0.0,0.0,0.0,0.7222,0.8974,,,,SY18-19_GraduationReport_Nov2019.xlsx,2019 4-Year Cohort,SY18-19_GraduationReport_Nov2019.xlsx,2018 5-Year Grads
2018-2019,2018,2019,Preston,70,Preston High School,preston high school,507,70507,schoolid_70507,273,249,0.912087912087912,0.9127,0.9116,0.9218999999999999,0.0,0.5,,,0.0,,,0.8269,0.7143,,,,296,262,0.8851,0.8675,0.9034,0.8862000000000001,1.0,0.5,1.0,0.0,0.0,0.0,0.0,0.7547,0.8231999999999999,,,,SY18-19_GraduationReport_Nov2019.xlsx,2019 4-Year Cohort,SY18-19_GraduationReport_Nov2019.xlsx,2018 5-Year Grads
2018-2019,2018,2019,Putnam,72,Buffalo High School,buffalo high school,505,72505,schoolid_72505,76,74,0.9736842105263157,0.9487000000000001,1.0,0.9737,,,,,,,,0.8571,,,,,90,89,0.9889,0.9804,1.0,0.9887999999999999,1.0,0.0,0.0,0.0,0.0,0.0,0.0,0.9333,1.0,,,,SY18-19_GraduationReport_Nov2019.xlsx,2019 4-Year Cohort,SY18-19_GraduationReport_Nov2019.xlsx,2018 5-Year Grads
2018-2019,2018,2019,Putnam,72,Hurricane High School,hurricane high school,510,72510,schoolid_72510,317,312,0.9842271293375394,0.9743999999999999,0.9937999999999999,0.9834,1.0,1.0,1.0,,,,1.0,0.9153,1.0,,,,324,318,0.9815,0.9754999999999999,0.9876,0.9831,1.0,1.0,1.0,0.0,0.6667000000000001,0.0,0.0,0.94,0.9671,,,,SY18-19_GraduationReport_Nov2019.xlsx,2019 4-Year Cohort,SY18-19_GraduationReport_Nov2019.xlsx,2018 5-Year Grads
2018-2019,2018,2019,Putnam,72,Poca High School,poca high school,515,72515,schoolid_72515,129,120,0.9302325581395349,0.8870999999999999,0.9701000000000001,0.9359999999999999,0.0,1.0,,,,,,0.8,1.0,,,,124,118,0.9516,0.9473999999999999,0.9551999999999999,0.9587,1.0,1.0,0.0,0.0,0.0,0.0,1.0,0.8636,0.9301999999999999,,,,SY18-19_GraduationReport_Nov2019.xlsx,2019 4-Year Cohort,SY18-19_GraduationReport_Nov2019.xlsx,2018 5-Year Grads
2018-2019,2018,2019,Putnam,72,Winfield High School,winfield high school,520,72520,schoolid_72520,203,195,0.9605911330049259,0.9429000000000001,0.9795999999999999,0.9582999999999999,1.0,1.0,1.0,,1.0,1.0,,0.8537,1.0,,,,214,206,0.9626,0.9752,0.9462,0.9662999999999999,0.5,1.0,1.0,0.0,0.0,0.0,1.0,0.8205,0.9176000000000001,,,,SY18-19_GraduationReport_Nov2019.xlsx,2019 4-Year Cohort,SY18-19_GraduationReport_Nov2019.xlsx,2018 5-Year Grads
2018-2019,2018,2019,Raleigh,74,Independence High School,independence high school,502,74502,schoolid_74502,153,121,0.7908496732026145,0.7412000000000001,0.8529000000000001,0.8027,0.6667000000000001,1.0,,,0.0,,,0.55,0.8,,,,169,146,0.8639,0.8131999999999999,0.9231,0.858,1.0,1.0,0.0,0.0,1.0,0.0,0.0,0.6315999999999999,0.8268000000000001,,,,SY18-19_GraduationReport_Nov2019.xlsx,2019 4-Year Cohort,SY18-19_GraduationReport_Nov2019.xlsx,2018 5-Year Grads
2018-2019,2018,2019,Raleigh,74,Liberty High School,liberty high school,503,74503,schoolid_74503,124,112,0.9032258064516128,0.8387,0.9677,0.9138,1.0,1.0,,,0.5,,,0.6,1.0,,,,144,134,0.9306,0.9167000000000001,0.9444,0.9353,1.0,0.0,0.0,0.0,0.0,0.0,0.0,0.7646999999999999,0.9009999999999999,,,,SY18-19_GraduationReport_Nov2019.xlsx,2019 4-Year Cohort,SY18-19_GraduationReport_Nov2019.xlsx,2018 5-Year Grads
2018-2019,2018,2019,Raleigh,74,Shady Spring High,shady spring high,505,74505,schoolid_74505,209,192,0.9186602870813395,0.9074,0.9307,0.9216,0.0,1.0,1.0,,1.0,,,0.6818000000000001,0.9286,,,,175,154,0.88,0.8652,0.8953,0.8786,1.0,0.0,0.0,0.0,1.0,0.0,0.0,0.76,0.8223999999999999,,,,SY18-19_GraduationReport_Nov2019.xlsx,2019 4-Year Cohort,SY18-19_GraduationReport_Nov2019.xlsx,2018 5-Year Grads
2018-2019,2018,2019,Raleigh,74,Woodrow Wilson High School,woodrow wilson high school,506,74506,schoolid_74506,295,255,0.864406779661017,0.8181999999999999,0.8966,0.8523999999999999,0.9037999999999999,0.875,1.0,1.0,0.8421,,1.0,0.7037,0.3636,,,,345,277,0.8029000000000001,0.7333,0.8787999999999999,0.7976000000000001,0.7778,1.0,1.0,1.0,0.8421,1.0,0.0,0.6364,0.7249,,,,SY18-19_GraduationReport_Nov2019.xlsx,2019 4-Year Cohort,SY18-19_GraduationReport_Nov2019.xlsx,2018 5-Year Grads
2018-2019,2018,2019,Randolph,75,Elkins High School,elkins high school,504,75504,schoolid_75504,207,201,0.9710144927536232,0.9615,0.9709,0.965,1.0,1.0,1.0,,1.0,,1.0,0.8519,1.0,,,,209,195,0.9329999999999999,0.9196,0.9484999999999999,0.9359999999999999,1.0,0.0,1.0,1.0,1.0,0.0,0.0,0.72,0.9317,,,,SY18-19_GraduationReport_Nov2019.xlsx,2019 4-Year Cohort,SY18-19_GraduationReport_Nov2019.xlsx,2018 5-Year Grads
2018-2019,2018,2019,Randolph,75,Harman Elementary/High School,harman elementary/high school,102,75102,schoolid_75102,,,1.0,1.0,1.0,1.0,,,,,,,,1.0,,,,,,,1.0,1.0,1.0,1.0,1.0,0.0,0.0,0.0,0.0,0.0,0.0,1.0,1.0,,,,SY18-19_GraduationReport_Nov2019.xlsx,2019 4-Year Cohort,SY18-19_GraduationReport_Nov2019.xlsx,2018 5-Year Grads
2018-2019,2018,2019,Randolph,75,Pickens Elementary/High School,pickens elementary/high school,103,75103,schoolid_75103,,,1.0,1.0,1.0,1.0,,,,,,,,1.0,,,,,,,0.8,1.0,0.75,0.8,0.0,0.0,0.0,0.0,0.0,0.0,0.0,0.0,0.8,,,,SY18-19_GraduationReport_Nov2019.xlsx,2019 4-Year Cohort,SY18-19_GraduationReport_Nov2019.xlsx,2018 5-Year Grads
2018-2019,2018,2019,Randolph,75,Tygarts Valley Middle/High School,tygarts valley middle/high school,503,75503,schoolid_75503,69,67,0.9710144927536232,0.9444,1.0,0.9853000000000001,,0.0,,,,,,1.0,1.0,,,,63,58,0.9206,0.9697,0.8667,0.9179999999999999,0.0,1.0,0.0,1.0,0.0,0.0,0.0,0.7857,0.9206,,,,SY18-19_GraduationReport_Nov2019.xlsx,2019 4-Year Cohort,SY18-19_GraduationReport_Nov2019.xlsx,2018 5-Year Grads
2018-2019,2018,2019,Ritchie,77,Ritchie County High School,ritchie county high school,501,77501,schoolid_77501,94,88,0.9361702127659577,0.96,0.9091,0.9355,,1.0,,,,,,0.8,0.8571,,,,94,88,0.9362,0.9048,0.9615,0.9348000000000001,1.0,1.0,0.0,0.0,0.0,0.0,0.0,0.5556,0.9016,,,,SY18-19_GraduationReport_Nov2019.xlsx,2019 4-Year Cohort,SY18-19_GraduationReport_Nov2019.xlsx,2018 5-Year Grads
2018-2019,2018,2019,Roane,79,Roane County High,roane county high,503,79503,schoolid_79503,128,115,0.8984375,0.8946999999999999,0.9037999999999999,0.9098,,1.0,0.5,0.5,1.0,,,0.6957,0.8571,,,,173,154,0.8902,0.8181999999999999,0.9647,0.8895000000000001,0.0,0.0,1.0,0.0,0.0,0.0,0.0,0.8,0.8739,,,,SY18-19_GraduationReport_Nov2019.xlsx,2019 4-Year Cohort,SY18-19_GraduationReport_Nov2019.xlsx,2018 5-Year Grads
2018-2019,2018,2019,Summers,81,Summers County High School,summers county high school,502,81502,schoolid_81502,106,96,0.9056603773584907,0.898,0.9123,0.91,1.0,0.6667000000000001,,,1.0,,,0.85,0.0,,,,103,91,0.8835,0.8845999999999999,0.8824,0.883,0.8332999999999999,1.0,0.0,0.0,1.0,0.0,0.0,0.5333,0.8835,,,,SY18-19_GraduationReport_Nov2019.xlsx,2019 4-Year Cohort,SY18-19_GraduationReport_Nov2019.xlsx,2018 5-Year Grads
2018-2019,2018,2019,Taylor,83,Grafton High School,grafton high school,502,83502,schoolid_83502,138,126,0.9130434782608695,0.9091,0.9179999999999999,0.9104000000000001,1.0,1.0,,,1.0,,,0.6667000000000001,1.0,,,,147,138,0.9388,0.9220999999999999,0.9571,0.9384,1.0,0.0,0.0,0.0,0.0,0.0,0.0,0.7619,0.8916,,,,SY18-19_GraduationReport_Nov2019.xlsx,2019 4-Year Cohort,SY18-19_GraduationReport_Nov2019.xlsx,2018 5-Year Grads
2018-2019,2018,2019,Tucker,84,Tucker County High School,tucker county high school,501,84501,schoolid_84501,72,67,0.9305555555555556,0.975,0.875,0.9286,1.0,,,,,,,0.8,0.3333,,,,84,80,0.9523999999999999,0.9148999999999999,1.0,0.9494,1.0,1.0,1.0,0.0,1.0,0.0,0.0,0.8571,0.9298000000000001,,,,SY18-19_GraduationReport_Nov2019.xlsx,2019 4-Year Cohort,SY18-19_GraduationReport_Nov2019.xlsx,2018 5-Year Grads
2018-2019,2018,2019,Tyler,85,Tyler Consolidated High School,tyler consolidated high school,503,85503,schoolid_85503,87,81,0.9310344827586207,0.9534999999999999,0.9091,0.9405,,,,1.0,0.5,,,0.8462000000000001,1.0,,,,102,99,0.9706,1.0,0.9375,0.9697,1.0,0.0,1.0,0.0,0.0,0.0,1.0,1.0,0.9434,,,,SY18-19_GraduationReport_Nov2019.xlsx,2019 4-Year Cohort,SY18-19_GraduationReport_Nov2019.xlsx,2018 5-Year Grads
2018-2019,2018,2019,Upshur,87,Buckhannon Upshur High School,buckhannon upshur high school,501,87501,schoolid_87501,269,243,0.9033457249070632,0.8767,0.935,0.9112,0.6667000000000001,0.6667000000000001,1.0,,,,,0.8,0.75,,,,240,207,0.8625,0.8029999999999999,0.9351999999999999,0.8602,1.0,1.0,0.0,0.0,1.0,0.0,0.0,0.675,0.8661,,,,SY18-19_GraduationReport_Nov2019.xlsx,2019 4-Year Cohort,SY18-19_GraduationReport_Nov2019.xlsx,2018 5-Year Grads
2018-2019,2018,2019,Wayne,89,Spring Valley High School,spring valley high school,508,89508,schoolid_89508,245,209,0.8530612244897959,0.8473,0.8509,0.85,1.0,0.6667000000000001,1.0,,,,,0.7805,0.8,,,,279,250,0.8961,0.85,0.9423999999999999,0.9033,0.6667000000000001,1.0,0.5,0.0,0.0,0.0,1.0,0.7674,0.8961,,,,SY18-19_GraduationReport_Nov2019.xlsx,2019 4-Year Cohort,SY18-19_GraduationReport_Nov2019.xlsx,2018 5-Year Grads
2018-2019,2018,2019,Wayne,89,Tolsia High School,tolsia high school,507,89507,schoolid_89507,102,94,0.9215686274509803,0.8845999999999999,0.96,0.92,1.0,1.0,,,,,,0.9231,0.9231,,,,100,89,0.89,0.8845999999999999,0.8957999999999999,0.8878,1.0,1.0,0.0,0.0,0.0,0.0,1.0,0.6923,0.89,,,,SY18-19_GraduationReport_Nov2019.xlsx,2019 4-Year Cohort,SY18-19_GraduationReport_Nov2019.xlsx,2018 5-Year Grads
2018-2019,2018,2019,Wayne,89,Wayne High School,wayne high school,506,89506,schoolid_89506,178,147,0.8258426966292134,0.8181999999999999,0.8354,0.8295,1.0,,,,0.0,,,0.6537999999999999,,,,,166,142,0.8554,0.8763,0.8261,0.8589,0.6667000000000001,0.0,0.0,0.0,0.0,0.0,0.0,0.8571,0.8545,,,,SY18-19_GraduationReport_Nov2019.xlsx,2019 4-Year Cohort,SY18-19_GraduationReport_Nov2019.xlsx,2018 5-Year Grads
2018-2019,2018,2019,Webster,91,Webster County High School,webster county high school,501,91501,schoolid_91501,110,103,0.9363636363636364,0.95,0.92,0.9346,1.0,,,,1.0,,,0.9167000000000001,0.5,,,,102,97,0.951,0.9309999999999999,0.9773000000000001,0.95,1.0,0.0,0.0,0.0,0.0,0.0,0.0,0.8125,0.9505,,,,SY18-19_GraduationReport_Nov2019.xlsx,2019 4-Year Cohort,SY18-19_GraduationReport_Nov2019.xlsx,2018 5-Year Grads
2018-2019,2018,2019,Wetzel,92,Hundred High School,hundred high school,501,92501,schoolid_92501,23,22,0.9565217391304348,0.9167000000000001,1.0,0.9523999999999999,1.0,1.0,,,,,1.0,1.0,,,,,22,19,0.8636,0.75,1.0,0.8636,0.0,0.0,0.0,0.0,0.0,0.0,0.0,0.6667000000000001,0.8636,,,,SY18-19_GraduationReport_Nov2019.xlsx,2019 4-Year Cohort,SY18-19_GraduationReport_Nov2019.xlsx,2018 5-Year Grads
2018-2019,2018,2019,Wetzel,92,Magnolia High School,magnolia high school,502,92502,schoolid_92502,99,92,0.9292929292929292,0.9434,0.9129999999999999,0.9375,0.0,,,,1.0,,1.0,0.8,1.0,,,,87,84,0.9655,0.98,0.9459000000000001,0.9643,1.0,1.0,0.0,0.0,0.0,0.0,1.0,0.8571,0.9655,,,,SY18-19_GraduationReport_Nov2019.xlsx,2019 4-Year Cohort,SY18-19_GraduationReport_Nov2019.xlsx,2018 5-Year Grads
2018-2019,2018,2019,Wetzel,92,Paden City High School,paden city high school,503,92503,schoolid_92503,28,27,0.9642857142857144,0.9412,1.0,0.9643,,,,,,,,1.0,1.0,,,,35,35,1.0,1.0,1.0,1.0,0.0,0.0,0.0,0.0,0.0,0.0,0.0,1.0,1.0,,,,SY18-19_GraduationReport_Nov2019.xlsx,2019 4-Year Cohort,SY18-19_GraduationReport_Nov2019.xlsx,2018 5-Year Grads
2018-2019,2018,2019,Wetzel,92,Valley High School,valley high school,504,92504,schoolid_92504,36,34,0.9444444444444444,0.9048,1.0,0.9429000000000001,,1.0,,,,,,0.8889,,,,,46,45,0.9783,0.96,1.0,0.9783,0.0,0.0,0.0,0.0,0.0,0.0,0.0,1.0,0.9783,,,,SY18-19_GraduationReport_Nov2019.xlsx,2019 4-Year Cohort,SY18-19_GraduationReport_Nov2019.xlsx,2018 5-Year Grads
2018-2019,2018,2019,Wirt,94,Wirt County High School,wirt county high school,501,94501,schoolid_94501,52,46,0.8846153846153846,0.9,0.8636,0.8824,,1.0,,,,,,1.0,0.8,,,,81,70,0.8642,0.8462000000000001,0.8809999999999999,0.8642,0.0,0.0,0.0,0.0,0.0,0.0,0.0,0.4286,0.8642,,,,SY18-19_GraduationReport_Nov2019.xlsx,2019 4-Year Cohort,SY18-19_GraduationReport_Nov2019.xlsx,2018 5-Year Grads
2018-2019,2018,2019,Wood,96,Parkersburg High School,parkersburg high school,501,96501,schoolid_96501,381,330,0.8661417322834646,0.8271,0.9162,0.8702,0.8571,0.6667000000000001,1.0,,0.7333,1.0,1.0,0.6957,0.5,,,,421,364,0.8645999999999999,0.8393,0.8934000000000001,0.8721,0.6429,1.0,1.0,0.0,0.8,1.0,0.0,0.7726999999999999,0.7866,,,,SY18-19_GraduationReport_Nov2019.xlsx,2019 4-Year Cohort,SY18-19_GraduationReport_Nov2019.xlsx,2018 5-Year Grads
2018-2019,2018,2019,Wood,96,Parkersburg South High School,parkersburg south high school,502,96502,schoolid_96502,349,327,0.9369627507163324,0.9337000000000001,0.9345,0.9366,1.0,0.75,1.0,,0.8571,,1.0,0.8571,0.8,,,,369,334,0.9051,0.875,0.9379000000000001,0.9063,1.0,0.5,1.0,1.0,1.0,0.0,0.5,0.7021,0.8564,,,,SY18-19_GraduationReport_Nov2019.xlsx,2019 4-Year Cohort,SY18-19_GraduationReport_Nov2019.xlsx,2018 5-Year Grads
2018-2019,2018,2019,Wood,96,Williamstown High School,williamstown high school,503,96503,schoolid_96503,105,100,0.9523809523809524,0.9388,0.9643,0.951,,1.0,,1.0,1.0,,,0.9,0.0,,,,92,88,0.9565,0.9268000000000001,0.9804,0.9565,0.0,0.0,0.0,0.0,0.0,0.0,0.0,0.8667,0.9429000000000001,,,,SY18-19_GraduationReport_Nov2019.xlsx,2019 4-Year Cohort,SY18-19_GraduationReport_Nov2019.xlsx,2018 5-Year Grads
2018-2019,2018,2019,Wyoming,98,Westside High School,westside high school,508,98508,schoolid_98508,150,142,0.9466666666666669,0.9277,0.9551999999999999,0.9451999999999999,0.5,1.0,,,1.0,,,0.9031999999999999,0.0,,,,157,144,0.9172,0.9301999999999999,0.9014,0.9161,1.0,0.0,0.0,0.0,0.0,0.0,0.0,0.9714,0.9172,,,,SY18-19_GraduationReport_Nov2019.xlsx,2019 4-Year Cohort,SY18-19_GraduationReport_Nov2019.xlsx,2018 5-Year Grads
2018-2019,2018,2019,Wyoming,98,Wyoming County East High School,wyoming county east high school,507,98507,schoolid_98507,125,114,0.912,0.8551000000000001,0.9821,0.9179999999999999,0.5,1.0,,,,,,0.8261,0.6154,,,,131,121,0.9237000000000001,0.8815999999999999,0.9818000000000001,0.9237000000000001,0.0,0.0,0.0,0.0,0.0,0.0,0.0,0.7619,0.9231,,,,SY18-19_GraduationReport_Nov2019.xlsx,2019 4-Year Cohort,SY18-19_GraduationReport_Nov2019.xlsx,2018 5-Year Grads
2019-2020,2019,2020,Barbour,2,Philip Barbour High School Complex,philip barbour high school complex,501,2501,schoolid_2501,156,152,0.9743999999999999,0.9878,0.9595,0.9726,1.0,1.0,,1.0,1.0,,,0.9231,0.9459000000000001,,,,146,140,0.9589,0.9615,0.9559000000000001,0.963,1.0,1.0,,,1.0,,,0.9129999999999999,0.871,,,,SY19-20_GraduationReport_Final.xlsx,2020 4-Year Cohort,SY19-20_GraduationReport_Final.xlsx,2019 5-Year Cohort
2019-2020,2019,2020,Berkeley,4,Hedgesville High School,hedgesville high school,501,4501,schoolid_4501,323,305,0.9443,0.9240999999999999,0.9636,0.9542,0.8332999999999999,1.0,1.0,1.0,0.7778,1.0,1.0,0.8913,0.9109999999999999,,,,317,303,0.9558,0.9581000000000001,0.9533,0.9562999999999999,0.9706,0.9582999999999999,1.0,,0.75,,0.875,0.7872,0.8332999999999999,,,,SY19-20_GraduationReport_Final.xlsx,2020 4-Year Cohort,SY19-20_GraduationReport_Final.xlsx,2019 5-Year Cohort
2019-2020,2019,2020,Berkeley,4,Martinsburg High School,martinsburg high school,502,4502,schoolid_4502,324,299,0.9228000000000001,0.892,0.9595,0.9170999999999999,0.9,0.9512,1.0,,0.9412,1.0,0.9333,0.7646999999999999,0.8844,,,,321,293,0.9128000000000001,0.9,0.9272,0.9129999999999999,0.9483,0.9091,1.0,,0.8,1.0,1.0,0.8226,0.8222,,,,SY19-20_GraduationReport_Final.xlsx,2020 4-Year Cohort,SY19-20_GraduationReport_Final.xlsx,2019 5-Year Cohort
2019-2020,2019,2020,Berkeley,4,Musselman High School,musselman high school,503,4503,schoolid_4503,413,404,0.9782,0.9859,0.97,0.9773000000000001,1.0,1.0,1.0,,1.0,,1.0,0.9265000000000001,0.9641,,,,380,374,0.9842,0.9695,1.0,0.988,0.9523999999999999,0.9231,1.0,,1.0,,1.0,0.9,0.9756,,,,SY19-20_GraduationReport_Final.xlsx,2020 4-Year Cohort,SY19-20_GraduationReport_Final.xlsx,2019 5-Year Cohort
2019-2020,2019,2020,Berkeley,4,Spring Mills High School,spring mills high school,504,4504,schoolid_4504,317,303,0.9558,0.9423,0.9689,0.9562999999999999,0.9615,1.0,1.0,1.0,0.8824,1.0,1.0,0.9129999999999999,0.9353,,,,319,308,0.9655,0.9394,0.9934999999999999,0.9721,0.9394,0.9129999999999999,1.0,,1.0,,1.0,0.8108,0.9473999999999999,,,,SY19-20_GraduationReport_Final.xlsx,2020 4-Year Cohort,SY19-20_GraduationReport_Final.xlsx,2019 5-Year Cohort
2019-2020,2019,2020,Boone,6,Scott High School,scott high school,501,6501,schoolid_6501,131,120,0.9159999999999999,0.9067000000000001,0.9286,0.9213,1.0,,,,,,,0.8181999999999999,0.8831,,,,168,153,0.9107,0.8556999999999999,0.9859,0.9096,1.0,,,,,,,,0.8,,,,SY19-20_GraduationReport_Final.xlsx,2020 4-Year Cohort,SY19-20_GraduationReport_Final.xlsx,2019 5-Year Cohort
2019-2020,2019,2020,Boone,6,Sherman High School,sherman high school,502,6502,schoolid_6502,118,109,0.9237000000000001,0.9,0.9483,0.9224,1.0,,,,,,,0.8181999999999999,0.8873000000000001,,,,103,96,0.932,0.9231,0.9412,0.93,1.0,,1.0,,,,,0.9,0.85,,,,SY19-20_GraduationReport_Final.xlsx,2020 4-Year Cohort,SY19-20_GraduationReport_Final.xlsx,2019 5-Year Cohort
2019-2020,2019,2020,Boone,6,Van Junior/Senior High School,van junior/senior high school,503,6503,schoolid_6503,30,27,0.9,0.9333,0.8667,0.9,,,,,,,,1.0,0.8,,,,38,33,0.8684000000000001,0.75,1.0,0.8684000000000001,,,,,,,,,0.75,,,,SY19-20_GraduationReport_Final.xlsx,2020 4-Year Cohort,SY19-20_GraduationReport_Final.xlsx,2019 5-Year Cohort
2019-2020,2019,2020,Braxton,8,Braxton County High School,braxton county high school,501,8501,schoolid_8501,141,136,0.9645,0.9863,0.9412,0.963,,1.0,1.0,,1.0,,,0.8125,0.9473999999999999,,,,120,116,0.9667,0.9483,0.9839,0.9664,,,,,1.0,,,0.8946999999999999,0.8695999999999999,,,,SY19-20_GraduationReport_Final.xlsx,2020 4-Year Cohort,SY19-20_GraduationReport_Final.xlsx,2019 5-Year Cohort
2019-2020,2019,2020,Brooke,10,Brooke High School,brooke high school,502,10502,schoolid_10502,193,184,0.9534,0.9505,0.9565,0.9514,1.0,1.0,,,1.0,,,0.8649,0.9111,,,,202,196,0.9703,0.9706,0.97,0.9738,,1.0,1.0,1.0,0.8,1.0,,0.8571,0.9129999999999999,,,,SY19-20_GraduationReport_Final.xlsx,2020 4-Year Cohort,SY19-20_GraduationReport_Final.xlsx,2019 5-Year Cohort
2019-2020,2019,2020,Cabell,12,Cabell Midland High School,cabell midland high school,550,12550,schoolid_12550,458,428,0.9345,0.9024,0.9717,0.935,1.0,1.0,1.0,,0.875,,1.0,0.8772,0.8691,,,,482,456,0.9460999999999999,0.9315000000000001,0.9615,0.9498000000000001,0.6,1.0,1.0,,0.9091,,1.0,0.7833,0.8793000000000001,,,,SY19-20_GraduationReport_Final.xlsx,2020 4-Year Cohort,SY19-20_GraduationReport_Final.xlsx,2019 5-Year Cohort
2019-2020,2019,2020,Cabell,12,Huntington High School,huntington high school,560,12560,schoolid_12560,411,354,0.8613,0.8493,0.875,0.8562000000000001,0.9216,0.7778,1.0,,0.8484999999999999,,1.0,0.7807999999999999,0.8081,,,,434,364,0.8387,0.7990999999999999,0.885,0.8379000000000001,0.8245999999999999,1.0,1.0,,0.8462000000000001,,1.0,0.7206,0.6386,,,,SY19-20_GraduationReport_Final.xlsx,2020 4-Year Cohort,SY19-20_GraduationReport_Final.xlsx,2019 5-Year Cohort
2019-2020,2019,2020,Calhoun,14,Calhoun Middle/High School,calhoun middle/high school,501,14501,schoolid_14501,93,89,0.9570000000000001,0.9565,0.9573999999999999,0.9673999999999999,,,,,,,,0.875,0.9333,,,,80,77,0.9625,0.9189,1.0,0.9620000000000001,,1.0,,,,,,0.9333,0.9545,,,,SY19-20_GraduationReport_Final.xlsx,2020 4-Year Cohort,SY19-20_GraduationReport_Final.xlsx,2019 5-Year Cohort
2019-2020,2019,2020,Clay,16,Clay County High School,clay county high school,501,16501,schoolid_16501,109,103,0.945,0.9545,0.9301999999999999,0.9537,,,,,,,,0.9333,0.9487000000000001,,,,129,113,0.8759999999999999,0.9242,0.8254,0.8759999999999999,,,,,,,,0.8,0.9473999999999999,,,,SY19-20_GraduationReport_Final.xlsx,2020 4-Year Cohort,SY19-20_GraduationReport_Final.xlsx,2019 5-Year Cohort
2019-2020,2019,2020,Doddridge,18,Doddridge County High School,doddridge county high school,501,18501,schoolid_18501,78,78,1.0,1.0,1.0,1.0,,1.0,,,,,,1.0,1.0,,,,72,71,0.9861,1.0,0.9655,0.9853000000000001,1.0,,,1.0,1.0,,,1.0,1.0,,,,SY19-20_GraduationReport_Final.xlsx,2020 4-Year Cohort,SY19-20_GraduationReport_Final.xlsx,2019 5-Year Cohort
2019-2020,2019,2020,Fayette,20,Meadow Bridge High,meadow bridge high,503,20503,schoolid_20503,26,26,1.0,1.0,1.0,1.0,,,,,,,,1.0,1.0,,,,44,40,0.9091,0.8695999999999999,0.9523999999999999,0.9091,,,,,,,,,0.625,,,,SY19-20_GraduationReport_Final.xlsx,2020 4-Year Cohort,SY19-20_GraduationReport_Final.xlsx,2019 5-Year Cohort
2019-2020,2019,2020,Fayette,20,Midland Trail High,midland trail high,504,20504,schoolid_20504,89,87,0.9775,1.0,0.9545,0.9773000000000001,1.0,,,,,,,1.0,0.9473999999999999,,,,88,84,0.9545,0.9362,0.9756,0.9540000000000001,,,,,1.0,,,0.9091,0.875,,,,SY19-20_GraduationReport_Final.xlsx,2020 4-Year Cohort,SY19-20_GraduationReport_Final.xlsx,2019 5-Year Cohort
2019-2020,2019,2020,Fayette,20,Oak Hill High,oak hill high,506,20506,schoolid_20506,273,240,0.8791,0.8543000000000001,0.9098,0.8776,1.0,1.0,1.0,,,,,0.8234999999999999,0.8393,,,,219,183,0.8356,0.8125,0.8598,0.8187000000000001,0.9048,1.0,,,0.875,,,0.75,0.7273000000000001,,,,SY19-20_GraduationReport_Final.xlsx,2020 4-Year Cohort,SY19-20_GraduationReport_Final.xlsx,2019 5-Year Cohort
2019-2020,2019,2020,Gilmer,22,Gilmer County High School,gilmer county high school,501,22501,schoolid_22501,52,47,0.9037999999999999,0.9167000000000001,0.8929,0.9,,,1.0,,1.0,,,,0.8276,,,,62,57,0.9194,0.9167000000000001,0.9231,0.9167000000000001,1.0,,,,1.0,,,1.0,1.0,,,,SY19-20_GraduationReport_Final.xlsx,2020 4-Year Cohort,SY19-20_GraduationReport_Final.xlsx,2019 5-Year Cohort
2019-2020,2019,2020,Grant,24,Petersburg High School,petersburg high school,501,24501,schoolid_24501,,,0.9346,0.9573999999999999,0.9167000000000001,0.934,,1.0,,,,,1.0,0.8667,0.8889,,,,,,0.9386,0.9091,0.9792000000000001,0.9364,1.0,1.0,,,1.0,,,0.8695999999999999,0.8889,,,,SY19-20_GraduationReport_Final.xlsx,2020 4-Year Cohort,SY19-20_GraduationReport_Final.xlsx,2019 5-Year Cohort
2019-2020,2019,2020,Grant,24,Union Educational Complex,union educational complex,101,24101,schoolid_24101,,,1.0,1.0,1.0,1.0,,,,,,,,1.0,1.0,,,,,,0.8889,0.8571,1.0,0.8889,,,,,,,,0.6667000000000001,1.0,,,,SY19-20_GraduationReport_Final.xlsx,2020 4-Year Cohort,SY19-20_GraduationReport_Final.xlsx,2019 5-Year Cohort
2019-2020,2019,2020,Greenbrier,26,Greenbrier East High School,greenbrier east high school,501,26501,schoolid_26501,263,251,0.9544,0.9612,0.9478,0.9590000000000001,0.7143,1.0,1.0,,1.0,,1.0,0.8913,0.9268000000000001,,,,279,258,0.9247,0.9174,0.9304000000000001,0.9328,0.8332999999999999,0.8571,1.0,,0.8,,0.6667000000000001,0.7707999999999999,0.9031999999999999,,,,SY19-20_GraduationReport_Final.xlsx,2020 4-Year Cohort,SY19-20_GraduationReport_Final.xlsx,2019 5-Year Cohort
2019-2020,2019,2020,Greenbrier,26,Greenbrier West High School,greenbrier west high school,502,26502,schoolid_26502,85,78,0.9176000000000001,0.9,0.9333,0.925,1.0,,,,0.6667000000000001,,,1.0,0.8814,,,,97,87,0.8969,0.902,0.8913,0.9,1.0,,,1.0,1.0,,,0.7222,0.8181999999999999,,,,SY19-20_GraduationReport_Final.xlsx,2020 4-Year Cohort,SY19-20_GraduationReport_Final.xlsx,2019 5-Year Cohort
2019-2020,2019,2020,Hampshire,28,Hampshire Senior High School,hampshire senior high school,501,28501,schoolid_28501,234,201,0.8590000000000001,0.807,0.9083,0.8628,,1.0,,,0.6667000000000001,,,0.7358,0.7619,,,,236,201,0.8517,0.8506999999999999,0.8529000000000001,0.8504,1.0,,,,,,,0.6667000000000001,0.8125,,,,SY19-20_GraduationReport_Final.xlsx,2020 4-Year Cohort,SY19-20_GraduationReport_Final.xlsx,2019 5-Year Cohort
2019-2020,2019,2020,Hancock,29,Oak Glen High School,oak glen high school,501,29501,schoolid_29501,140,134,0.9571,0.9138,0.9878,0.9562,1.0,,,,,,,0.8966,0.9077,,,,129,124,0.9612,0.9342,1.0,0.9682999999999999,0.6667000000000001,,,,,,,0.8261,1.0,,,,SY19-20_GraduationReport_Final.xlsx,2020 4-Year Cohort,SY19-20_GraduationReport_Final.xlsx,2019 5-Year Cohort
2019-2020,2019,2020,Hancock,29,Weir High School,weir high school,502,29502,schoolid_29502,157,147,0.9362999999999999,0.956,0.9091,0.9440999999999999,0.7778,1.0,,,1.0,,,0.875,0.8571,,,,162,154,0.9506,0.9512,0.95,0.9521,0.8889,1.0,1.0,,1.0,,1.0,0.8,1.0,,,,SY19-20_GraduationReport_Final.xlsx,2020 4-Year Cohort,SY19-20_GraduationReport_Final.xlsx,2019 5-Year Cohort
2019-2020,2019,2020,Hardy,31,East Hardy High School,east hardy high school,501,31501,schoolid_31501,43,42,0.9767,1.0,0.9523999999999999,0.9767,,,,,,,,1.0,0.95,,,,66,62,0.9394,0.9091,0.9697,0.9365000000000001,1.0,1.0,,,1.0,,,0.8,1.0,,,,SY19-20_GraduationReport_Final.xlsx,2020 4-Year Cohort,SY19-20_GraduationReport_Final.xlsx,2019 5-Year Cohort
2019-2020,2019,2020,Hardy,31,Moorefield High School,moorefield high school,502,31502,schoolid_31502,103,98,0.9515,0.9298000000000001,0.9783,0.956,1.0,1.0,1.0,,0.6667000000000001,,1.0,0.9333,0.92,,,,95,88,0.9262999999999999,0.9787,0.875,0.9326000000000001,0.8,1.0,,,,,1.0,0.6923,1.0,,,,SY19-20_GraduationReport_Final.xlsx,2020 4-Year Cohort,SY19-20_GraduationReport_Final.xlsx,2019 5-Year Cohort
2019-2020,2019,2020,Harrison,33,Bridgeport High School,bridgeport high school,501,33501,schoolid_33501,181,180,0.9945,0.9898,1.0,0.9941,1.0,1.0,1.0,,1.0,,1.0,0.9565,0.9706,,,,213,210,0.9859,0.9911,0.9802,0.985,1.0,1.0,1.0,,1.0,,,0.88,0.8889,,,,SY19-20_GraduationReport_Final.xlsx,2020 4-Year Cohort,SY19-20_GraduationReport_Final.xlsx,2019 5-Year Cohort
2019-2020,2019,2020,Harrison,33,Liberty High School,liberty high school,502,33502,schoolid_33502,133,129,0.9699,0.9531000000000001,0.9854999999999999,0.9692000000000001,1.0,1.0,,,,,1.0,0.9268000000000001,0.9451999999999999,,,,118,114,0.9661,0.9481,1.0,0.9645999999999999,1.0,,,,1.0,,,0.875,0.9412,,,,SY19-20_GraduationReport_Final.xlsx,2020 4-Year Cohort,SY19-20_GraduationReport_Final.xlsx,2019 5-Year Cohort
2019-2020,2019,2020,Harrison,33,Lincoln High School,lincoln high school,503,33503,schoolid_33503,123,123,1.0,1.0,1.0,1.0,1.0,,,,1.0,,,1.0,1.0,,,,152,137,0.9013,0.88,0.9220999999999999,0.9,,1.0,,,,,,0.7353000000000001,0.7646999999999999,,,,SY19-20_GraduationReport_Final.xlsx,2020 4-Year Cohort,SY19-20_GraduationReport_Final.xlsx,2019 5-Year Cohort
2019-2020,2019,2020,Harrison,33,Robert C Byrd High School,robert c byrd high school,506,33506,schoolid_33506,165,160,0.9697,0.9595,0.978,0.9732,1.0,1.0,,,0.6667000000000001,,1.0,0.9362,0.9620000000000001,,,,194,168,0.866,0.8316,0.899,0.8681,0.8,,,,1.0,,,0.6175999999999999,0.85,,,,SY19-20_GraduationReport_Final.xlsx,2020 4-Year Cohort,SY19-20_GraduationReport_Final.xlsx,2019 5-Year Cohort
2019-2020,2019,2020,Harrison,33,South Harrison High School,south harrison high school,505,33505,schoolid_33505,77,73,0.9481,0.9582999999999999,0.9309999999999999,0.9467,1.0,,,,1.0,,,0.8462000000000001,0.8571,,,,84,81,0.9643,0.9792000000000001,0.9444,0.963,1.0,,,1.0,,,,0.9091,1.0,,,,SY19-20_GraduationReport_Final.xlsx,2020 4-Year Cohort,SY19-20_GraduationReport_Final.xlsx,2019 5-Year Cohort
2019-2020,2019,2020,Jackson,35,Ravenswood High School,ravenswood high school,501,35501,schoolid_35501,109,104,0.9541,0.95,0.9592,0.9541,,,,,,,,0.9444,0.9074,,,,102,93,0.9118,0.8462000000000001,0.98,0.9109,1.0,,,,,,,0.8,0.8181999999999999,,,,SY19-20_GraduationReport_Final.xlsx,2020 4-Year Cohort,SY19-20_GraduationReport_Final.xlsx,2019 5-Year Cohort
2019-2020,2019,2020,Jackson,35,Ripley High School,ripley high school,502,35502,schoolid_35502,211,190,0.9005,0.9123,0.8865999999999999,0.8981,1.0,1.0,1.0,,,,,0.6667000000000001,0.8190999999999999,,,,213,197,0.9248999999999999,0.8793000000000001,0.9793999999999999,0.9231,1.0,1.0,,,1.0,,,0.875,0.7143,,,,SY19-20_GraduationReport_Final.xlsx,2020 4-Year Cohort,SY19-20_GraduationReport_Final.xlsx,2019 5-Year Cohort
2019-2020,2019,2020,Jefferson,37,Jefferson High School,jefferson high school,501,37501,schoolid_37501,385,349,0.9065000000000001,0.9076000000000001,0.9055,0.9027,0.8621,0.9031999999999999,1.0,,1.0,,1.0,0.7778,0.8387,,,,392,346,0.8826999999999999,0.865,0.9009999999999999,0.9085,0.75,0.8856999999999999,1.0,,0.6875,,1.0,0.6718999999999999,,,,,SY19-20_GraduationReport_Final.xlsx,2020 4-Year Cohort,SY19-20_GraduationReport_Final.xlsx,2019 5-Year Cohort
2019-2020,2019,2020,Jefferson,37,Washington High School,washington high school,502,37502,schoolid_37502,293,269,0.9181,0.9299,0.9044,0.9184,0.9091,0.9523999999999999,0.75,,0.9167000000000001,,1.0,0.7585999999999999,0.8583,,,,283,264,0.9329000000000001,0.9189,0.9481,0.9304000000000001,1.0,0.875,1.0,,1.0,,0.75,0.8,0.8,,,,SY19-20_GraduationReport_Final.xlsx,2020 4-Year Cohort,SY19-20_GraduationReport_Final.xlsx,2019 5-Year Cohort
2019-2020,2019,2020,Kanawha,39,Capital High School,capital high school,513,39513,schoolid_39513,320,255,0.7968999999999999,0.7219,0.8639,0.8075,0.7765000000000001,1.0,0.6667000000000001,1.0,0.6923,,1.0,0.6383,0.7047,,,,335,270,0.8059999999999999,0.7836,0.8293,0.7767000000000001,0.8421,1.0,1.0,1.0,0.8,,1.0,0.6275,0.6923,,,,SY19-20_GraduationReport_Final.xlsx,2020 4-Year Cohort,SY19-20_GraduationReport_Final.xlsx,2019 5-Year Cohort
2019-2020,2019,2020,Kanawha,39,George Washington High School,george washington high school,506,39506,schoolid_39506,286,268,0.9370999999999999,0.9384,0.9357,0.9425,0.875,1.0,1.0,,0.6667000000000001,,1.0,0.7585999999999999,0.8469,,,,284,270,0.9506999999999999,0.9493,0.9521,0.9536,0.9,1.0,1.0,,0.75,,1.0,0.9444,0.8571,,,,SY19-20_GraduationReport_Final.xlsx,2020 4-Year Cohort,SY19-20_GraduationReport_Final.xlsx,2019 5-Year Cohort
2019-2020,2019,2020,Kanawha,39,Herbert Hoover High School,herbert hoover high school,507,39507,schoolid_39507,186,165,0.8870999999999999,0.8957999999999999,0.8778,0.8901,1.0,,,,1.0,,,0.7646999999999999,0.8283,,,,210,178,0.8476,0.7448999999999999,0.9375,0.8502,,1.0,,,1.0,,1.0,0.6897,0.5625,,,,SY19-20_GraduationReport_Final.xlsx,2020 4-Year Cohort,SY19-20_GraduationReport_Final.xlsx,2019 5-Year Cohort
2019-2020,2019,2020,Kanawha,39,Nitro High School,nitro high school,508,39508,schoolid_39508,185,167,0.9027,0.9294,0.88,0.9157,0.9,0.6,,,0.75,,,0.7143,0.8395,,,,215,194,0.9023,0.9016,0.9031999999999999,0.9009999999999999,0.9444,,1.0,,1.0,,,0.7333,0.8966,,,,SY19-20_GraduationReport_Final.xlsx,2020 4-Year Cohort,SY19-20_GraduationReport_Final.xlsx,2019 5-Year Cohort
2019-2020,2019,2020,Kanawha,39,Riverside High School,riverside high school,514,39514,schoolid_39514,283,243,0.8587,0.875,0.8397,0.8554999999999999,0.9375,,1.0,,1.0,,1.0,0.775,0.7951999999999999,,,,270,221,0.8184999999999999,0.7639,0.8809999999999999,0.8167,0.8571,,1.0,1.0,,,1.0,0.6286,0.7333,,,,SY19-20_GraduationReport_Final.xlsx,2020 4-Year Cohort,SY19-20_GraduationReport_Final.xlsx,2019 5-Year Cohort
2019-2020,2019,2020,Kanawha,39,Saint Albans High School,saint albans high school,509,39509,schoolid_39509,264,244,0.9242,0.9048,0.9420000000000001,0.9322,0.8824,0.6667000000000001,1.0,,0.8,,1.0,0.8649,0.8851,,,,231,211,0.9134,0.8898999999999999,0.9344,0.9223,0.8332999999999999,1.0,1.0,1.0,,,1.0,0.8,0.8234999999999999,,,,SY19-20_GraduationReport_Final.xlsx,2020 4-Year Cohort,SY19-20_GraduationReport_Final.xlsx,2019 5-Year Cohort
2019-2020,2019,2020,Kanawha,39,Sissonville High School,sissonville high school,510,39510,schoolid_39510,140,126,0.9,0.8732,0.9275,0.9051,,1.0,,1.0,,,,0.68,0.8261,,,,157,140,0.8917,0.8673000000000001,0.9322,0.8968,,1.0,,,,,,0.7082999999999999,0.7692,,,,SY19-20_GraduationReport_Final.xlsx,2020 4-Year Cohort,SY19-20_GraduationReport_Final.xlsx,2019 5-Year Cohort
2019-2020,2019,2020,Kanawha,39,South Charleston High School,south charleston high school,511,39511,schoolid_39511,266,221,0.8308,0.8099,0.8548,0.8265,0.8077,1.0,1.0,,0.9231,,1.0,0.7561,0.7692,,,,215,173,0.8047,0.7143,0.9167000000000001,0.7961,0.8077,0.75,1.0,,1.0,,1.0,0.5172,0.5789,,,,SY19-20_GraduationReport_Final.xlsx,2020 4-Year Cohort,SY19-20_GraduationReport_Final.xlsx,2019 5-Year Cohort
2019-2020,2019,2020,Lewis,41,Lewis County High School,lewis county high school,501,41501,schoolid_41501,168,147,0.875,0.8721,0.878,0.8712000000000001,1.0,1.0,1.0,,,,1.0,0.68,0.8095,,,,169,161,0.9527,0.9268000000000001,0.977,0.9515,1.0,1.0,1.0,,1.0,,1.0,0.8234999999999999,0.9091,,,,SY19-20_GraduationReport_Final.xlsx,2020 4-Year Cohort,SY19-20_GraduationReport_Final.xlsx,2019 5-Year Cohort
2019-2020,2019,2020,Lincoln,43,Lincoln County High School,lincoln county high school,506,43506,schoolid_43506,211,195,0.9242,0.8793000000000001,0.9789,0.9227,1.0,1.0,1.0,,,,,0.8936,0.9,,,,188,170,0.9043000000000001,0.8842,0.9247,0.9022,1.0,1.0,,,1.0,,,0.7837999999999999,0.8077,,,,SY19-20_GraduationReport_Final.xlsx,2020 4-Year Cohort,SY19-20_GraduationReport_Final.xlsx,2019 5-Year Cohort
2019-2020,2019,2020,Logan,45,Chapmanville Regional High School,chapmanville regional high school,501,45501,schoolid_45501,187,169,0.9037000000000001,0.8764,0.9286,0.9031999999999999,1.0,,,,,,1.0,1.0,0.8623999999999999,,,,180,172,0.9556,0.9262999999999999,0.9882,0.9551000000000001,1.0,,,,,,,0.9091,1.0,,,,SY19-20_GraduationReport_Final.xlsx,2020 4-Year Cohort,SY19-20_GraduationReport_Final.xlsx,2019 5-Year Cohort
2019-2020,2019,2020,Logan,45,Logan Senior High School,logan senior high school,502,45502,schoolid_45502,159,137,0.8615999999999999,0.8131999999999999,0.9265000000000001,0.8514,1.0,,1.0,1.0,1.0,,1.0,0.76,0.7981999999999999,,,,163,145,0.8896,0.8276,0.9605,0.8839,1.0,,,,,,,0.7143,0.5455,,,,SY19-20_GraduationReport_Final.xlsx,2020 4-Year Cohort,SY19-20_GraduationReport_Final.xlsx,2019 5-Year Cohort
2019-2020,2019,2020,Logan,45,Man Senior High School,man senior high school,503,45503,schoolid_45503,107,93,0.8692,0.8615,0.8809999999999999,0.8626999999999999,1.0,,,,1.0,,,0.75,0.8676,,,,101,86,0.8515,0.8112999999999999,0.8957999999999999,0.8438,1.0,,,,1.0,,,0.6923,1.0,,,,SY19-20_GraduationReport_Final.xlsx,2020 4-Year Cohort,SY19-20_GraduationReport_Final.xlsx,2019 5-Year Cohort
2019-2020,2019,2020,Marion,47,East Fairmont High School,east fairmont high school,501,47501,schoolid_47501,161,156,0.9689,0.9545,0.9863,0.9742000000000001,1.0,1.0,,,0.6667000000000001,,1.0,0.9091,0.9194,,,,179,165,0.9218000000000001,0.9239,0.9195,0.9231,0.875,,1.0,,,,,0.8125,0.6,,,,SY19-20_GraduationReport_Final.xlsx,2020 4-Year Cohort,SY19-20_GraduationReport_Final.xlsx,2019 5-Year Cohort
2019-2020,2019,2020,Marion,47,Fairmont Senior High School,fairmont senior high school,502,47502,schoolid_47502,197,191,0.9695,0.9406,1.0,0.9737,0.9231,1.0,1.0,,1.0,,1.0,0.9582999999999999,0.9588,,,,212,197,0.9292,0.9098,0.9556,0.9368000000000001,0.9231,1.0,1.0,,0.6,,,0.8077,0.7646999999999999,,,,SY19-20_GraduationReport_Final.xlsx,2020 4-Year Cohort,SY19-20_GraduationReport_Final.xlsx,2019 5-Year Cohort
2019-2020,2019,2020,Marion,47,North Marion High School,north marion high school,503,47503,schoolid_47503,192,187,0.9740000000000001,0.9636,0.9878,0.9725,1.0,1.0,,,1.0,1.0,1.0,0.8125,0.9604,,,,167,152,0.9102,0.8778,0.9481,0.9031999999999999,1.0,1.0,,,1.0,,,0.6957,0.8181999999999999,,,,SY19-20_GraduationReport_Final.xlsx,2020 4-Year Cohort,SY19-20_GraduationReport_Final.xlsx,2019 5-Year Cohort
2019-2020,2019,2020,Marshall,48,Cameron High School,cameron high school,501,48501,schoolid_48501,45,45,1.0,1.0,1.0,1.0,,,,,,,,1.0,1.0,,,,48,44,0.9167000000000001,0.9129999999999999,0.92,0.9167000000000001,,,,,,,,,1.0,,,,SY19-20_GraduationReport_Final.xlsx,2020 4-Year Cohort,SY19-20_GraduationReport_Final.xlsx,2019 5-Year Cohort
2019-2020,2019,2020,Marshall,48,John Marshall High School,john marshall high school,502,48502,schoolid_48502,270,260,0.963,0.9640000000000001,0.9618000000000001,0.9658,1.0,0.75,,,1.0,,1.0,0.9643,0.9308,,,,281,265,0.9431,0.9267,0.9618000000000001,0.9420000000000001,,,1.0,,1.0,1.0,1.0,0.7931,0.8695999999999999,,,,SY19-20_GraduationReport_Final.xlsx,2020 4-Year Cohort,SY19-20_GraduationReport_Final.xlsx,2019 5-Year Cohort
2019-2020,2019,2020,Mason,49,Hannan High School,hannan high school,501,49501,schoolid_49501,47,45,0.9573999999999999,0.96,0.9545,0.9783,,,,,,,,1.0,0.9375,,,,42,41,0.9762000000000001,0.9565,1.0,0.9762000000000001,,,,,,,,1.0,1.0,,,,SY19-20_GraduationReport_Final.xlsx,2020 4-Year Cohort,SY19-20_GraduationReport_Final.xlsx,2019 5-Year Cohort
2019-2020,2019,2020,Mason,49,Point Pleasant Junior/Senior High School,point pleasant junior/senior high school,502,49502,schoolid_49502,167,157,0.9401,0.9375,0.9437000000000001,0.9551000000000001,0.6667000000000001,1.0,1.0,,0.6667000000000001,,,0.8636,0.9286,,,,188,173,0.9201999999999999,0.9255,0.9148999999999999,0.9170999999999999,1.0,1.0,,,1.0,,,0.7857,0.6,,,,SY19-20_GraduationReport_Final.xlsx,2020 4-Year Cohort,SY19-20_GraduationReport_Final.xlsx,2019 5-Year Cohort
2019-2020,2019,2020,Mason,49,Wahama High School,wahama high school,503,49503,schoolid_49503,66,62,0.9394,0.907,1.0,0.9384999999999999,,,,,1.0,,,0.8,0.9091,,,,77,73,0.9481,0.9487000000000001,0.9473999999999999,0.9473999999999999,,,,,1.0,,,0.9,,,,,SY19-20_GraduationReport_Final.xlsx,2020 4-Year Cohort,SY19-20_GraduationReport_Final.xlsx,2019 5-Year Cohort
2019-2020,2019,2020,McDowell,60,Mount View High School,mount view high school,527,60527,schoolid_60527,89,67,0.7528,0.6739,0.8371999999999999,0.7465,0.75,,,1.0,1.0,,,0.6667000000000001,0.7424,,,,94,80,0.8511,0.8112999999999999,0.9024,0.8158,1.0,1.0,,,1.0,,,0.9048,1.0,,,,SY19-20_GraduationReport_Final.xlsx,2020 4-Year Cohort,SY19-20_GraduationReport_Final.xlsx,2019 5-Year Cohort
2019-2020,2019,2020,McDowell,60,River View High School,river view high school,520,60520,schoolid_60520,122,107,0.877,0.8382,0.9259000000000001,0.877,,,,,,,,0.7037,0.8587,,,,128,113,0.8828,0.8332999999999999,0.9355,0.878,1.0,1.0,,,,,,0.8845999999999999,1.0,,,,SY19-20_GraduationReport_Final.xlsx,2020 4-Year Cohort,SY19-20_GraduationReport_Final.xlsx,2019 5-Year Cohort
2019-2020,2019,2020,Mercer,51,Bluefield High School,bluefield high school,502,51502,schoolid_51502,150,136,0.9067000000000001,0.9146,0.8970999999999999,0.9091,0.9111,0.6667000000000001,1.0,,1.0,,,0.8519,0.8776,,,,171,150,0.8772,0.8312999999999999,0.9205,0.8772,0.8845999999999999,1.0,1.0,,0.6667000000000001,,,0.8214,0.7143,,,,SY19-20_GraduationReport_Final.xlsx,2020 4-Year Cohort,SY19-20_GraduationReport_Final.xlsx,2019 5-Year Cohort
2019-2020,2019,2020,Mercer,51,Montcalm High School,montcalm high school,505,51505,schoolid_51505,47,42,0.8936,0.8667,0.9412,0.9091,1.0,,,,,,,1.0,0.8621,,,,55,52,0.9455,0.9286,0.963,0.9444,1.0,,,,,,,1.0,1.0,,,,SY19-20_GraduationReport_Final.xlsx,2020 4-Year Cohort,SY19-20_GraduationReport_Final.xlsx,2019 5-Year Cohort
2019-2020,2019,2020,Mercer,51,Pikeview High School,pikeview high school,509,51509,schoolid_51509,172,165,0.9593,0.9512,0.9667,0.9586,1.0,,,1.0,,,,0.9565,0.9333,,,,146,139,0.9521,0.9333,0.9718000000000001,0.9517,,,,,1.0,,,0.8421,0.8332999999999999,,,,SY19-20_GraduationReport_Final.xlsx,2020 4-Year Cohort,SY19-20_GraduationReport_Final.xlsx,2019 5-Year Cohort
2019-2020,2019,2020,Mercer,51,Princeton Senior High School,princeton senior high school,507,51507,schoolid_51507,260,233,0.8962,0.8633,0.9339,0.9027,0.8636,1.0,1.0,,0.8332999999999999,,,0.8864,0.8609,,,,236,205,0.8686,0.8051,0.9322,0.8626,0.9444,1.0,1.0,,1.0,,,0.6667000000000001,0.7895,,,,SY19-20_GraduationReport_Final.xlsx,2020 4-Year Cohort,SY19-20_GraduationReport_Final.xlsx,2019 5-Year Cohort
2019-2020,2019,2020,Mineral,53,Frankfort High School,frankfort high school,501,53501,schoolid_53501,115,115,1.0,1.0,1.0,1.0,1.0,,1.0,,,,,1.0,1.0,,,,118,117,0.9915,0.9831,1.0,0.9913,1.0,,1.0,,,,,0.8889,1.0,,,,SY19-20_GraduationReport_Final.xlsx,2020 4-Year Cohort,SY19-20_GraduationReport_Final.xlsx,2019 5-Year Cohort
2019-2020,2019,2020,Mineral,53,Keyser High School,keyser high school,503,53503,schoolid_53503,177,164,0.9266,0.9151,0.9437000000000001,0.9268000000000001,0.9,1.0,1.0,,,,,0.9333,0.8831,,,,164,156,0.9512,0.9398000000000001,0.963,0.9459000000000001,1.0,1.0,1.0,,1.0,,,0.8845999999999999,0.6667000000000001,,,,SY19-20_GraduationReport_Final.xlsx,2020 4-Year Cohort,SY19-20_GraduationReport_Final.xlsx,2019 5-Year Cohort
2019-2020,2019,2020,Mingo,54,Mingo Central Comprehensive High School,mingo central comprehensive high school,508,54508,schoolid_54508,157,151,0.9618000000000001,0.9639,0.9595,0.9597,1.0,1.0,,,1.0,,,1.0,0.9554,,,,162,159,0.9815,1.0,0.9615,0.9803000000000001,1.0,1.0,,,1.0,,1.0,0.9375,0.8332999999999999,,,,SY19-20_GraduationReport_Final.xlsx,2020 4-Year Cohort,SY19-20_GraduationReport_Final.xlsx,2019 5-Year Cohort
2019-2020,2019,2020,Mingo,54,Tug Valley High School,tug valley high school,507,54507,schoolid_54507,84,76,0.9048,0.8824,0.9394,0.9048,,,,,,,,1.0,0.8793000000000001,,,,60,59,0.9833,0.9643,1.0,0.9831,,1.0,,,,,,1.0,0.75,,,,SY19-20_GraduationReport_Final.xlsx,2020 4-Year Cohort,SY19-20_GraduationReport_Final.xlsx,2019 5-Year Cohort
2019-2020,2019,2020,Monongalia,56,Clay-Battelle High School,clay-battelle high school,501,56501,schoolid_56501,72,65,0.9028,0.875,0.925,0.9028,,,,,,,,0.6,0.7940999999999999,,,,57,52,0.9123,0.9091,0.9167000000000001,0.9074,,1.0,1.0,,,,,0.8,1.0,,,,SY19-20_GraduationReport_Final.xlsx,2020 4-Year Cohort,SY19-20_GraduationReport_Final.xlsx,2019 5-Year Cohort
2019-2020,2019,2020,Monongalia,56,Morgantown High School,morgantown high school,502,56502,schoolid_56502,441,395,0.8956999999999999,0.8719,0.9246,0.9022,0.7692,0.875,1.0,1.0,0.8332999999999999,,1.0,0.7323999999999999,0.7468,,,,438,408,0.9315000000000001,0.9351999999999999,0.9279000000000001,0.9326000000000001,1.0,0.9286,0.9643,,0.75,,0.9167000000000001,0.8679000000000001,0.6,,,,SY19-20_GraduationReport_Final.xlsx,2020 4-Year Cohort,SY19-20_GraduationReport_Final.xlsx,2019 5-Year Cohort
2019-2020,2019,2020,Monongalia,56,University High School,university high school,503,56503,schoolid_56503,286,272,0.951,0.94,0.9632,0.9542,0.8,1.0,1.0,,0.875,,,0.75,0.8922,,,,333,309,0.9279000000000001,0.9042,0.9518000000000001,0.9216,1.0,1.0,1.0,,1.0,,1.0,0.8226,0.6154,,,,SY19-20_GraduationReport_Final.xlsx,2020 4-Year Cohort,SY19-20_GraduationReport_Final.xlsx,2019 5-Year Cohort
2019-2020,2019,2020,Monroe,57,James Monroe High School,james monroe high school,503,57503,schoolid_57503,127,123,0.9684999999999999,0.9672,0.9697,0.9752,1.0,1.0,,,0.6667000000000001,,1.0,1.0,0.9344,,,,126,122,0.9682999999999999,0.9743999999999999,0.9582999999999999,0.9669,1.0,1.0,,,1.0,,,0.8946999999999999,0.8824,,,,SY19-20_GraduationReport_Final.xlsx,2020 4-Year Cohort,SY19-20_GraduationReport_Final.xlsx,2019 5-Year Cohort
2019-2020,2019,2020,Morgan,58,Berkeley Springs High School,berkeley springs high school,501,58501,schoolid_58501,157,137,0.8726,0.8442000000000001,0.9,0.8718,,1.0,,,,,,0.7143,0.85,,,,172,151,0.8779,0.8687,0.8904000000000001,0.8726999999999999,1.0,1.0,,,1.0,,1.0,0.7,,,,,SY19-20_GraduationReport_Final.xlsx,2020 4-Year Cohort,SY19-20_GraduationReport_Final.xlsx,2019 5-Year Cohort
2019-2020,2019,2020,Morgan,58,Paw Paw High School,paw paw high school,502,58502,schoolid_58502,17,17,1.0,1.0,1.0,1.0,,1.0,,,,,1.0,1.0,1.0,,,,14,14,1.0,1.0,1.0,1.0,,,,,,,,1.0,1.0,,,,SY19-20_GraduationReport_Final.xlsx,2020 4-Year Cohort,SY19-20_GraduationReport_Final.xlsx,2019 5-Year Cohort
2019-2020,2019,2020,Nicholas,62,Nicholas County High School,nicholas county high school,501,62501,schoolid_62501,163,156,0.9571,0.9375,0.9851000000000001,0.9556999999999999,1.0,1.0,,,,,,0.9231,0.9186,,,,180,172,0.9556,0.9462,0.9655,0.9605,,1.0,1.0,,,,,0.875,0.8889,,,,SY19-20_GraduationReport_Final.xlsx,2020 4-Year Cohort,SY19-20_GraduationReport_Final.xlsx,2019 5-Year Cohort
2019-2020,2019,2020,Nicholas,62,Richwood High School,richwood high school,502,62502,schoolid_62502,90,86,0.9556,0.9804,0.9231,0.9551000000000001,,,,,1.0,,,0.8234999999999999,0.9403,,,,94,88,0.9362,0.9556,0.9184,0.9348000000000001,1.0,,,,1.0,,,0.75,1.0,,,,SY19-20_GraduationReport_Final.xlsx,2020 4-Year Cohort,SY19-20_GraduationReport_Final.xlsx,2019 5-Year Cohort
2019-2020,2019,2020,Ohio,64,Wheeling Park High School,wheeling park high school,501,64501,schoolid_64501,356,350,0.9831,0.9886,0.9778,0.9806,1.0,1.0,1.0,,1.0,1.0,,0.9545,0.9582999999999999,,,,368,359,0.9754999999999999,0.9686,0.9831,0.9748,0.95,1.0,1.0,,1.0,1.0,1.0,0.8511,0.9,,,,SY19-20_GraduationReport_Final.xlsx,2020 4-Year Cohort,SY19-20_GraduationReport_Final.xlsx,2019 5-Year Cohort
2019-2020,2019,2020,Pendleton,66,Pendleton County Middle/High School,pendleton county middle/high school,502,66502,schoolid_66502,66,65,0.9848,0.9667,1.0,0.9845999999999999,1.0,,,,,,,1.0,0.9722,,,,60,60,1.0,1.0,1.0,1.0,1.0,,,,1.0,,,1.0,,,,,SY19-20_GraduationReport_Final.xlsx,2020 4-Year Cohort,SY19-20_GraduationReport_Final.xlsx,2019 5-Year Cohort
2019-2020,2019,2020,Pleasants,67,St. Marys High School,st. marys high school,501,67501,schoolid_67501,88,86,0.9773000000000001,1.0,0.9556,0.9767,,1.0,,,1.0,,,1.0,0.9565,,,,89,86,0.9662999999999999,0.9534999999999999,0.9783,0.9647,,1.0,,,1.0,,,0.8462000000000001,0.9167000000000001,,,,SY19-20_GraduationReport_Final.xlsx,2020 4-Year Cohort,SY19-20_GraduationReport_Final.xlsx,2019 5-Year Cohort
2019-2020,2019,2020,Pocahontas,69,Pocahontas County High School,pocahontas county high school,501,69501,schoolid_69501,80,68,0.85,0.775,0.925,0.85,,,,,,,,0.7143,0.7755,,,,80,75,0.9375,0.8864,1.0,0.9367,1.0,,,,,,,0.9333,1.0,,,,SY19-20_GraduationReport_Final.xlsx,2020 4-Year Cohort,SY19-20_GraduationReport_Final.xlsx,2019 5-Year Cohort
2019-2020,2019,2020,Preston,70,Preston High School,preston high school,507,70507,schoolid_70507,307,276,0.899,0.8963,0.9020999999999999,0.8959999999999999,1.0,1.0,,,1.0,,,0.8305,0.8189,,,,273,249,0.9120999999999999,0.9127,0.9116,0.9218999999999999,,,,,,,,0.8269,0.7143,,,,SY19-20_GraduationReport_Final.xlsx,2020 4-Year Cohort,SY19-20_GraduationReport_Final.xlsx,2019 5-Year Cohort
2019-2020,2019,2020,Putnam,72,Buffalo High School,buffalo high school,505,72505,schoolid_72505,88,85,0.9659,0.9573999999999999,0.9756,0.9655,,1.0,,,,,,0.9473999999999999,0.9118,,,,76,74,0.9737,0.9487000000000001,1.0,0.9737,,,,,,,,0.8571,,,,,SY19-20_GraduationReport_Final.xlsx,2020 4-Year Cohort,SY19-20_GraduationReport_Final.xlsx,2019 5-Year Cohort
2019-2020,2019,2020,Putnam,72,Hurricane High School,hurricane high school,510,72510,schoolid_72510,307,306,0.9967,1.0,0.9934999999999999,0.9964,1.0,1.0,1.0,1.0,1.0,1.0,,0.9783,0.9881,,,,317,312,0.9842,0.9743999999999999,0.9937999999999999,0.9834,1.0,1.0,1.0,,,,1.0,0.9153,1.0,,,,SY19-20_GraduationReport_Final.xlsx,2020 4-Year Cohort,SY19-20_GraduationReport_Final.xlsx,2019 5-Year Cohort
2019-2020,2019,2020,Putnam,72,Poca High School,poca high school,515,72515,schoolid_72515,134,129,0.9627,0.9737,0.9483,0.9690000000000001,1.0,,,,,,,0.8966,0.9333,,,,129,121,0.938,0.8870999999999999,0.9851000000000001,0.9440000000000001,,1.0,,,,,,0.8,1.0,,,,SY19-20_GraduationReport_Final.xlsx,2020 4-Year Cohort,SY19-20_GraduationReport_Final.xlsx,2019 5-Year Cohort
2019-2020,2019,2020,Putnam,72,Winfield High School,winfield high school,520,72520,schoolid_72520,201,196,0.9751000000000001,0.9743999999999999,0.9762000000000001,0.9832,0.8571,0.8,1.0,,1.0,,,0.871,0.9655,,,,203,195,0.9606,0.9429000000000001,0.9795999999999999,0.9582999999999999,1.0,1.0,1.0,,1.0,1.0,,0.8537,1.0,,,,SY19-20_GraduationReport_Final.xlsx,2020 4-Year Cohort,SY19-20_GraduationReport_Final.xlsx,2019 5-Year Cohort
2019-2020,2019,2020,Raleigh,74,Independence High School,independence high school,502,74502,schoolid_74502,157,143,0.9107999999999999,0.8764,0.9559000000000001,0.9133,0.6667000000000001,1.0,1.0,,1.0,,,0.8946999999999999,0.8876000000000001,,,,152,123,0.8092,0.7412000000000001,0.8955,0.8219,0.6667000000000001,1.0,,,,,,0.6,0.8,,,,SY19-20_GraduationReport_Final.xlsx,2020 4-Year Cohort,SY19-20_GraduationReport_Final.xlsx,2019 5-Year Cohort
2019-2020,2019,2020,Raleigh,74,Liberty High School,liberty high school,503,74503,schoolid_74503,135,127,0.9407,0.9104000000000001,0.9706,0.9398000000000001,,1.0,,,1.0,,,0.8946999999999999,0.9136,,,,124,112,0.9031999999999999,0.8387,0.9677,0.9138,1.0,1.0,,,,,,0.6,1.0,,,,SY19-20_GraduationReport_Final.xlsx,2020 4-Year Cohort,SY19-20_GraduationReport_Final.xlsx,2019 5-Year Cohort
2019-2020,2019,2020,Raleigh,74,Shady Spring High,shady spring high,505,74505,schoolid_74505,194,181,0.9329999999999999,0.9109,0.9570000000000001,0.9358,0.6667000000000001,1.0,,,1.0,,1.0,0.8261,0.8778,,,,209,192,0.9187000000000001,0.9074,0.9307,0.9216,,1.0,1.0,,1.0,,,0.6818000000000001,0.9286,,,,SY19-20_GraduationReport_Final.xlsx,2020 4-Year Cohort,SY19-20_GraduationReport_Final.xlsx,2019 5-Year Cohort
2019-2020,2019,2020,Raleigh,74,Woodrow Wilson High School,woodrow wilson high school,506,74506,schoolid_74506,306,247,0.8072,0.7676999999999999,0.8477,0.8436,0.7082999999999999,,1.0,,0.8125,,,0.6486,0.7256999999999999,,,,295,255,0.8644,0.8181999999999999,0.8966,0.8523999999999999,0.9037999999999999,0.875,1.0,1.0,0.8421,,1.0,0.7037,,,,,SY19-20_GraduationReport_Final.xlsx,2020 4-Year Cohort,SY19-20_GraduationReport_Final.xlsx,2019 5-Year Cohort
2019-2020,2019,2020,Randolph,75,Elkins High School,elkins high school,504,75504,schoolid_75504,192,185,0.9634999999999999,0.9693999999999999,0.9573999999999999,0.9665,1.0,1.0,1.0,,0.8,,,0.9523999999999999,0.9438,,,,207,200,0.9662000000000001,0.9615,0.9709,0.965,1.0,1.0,1.0,,1.0,,1.0,0.8519,1.0,,,,SY19-20_GraduationReport_Final.xlsx,2020 4-Year Cohort,SY19-20_GraduationReport_Final.xlsx,2019 5-Year Cohort
2019-2020,2019,2020,Randolph,75,Harman Elementary/High School,harman elementary/high school,102,75102,schoolid_75102,12,12,1.0,1.0,1.0,1.0,,,,,,,,1.0,1.0,,,,,,1.0,1.0,1.0,1.0,,,,,,,,1.0,,,,,SY19-20_GraduationReport_Final.xlsx,2020 4-Year Cohort,SY19-20_GraduationReport_Final.xlsx,2019 5-Year Cohort
2019-2020,2019,2020,Randolph,75,Pickens Elementary/High School,pickens elementary/high school,103,75103,schoolid_75103,,,1.0,1.0,,1.0,,,,,,,,1.0,,,,,,,1.0,1.0,1.0,1.0,,,,,,,,1.0,,,,,SY19-20_GraduationReport_Final.xlsx,2020 4-Year Cohort,SY19-20_GraduationReport_Final.xlsx,2019 5-Year Cohort
2019-2020,2019,2020,Randolph,75,Tygarts Valley Middle/High School,tygarts valley middle/high school,503,75503,schoolid_75503,60,55,0.9167000000000001,0.9091,0.9259000000000001,0.9167000000000001,,,,,,,,0.9231,0.9031999999999999,,,,69,67,0.971,0.9444,1.0,0.9853000000000001,,,,,,,,1.0,1.0,,,,SY19-20_GraduationReport_Final.xlsx,2020 4-Year Cohort,SY19-20_GraduationReport_Final.xlsx,2019 5-Year Cohort
2019-2020,2019,2020,Ritchie,77,Ritchie County High School,ritchie county high school,501,77501,schoolid_77501,104,92,0.8845999999999999,0.8361,0.9534999999999999,0.8845999999999999,,,,,,,,0.8462000000000001,0.807,,,,94,89,0.9468000000000001,0.96,0.9318000000000001,0.9462,,1.0,,,,,,0.9,0.8571,,,,SY19-20_GraduationReport_Final.xlsx,2020 4-Year Cohort,SY19-20_GraduationReport_Final.xlsx,2019 5-Year Cohort
2019-2020,2019,2020,Roane,79,Roane County High,roane county high,503,79503,schoolid_79503,135,128,0.9481,0.9403,0.9559000000000001,0.9549,1.0,,,,,,,0.7857,0.9176000000000001,,,,128,115,0.8984000000000001,0.8946999999999999,0.9037999999999999,0.9098,,1.0,,,1.0,,,0.6957,0.8571,,,,SY19-20_GraduationReport_Final.xlsx,2020 4-Year Cohort,SY19-20_GraduationReport_Final.xlsx,2019 5-Year Cohort
2019-2020,2019,2020,Summers,81,Summers County High School,summers county high school,502,81502,schoolid_81502,105,94,0.8952,0.8542000000000001,0.9298000000000001,0.8889,1.0,,,,1.0,,,0.8824,0.8387,,,,106,96,0.9057,0.898,0.9123,0.91,1.0,0.6667000000000001,,,1.0,,,0.85,,,,,SY19-20_GraduationReport_Final.xlsx,2020 4-Year Cohort,SY19-20_GraduationReport_Final.xlsx,2019 5-Year Cohort
2019-2020,2019,2020,Taylor,83,Grafton High School,grafton high school,502,83502,schoolid_83502,156,146,0.9359000000000001,0.9294,0.9437000000000001,0.9351,1.0,,,,1.0,,1.0,0.7391,0.8889,,,,138,126,0.9129999999999999,0.9091,0.9179999999999999,0.9104000000000001,1.0,1.0,,,1.0,,,0.6667000000000001,1.0,,,,SY19-20_GraduationReport_Final.xlsx,2020 4-Year Cohort,SY19-20_GraduationReport_Final.xlsx,2019 5-Year Cohort
2019-2020,2019,2020,Tucker,84,Tucker County High School,tucker county high school,501,84501,schoolid_84501,67,58,0.8656999999999999,0.8332999999999999,0.92,0.8923000000000001,,,,,,,,0.6364,0.8,,,,73,67,0.9178000000000001,0.9268000000000001,0.9063,0.9155,1.0,,,,,,,0.8,0.6667000000000001,,,,SY19-20_GraduationReport_Final.xlsx,2020 4-Year Cohort,SY19-20_GraduationReport_Final.xlsx,2019 5-Year Cohort
2019-2020,2019,2020,Tyler,85,Tyler Consolidated High School,tyler consolidated high school,503,85503,schoolid_85503,93,87,0.9355,0.9184,0.9545,0.9348000000000001,,,,,1.0,,,0.85,0.8936,,,,87,81,0.9309999999999999,0.9534999999999999,0.9091,0.9405,,,,1.0,,,,0.8462000000000001,1.0,,,,SY19-20_GraduationReport_Final.xlsx,2020 4-Year Cohort,SY19-20_GraduationReport_Final.xlsx,2019 5-Year Cohort
2019-2020,2019,2020,Upshur,87,Buckhannon Upshur High School,buckhannon upshur high school,501,87501,schoolid_87501,283,263,0.9293,0.9178000000000001,0.9416,0.9381999999999999,,1.0,,,,,,0.8529000000000001,0.902,,,,269,243,0.9033,0.8767,0.935,0.9112,0.6667000000000001,0.6667000000000001,1.0,,,,,0.8,0.75,,,,SY19-20_GraduationReport_Final.xlsx,2020 4-Year Cohort,SY19-20_GraduationReport_Final.xlsx,2019 5-Year Cohort
2019-2020,2019,2020,Wayne,89,Spring Valley High School,spring valley high school,508,89508,schoolid_89508,272,233,0.8565999999999999,0.8321,0.8794,0.8534,1.0,1.0,,,1.0,,,0.6744,0.7387999999999999,,,,245,208,0.8490000000000001,0.8473,0.8509,0.85,1.0,0.6667000000000001,1.0,,,,,0.7805,0.8,,,,SY19-20_GraduationReport_Final.xlsx,2020 4-Year Cohort,SY19-20_GraduationReport_Final.xlsx,2019 5-Year Cohort
2019-2020,2019,2020,Wayne,89,Tolsia High School,tolsia high school,507,89507,schoolid_89507,112,98,0.875,0.8654000000000001,0.8833,0.8726999999999999,,1.0,1.0,,,,1.0,0.7333,0.8571,,,,102,94,0.9216,0.8845999999999999,0.96,0.92,1.0,1.0,,,,,,0.9231,0.9231,,,,SY19-20_GraduationReport_Final.xlsx,2020 4-Year Cohort,SY19-20_GraduationReport_Final.xlsx,2019 5-Year Cohort
2019-2020,2019,2020,Wayne,89,Wayne High School,wayne high school,506,89506,schoolid_89506,168,138,0.8214,0.7813,0.875,0.8181999999999999,,1.0,1.0,,1.0,,1.0,0.7714,0.7642,,,,178,147,0.8258,0.8181999999999999,0.8354,0.8295,1.0,,,,,,,0.6537999999999999,,,,,SY19-20_GraduationReport_Final.xlsx,2020 4-Year Cohort,SY19-20_GraduationReport_Final.xlsx,2019 5-Year Cohort
2019-2020,2019,2020,Webster,91,Webster County High School,webster county high school,501,91501,schoolid_91501,85,81,0.9529000000000001,0.9184,1.0,0.9518000000000001,,1.0,,,1.0,,,0.8462000000000001,0.9333,,,,110,104,0.9455,0.9667,0.92,0.9439,1.0,,,,1.0,,,0.9167000000000001,0.75,,,,SY19-20_GraduationReport_Final.xlsx,2020 4-Year Cohort,SY19-20_GraduationReport_Final.xlsx,2019 5-Year Cohort
2019-2020,2019,2020,Wetzel,92,Hundred High School,hundred high school,501,92501,schoolid_92501,32,28,0.875,0.8571,0.9091,0.875,,,,,,,,1.0,0.75,,,,23,22,0.9565,0.9167000000000001,1.0,0.9523999999999999,1.0,1.0,,,,,1.0,1.0,,,,,SY19-20_GraduationReport_Final.xlsx,2020 4-Year Cohort,SY19-20_GraduationReport_Final.xlsx,2019 5-Year Cohort
2019-2020,2019,2020,Wetzel,92,Magnolia High School,magnolia high school,502,92502,schoolid_92502,99,93,0.9394,0.9148999999999999,0.9615,0.9375,1.0,,1.0,,,,,0.9,0.9231,,,,99,92,0.9293,0.9434,0.9129999999999999,0.9375,,,,,1.0,,1.0,0.8,1.0,,,,SY19-20_GraduationReport_Final.xlsx,2020 4-Year Cohort,SY19-20_GraduationReport_Final.xlsx,2019 5-Year Cohort
2019-2020,2019,2020,Wetzel,92,Paden City High School,paden city high school,503,92503,schoolid_92503,36,34,0.9444,0.9091,1.0,0.9394,,,,,1.0,,,1.0,0.9167000000000001,,,,28,27,0.9643,0.9412,1.0,0.9643,,,,,,,,1.0,1.0,,,,SY19-20_GraduationReport_Final.xlsx,2020 4-Year Cohort,SY19-20_GraduationReport_Final.xlsx,2019 5-Year Cohort
2019-2020,2019,2020,Wetzel,92,Valley High School,valley high school,504,92504,schoolid_92504,35,34,0.9714,1.0,0.9375,0.9706,,1.0,,,,,,1.0,0.9444,,,,36,34,0.9444,0.9048,1.0,0.9429000000000001,,1.0,,,,,,0.8889,,,,,SY19-20_GraduationReport_Final.xlsx,2020 4-Year Cohort,SY19-20_GraduationReport_Final.xlsx,2019 5-Year Cohort
2019-2020,2019,2020,Wirt,94,Wirt County High School,wirt county high school,501,94501,schoolid_94501,79,70,0.8861,0.8723000000000001,0.9063,0.8946999999999999,1.0,,1.0,,,,,1.0,0.8542000000000001,,,,52,46,0.8845999999999999,0.9,0.8636,0.8824,,1.0,,,,,,1.0,0.8,,,,SY19-20_GraduationReport_Final.xlsx,2020 4-Year Cohort,SY19-20_GraduationReport_Final.xlsx,2019 5-Year Cohort
2019-2020,2019,2020,Wood,96,Parkersburg High School,parkersburg high school,501,96501,schoolid_96501,400,328,0.82,0.8009000000000001,0.8436,0.8189,0.7646999999999999,0.8571,1.0,,0.8462000000000001,,,0.6739,0.7576999999999999,,,,381,336,0.8819,0.8504999999999999,0.9222,0.885,0.8571,0.6667000000000001,1.0,,0.8,1.0,1.0,0.7609,,,,,SY19-20_GraduationReport_Final.xlsx,2020 4-Year Cohort,SY19-20_GraduationReport_Final.xlsx,2019 5-Year Cohort
2019-2020,2019,2020,Wood,96,Parkersburg South High School,parkersburg south high school,502,96502,schoolid_96502,372,347,0.9328,0.9043000000000001,0.9620000000000001,0.9326000000000001,0.8332999999999999,1.0,1.0,,1.0,,,0.807,0.8786,,,,349,326,0.9340999999999999,0.9337000000000001,0.9345,0.9366,1.0,0.75,1.0,,0.8571,,1.0,0.8571,0.8,,,,SY19-20_GraduationReport_Final.xlsx,2020 4-Year Cohort,SY19-20_GraduationReport_Final.xlsx,2019 5-Year Cohort
2019-2020,2019,2020,Wood,96,Williamstown High School,williamstown high school,503,96503,schoolid_96503,112,109,0.9732,0.9828,0.963,0.9725,1.0,1.0,,,1.0,,1.0,0.875,0.9677,,,,105,100,0.9523999999999999,0.9388,0.9643,0.951,,1.0,,1.0,1.0,,,0.9,,,,,SY19-20_GraduationReport_Final.xlsx,2020 4-Year Cohort,SY19-20_GraduationReport_Final.xlsx,2019 5-Year Cohort
2019-2020,2019,2020,Wyoming,98,Westside High School,westside high school,508,98508,schoolid_98508,146,139,0.9521,0.9286,0.9737,0.951,1.0,,,1.0,1.0,,,0.95,0.9381,,,,150,141,0.94,0.9277,0.9551999999999999,0.9451999999999999,,1.0,,,1.0,,,0.9031999999999999,,,,,SY19-20_GraduationReport_Final.xlsx,2020 4-Year Cohort,SY19-20_GraduationReport_Final.xlsx,2019 5-Year Cohort
2019-2020,2019,2020,Wyoming,98,Wyoming County East High School,wyoming county east high school,507,98507,schoolid_98507,129,119,0.9225,0.9077,0.9375,0.92,1.0,,,,1.0,,,0.875,0.8916,,,,125,114,0.912,0.8551000000000001,0.9821,0.9179999999999999,,1.0,,,,,,0.8261,0.6154,,,,SY19-20_GraduationReport_Final.xlsx,2020 4-Year Cohort,SY19-20_GraduationReport_Final.xlsx,2019 5-Year Cohort
2020-2021,2020,2021,Barbour,2,Philip Barbour High School Complex,philip barbour high school complex,501,2501,schoolid_2501,126,114,0.9048,0.8571,0.9643,0.9083,,,1.0,1.0,1.0,1.0,,0.9091,0.875,,,1.0,156,152,0.9743999999999999,0.9878,0.9595,0.9726,1.0,1.0,,1.0,1.0,,,0.9231,0.9459000000000001,,,,SY20-21_GraduationReport_Final.xlsx,2021 4-Year Cohort ,SY20-21_GraduationReport_Final.xlsx,2020 5-Year Cohort
2020-2021,2020,2021,Berkeley,4,Hedgesville High School,hedgesville high school,501,4501,schoolid_4501,296,288,0.973,0.9745,0.9712000000000001,0.9792000000000001,0.92,1.0,1.0,1.0,0.9231,,0.875,0.9318000000000001,0.9652,1.0,0.9333,,321,309,0.9626,0.9554,0.9695,0.9693,0.9129999999999999,1.0,1.0,1.0,0.7778,1.0,1.0,0.9111,0.9306,,,,SY20-21_GraduationReport_Final.xlsx,2021 4-Year Cohort ,SY20-21_GraduationReport_Final.xlsx,2020 5-Year Cohort
2020-2021,2020,2021,Berkeley,4,Martinsburg High School,martinsburg high school,502,4502,schoolid_4502,338,305,0.9024,0.8418000000000001,0.9556,0.8883,0.8906000000000001,0.9024,1.0,1.0,1.0,,1.0,0.7667,0.8606,,0.8276,0.4545,324,299,0.9228000000000001,0.892,0.9595,0.9170999999999999,0.9,0.9512,1.0,,0.9412,1.0,0.9333,0.7646999999999999,0.8844,,,,SY20-21_GraduationReport_Final.xlsx,2021 4-Year Cohort ,SY20-21_GraduationReport_Final.xlsx,2020 5-Year Cohort
2020-2021,2020,2021,Berkeley,4,Musselman High School,musselman high school,503,4503,schoolid_4503,379,375,0.9894,0.9897,0.9891,0.9908,1.0,1.0,,1.0,0.95,,1.0,0.9623,0.9732,1.0,0.95,0.8,413,404,0.9782,0.9859,0.97,0.9773000000000001,1.0,1.0,1.0,,1.0,,1.0,0.9265000000000001,0.9641,,,,SY20-21_GraduationReport_Final.xlsx,2021 4-Year Cohort ,SY20-21_GraduationReport_Final.xlsx,2020 5-Year Cohort
2020-2021,2020,2021,Berkeley,4,Spring Mills High School,spring mills high school,504,4504,schoolid_4504,341,327,0.9589,0.9623999999999999,0.9548000000000001,0.9590000000000001,0.9444,0.9444,1.0,,1.0,,0.875,0.8983,0.9375,,0.9375,0.75,317,303,0.9558,0.9423,0.9689,0.9562999999999999,0.9615,1.0,1.0,1.0,0.8824,1.0,1.0,0.9129999999999999,0.9353,,,,SY20-21_GraduationReport_Final.xlsx,2021 4-Year Cohort ,SY20-21_GraduationReport_Final.xlsx,2020 5-Year Cohort
2020-2021,2020,2021,Boone,6,Scott High School,scott high school,501,6501,schoolid_6501,159,141,0.8868,0.8434,0.9342,0.8861,,,,,1.0,,,0.8946999999999999,0.8404,,1.0,1.0,131,122,0.9312999999999999,0.92,0.9464,0.937,1.0,,,,,,,0.8636,0.9091,,,,SY20-21_GraduationReport_Final.xlsx,2021 4-Year Cohort ,SY20-21_GraduationReport_Final.xlsx,2020 5-Year Cohort
2020-2021,2020,2021,Boone,6,Sherman High School,sherman high school,502,6502,schoolid_6502,100,92,0.92,0.9388,0.902,0.9286,,,,,1.0,,,0.8234999999999999,0.8833,,,0.8571,118,109,0.9237000000000001,0.9,0.9483,0.9224,1.0,,,,,,,0.8181999999999999,0.8873000000000001,,,,SY20-21_GraduationReport_Final.xlsx,2021 4-Year Cohort ,SY20-21_GraduationReport_Final.xlsx,2020 5-Year Cohort
2020-2021,2020,2021,Boone,6,Van Junior/Senior High School,van junior/senior high school,503,6503,schoolid_6503,28,21,0.75,0.7,0.7778,0.75,,,,,,,,0.6667000000000001,0.8,,,,30,27,0.9,0.9333,0.8667,0.9,,,,,,,,1.0,0.8,,,,SY20-21_GraduationReport_Final.xlsx,2021 4-Year Cohort ,SY20-21_GraduationReport_Final.xlsx,2020 5-Year Cohort
2020-2021,2020,2021,Braxton,8,Braxton County High School,braxton county high school,501,8501,schoolid_8501,149,135,0.9059999999999999,0.875,0.9508,0.9034,1.0,1.0,,,1.0,,,0.7353000000000001,0.8434,,0.75,0.8,141,136,0.9645,0.9863,0.9412,0.963,,1.0,1.0,,1.0,,,0.8125,0.9473999999999999,,,,SY20-21_GraduationReport_Final.xlsx,2021 4-Year Cohort ,SY20-21_GraduationReport_Final.xlsx,2020 5-Year Cohort
2020-2021,2020,2021,Brooke,10,Brooke High School,brooke high school,502,10502,schoolid_10502,213,196,0.9201999999999999,0.9231,0.9167000000000001,0.9212,1.0,,,,1.0,,,0.7778,0.8602,,1.0,,193,185,0.9584999999999999,0.9604,0.9565,0.9568000000000001,1.0,1.0,,,1.0,,,0.8919,0.9222,,,,SY20-21_GraduationReport_Final.xlsx,2021 4-Year Cohort ,SY20-21_GraduationReport_Final.xlsx,2020 5-Year Cohort
2020-2021,2020,2021,Cabell,12,Cabell Midland High School,cabell midland high school,550,12550,schoolid_12550,442,418,0.9457,0.9143000000000001,0.9741,0.9495999999999999,1.0,0.75,1.0,,0.8571,,0.8571,0.8889,0.9063,1.0,0.75,0.8667,458,434,0.9476,0.9187000000000001,0.9811,0.9490000000000001,1.0,1.0,1.0,,0.875,,1.0,0.9123,0.9005,,,,SY20-21_GraduationReport_Final.xlsx,2021 4-Year Cohort ,SY20-21_GraduationReport_Final.xlsx,2020 5-Year Cohort
2020-2021,2020,2021,Cabell,12,Huntington High School,huntington high school,560,12560,schoolid_12560,420,349,0.831,0.7873,0.8794,0.8089,0.9091,0.9167000000000001,1.0,,0.8787999999999999,,1.0,0.7368000000000001,0.7585,,0.6667000000000001,0.7273000000000001,410,361,0.8805,0.8676,0.8953,0.8814,0.9216,0.7778,1.0,,0.8484999999999999,,1.0,0.7945,0.8332999999999999,,,,SY20-21_GraduationReport_Final.xlsx,2021 4-Year Cohort ,SY20-21_GraduationReport_Final.xlsx,2020 5-Year Cohort
2020-2021,2020,2021,Calhoun,14,Calhoun Middle/High School,calhoun middle/high school,501,14501,schoolid_14501,66,62,0.9394,0.9355,0.9429000000000001,0.9375,1.0,,,,1.0,,1.0,0.8,0.9512,,0.9286,1.0,93,89,0.9570000000000001,0.9565,0.9573999999999999,0.9673999999999999,,,,,,,,0.875,0.9333,,,,SY20-21_GraduationReport_Final.xlsx,2021 4-Year Cohort ,SY20-21_GraduationReport_Final.xlsx,2020 5-Year Cohort
2020-2021,2020,2021,Clay,16,Clay County High School,clay county high school,501,16501,schoolid_16501,131,126,0.9618000000000001,0.9444,0.9831,0.9690000000000001,,,,,1.0,,,1.0,0.9462,1.0,0.963,,109,103,0.945,0.9545,0.9301999999999999,0.9537,,,,,,,,0.9333,0.9487000000000001,,,,SY20-21_GraduationReport_Final.xlsx,2021 4-Year Cohort ,SY20-21_GraduationReport_Final.xlsx,2020 5-Year Cohort
2020-2021,2020,2021,Doddridge,18,Doddridge County High School,doddridge county high school,501,18501,schoolid_18501,61,60,0.9836,1.0,0.9643,0.9833,1.0,,,,,,,1.0,0.9677,,0.75,1.0,78,78,1.0,1.0,1.0,1.0,,1.0,,,,,,1.0,1.0,,,,SY20-21_GraduationReport_Final.xlsx,2021 4-Year Cohort ,SY20-21_GraduationReport_Final.xlsx,2020 5-Year Cohort
2020-2021,2020,2021,Fayette,20,Meadow Bridge High,meadow bridge high,503,20503,schoolid_20503,35,34,0.9714,0.9375,1.0,0.9706,,1.0,,,,,,1.0,0.95,,0.75,1.0,26,26,1.0,1.0,1.0,1.0,,,,,,,,1.0,1.0,,,,SY20-21_GraduationReport_Final.xlsx,2021 4-Year Cohort ,SY20-21_GraduationReport_Final.xlsx,2020 5-Year Cohort
2020-2021,2020,2021,Fayette,20,Midland Trail High,midland trail high,504,20504,schoolid_20504,94,91,0.9681000000000001,1.0,0.9362,0.978,,,,,1.0,,,1.0,0.9301999999999999,,1.0,,89,87,0.9775,1.0,0.9545,0.9773000000000001,1.0,,,,,,,1.0,0.9473999999999999,,,,SY20-21_GraduationReport_Final.xlsx,2021 4-Year Cohort ,SY20-21_GraduationReport_Final.xlsx,2020 5-Year Cohort
2020-2021,2020,2021,Fayette,20,Oak Hill High,oak hill high,506,20506,schoolid_20506,276,248,0.8986,0.8639,0.938,0.9016,0.9048,,1.0,,0.875,,,0.7381,0.8588,,0.8,0.7143,273,240,0.8791,0.8543000000000001,0.9098,0.8776,1.0,1.0,1.0,,,,,0.8234999999999999,0.8393,,,,SY20-21_GraduationReport_Final.xlsx,2021 4-Year Cohort ,SY20-21_GraduationReport_Final.xlsx,2020 5-Year Cohort
2020-2021,2020,2021,Gilmer,22,Gilmer County High School,gilmer county high school,501,22501,schoolid_22501,45,42,0.9333,0.95,0.92,0.9333,,,,,,,,0.875,0.88,,0.8,,52,48,0.9231,0.9167000000000001,0.9286,0.92,,,1.0,,1.0,,,,0.8621,,,,SY20-21_GraduationReport_Final.xlsx,2021 4-Year Cohort ,SY20-21_GraduationReport_Final.xlsx,2020 5-Year Cohort
2020-2021,2020,2021,Grant,24,Petersburg High School,petersburg high school,501,24501,schoolid_24501,108,102,0.9444,0.9194,0.9783,0.9434,,1.0,1.0,,,,,0.8462000000000001,0.9129999999999999,1.0,1.0,,,,0.9346,0.9573999999999999,0.9167000000000001,0.934,,1.0,,,,,1.0,0.8667,0.8889,,,,SY20-21_GraduationReport_Final.xlsx,2021 4-Year Cohort ,SY20-21_GraduationReport_Final.xlsx,2020 5-Year Cohort
2020-2021,2020,2021,Grant,24,Union Educational Complex,union educational complex,101,24101,schoolid_24101,12,12,1.0,1.0,1.0,1.0,1.0,1.0,,,,,1.0,1.0,1.0,,1.0,,,,1.0,1.0,1.0,1.0,,,,,,,,1.0,1.0,,,,SY20-21_GraduationReport_Final.xlsx,2021 4-Year Cohort ,SY20-21_GraduationReport_Final.xlsx,2020 5-Year Cohort
2020-2021,2020,2021,Greenbrier,26,Greenbrier East High School,greenbrier east high school,501,26501,schoolid_26501,233,212,0.9098999999999999,0.8829,0.9344,0.9163,1.0,0.875,1.0,,0.7,,1.0,0.8095,0.8240999999999999,,0.6,0.5714,263,251,0.9544,0.9612,0.9478,0.9590000000000001,0.7143,1.0,1.0,,1.0,,1.0,0.8913,0.9268000000000001,,,,SY20-21_GraduationReport_Final.xlsx,2021 4-Year Cohort ,SY20-21_GraduationReport_Final.xlsx,2020 5-Year Cohort
2020-2021,2020,2021,Greenbrier,26,Greenbrier West High School,greenbrier west high school,502,26502,schoolid_26502,82,72,0.878,0.86,0.9063,0.8861,1.0,,,1.0,,,,0.75,0.8,,0.6,,85,78,0.9176000000000001,0.9,0.9333,0.925,1.0,,,,0.6667000000000001,,,1.0,0.8814,,,,SY20-21_GraduationReport_Final.xlsx,2021 4-Year Cohort ,SY20-21_GraduationReport_Final.xlsx,2020 5-Year Cohort
2020-2021,2020,2021,Hampshire,28,Hampshire Senior High School,hampshire senior high school,501,28501,schoolid_28501,243,206,0.8477,0.8134,0.8898999999999999,0.8517,,1.0,,,1.0,,1.0,0.619,0.7768999999999999,,0.4545,0.6,234,201,0.8590000000000001,0.807,0.9083,0.8628,,1.0,,,0.6667000000000001,,,0.7358,0.7619,,,,SY20-21_GraduationReport_Final.xlsx,2021 4-Year Cohort ,SY20-21_GraduationReport_Final.xlsx,2020 5-Year Cohort
2020-2021,2020,2021,Hancock,29,Oak Glen High School,oak glen high school,501,29501,schoolid_29501,130,124,0.9538,0.9306,0.9828,0.9675,,1.0,1.0,,1.0,,1.0,0.9091,0.9194,,1.0,,140,134,0.9571,0.9138,0.9878,0.9562,1.0,,,,,,,0.8966,0.9077,,,,SY20-21_GraduationReport_Final.xlsx,2021 4-Year Cohort ,SY20-21_GraduationReport_Final.xlsx,2020 5-Year Cohort
2020-2021,2020,2021,Hancock,29,Weir High School,weir high school,502,29502,schoolid_29502,163,145,0.8896,0.8636,0.92,0.8861,1.0,,,,1.0,,,0.8409,0.8767,,1.0,,157,149,0.9490000000000001,0.9670000000000001,0.9242,0.958,0.7778,1.0,,,1.0,,,0.9375,0.8889,,,,SY20-21_GraduationReport_Final.xlsx,2021 4-Year Cohort ,SY20-21_GraduationReport_Final.xlsx,2020 5-Year Cohort
2020-2021,2020,2021,Hardy,31,East Hardy High School,east hardy high school,501,31501,schoolid_31501,63,59,0.9365000000000001,0.8946999999999999,1.0,0.9492,1.0,1.0,1.0,,,,,0.8181999999999999,0.875,,1.0,,43,43,1.0,1.0,1.0,1.0,,,,,,,,1.0,1.0,,,,SY20-21_GraduationReport_Final.xlsx,2021 4-Year Cohort ,SY20-21_GraduationReport_Final.xlsx,2020 5-Year Cohort
2020-2021,2020,2021,Hardy,31,Moorefield High School,moorefield high school,502,31502,schoolid_31502,109,101,0.9266,0.9041,0.9722,0.9262999999999999,1.0,0.8889,,,1.0,,0.9091,0.875,0.8833,,0.6,,103,99,0.9612,0.9473999999999999,0.9783,0.9670000000000001,1.0,1.0,1.0,,0.6667000000000001,,1.0,0.9333,0.92,,,,SY20-21_GraduationReport_Final.xlsx,2021 4-Year Cohort ,SY20-21_GraduationReport_Final.xlsx,2020 5-Year Cohort
2020-2021,2020,2021,Harrison,33,Bridgeport High School,bridgeport high school,501,33501,schoolid_33501,208,204,0.9808,0.9767,0.9836,0.9788,1.0,1.0,1.0,,1.0,1.0,1.0,1.0,0.9167000000000001,1.0,1.0,0.6667000000000001,181,180,0.9945,0.9898,1.0,0.9941,1.0,1.0,1.0,,1.0,,1.0,0.9565,0.9706,,,,SY20-21_GraduationReport_Final.xlsx,2021 4-Year Cohort ,SY20-21_GraduationReport_Final.xlsx,2020 5-Year Cohort
2020-2021,2020,2021,Harrison,33,Liberty High School,liberty high school,502,33502,schoolid_33502,144,140,0.9722,0.96,0.9854999999999999,0.9712000000000001,1.0,1.0,,,1.0,,,0.8856999999999999,0.9714,,0.9582999999999999,1.0,132,132,1.0,1.0,1.0,1.0,1.0,1.0,,,,,1.0,1.0,1.0,,,,SY20-21_GraduationReport_Final.xlsx,2021 4-Year Cohort ,SY20-21_GraduationReport_Final.xlsx,2020 5-Year Cohort
2020-2021,2020,2021,Harrison,33,Lincoln High School,lincoln high school,503,33503,schoolid_33503,140,130,0.9286,0.8861,0.9836,0.9281,,1.0,,,,,,0.8695999999999999,0.8987,,1.0,1.0,123,123,1.0,1.0,1.0,1.0,1.0,,,,1.0,,,1.0,1.0,,,,SY20-21_GraduationReport_Final.xlsx,2021 4-Year Cohort ,SY20-21_GraduationReport_Final.xlsx,2020 5-Year Cohort
2020-2021,2020,2021,Harrison,33,Robert C Byrd High School,robert c byrd high school,506,33506,schoolid_33506,174,160,0.9195,0.9294,0.9101,0.9226000000000001,0.8181999999999999,1.0,1.0,,1.0,,1.0,0.8181999999999999,0.8736,1.0,1.0,,163,160,0.9815999999999999,0.9726,0.9889,0.9797,1.0,1.0,,,1.0,,1.0,0.9362,0.9620000000000001,,,,SY20-21_GraduationReport_Final.xlsx,2021 4-Year Cohort ,SY20-21_GraduationReport_Final.xlsx,2020 5-Year Cohort
2020-2021,2020,2021,Harrison,33,South Harrison High School,south harrison high school,505,33505,schoolid_33505,69,66,0.9565,0.9643,0.9512,0.9545,1.0,,,,1.0,,,0.9231,0.9129999999999999,,0.7778,1.0,77,74,0.961,0.9792000000000001,0.9309999999999999,0.96,1.0,,,,1.0,,,0.8462000000000001,0.8929,,,,SY20-21_GraduationReport_Final.xlsx,2021 4-Year Cohort ,SY20-21_GraduationReport_Final.xlsx,2020 5-Year Cohort
2020-2021,2020,2021,Jackson,35,Ravenswood High School,ravenswood high school,501,35501,schoolid_35501,99,89,0.899,0.88,0.9184,0.8957999999999999,,1.0,,,,,,0.8332999999999999,0.8667,,,,107,105,0.9813,0.9831,0.9792000000000001,0.9813,,,,,,,,1.0,0.9615,,,,SY20-21_GraduationReport_Final.xlsx,2021 4-Year Cohort ,SY20-21_GraduationReport_Final.xlsx,2020 5-Year Cohort
2020-2021,2020,2021,Jackson,35,Ripley High School,ripley high school,502,35502,schoolid_35502,203,189,0.9309999999999999,0.9293,0.9327,0.9281999999999999,1.0,1.0,,,1.0,1.0,,0.7391,0.8271999999999999,,1.0,,211,190,0.9005,0.9123,0.8865999999999999,0.8981,1.0,1.0,1.0,,,,,0.6667000000000001,0.8190999999999999,,,,SY20-21_GraduationReport_Final.xlsx,2021 4-Year Cohort ,SY20-21_GraduationReport_Final.xlsx,2020 5-Year Cohort
2020-2021,2020,2021,Jefferson,37,Jefferson High School,jefferson high school,501,37501,schoolid_37501,317,267,0.8423,0.8089,0.875,0.8739,0.7646999999999999,0.6667000000000001,1.0,,0.7391,,0.625,0.7059000000000001,0.7015,1.0,0.7111,1.0,385,349,0.9065000000000001,0.9076000000000001,0.9055,0.9027,0.8621,0.9031999999999999,1.0,,1.0,,1.0,0.7778,0.8387,,,,SY20-21_GraduationReport_Final.xlsx,2021 4-Year Cohort ,SY20-21_GraduationReport_Final.xlsx,2020 5-Year Cohort
2020-2021,2020,2021,Jefferson,37,Washington High School,washington high school,502,37502,schoolid_37502,316,281,0.8892,0.8543999999999999,0.9240999999999999,0.903,0.8261,0.8529000000000001,1.0,,0.8332999999999999,,0.8571,0.7778,0.8014,1.0,0.8406,1.0,293,269,0.9181,0.9299,0.9044,0.9184,0.9091,0.9523999999999999,0.75,,0.9167000000000001,,1.0,0.7585999999999999,0.8583,,,,SY20-21_GraduationReport_Final.xlsx,2021 4-Year Cohort ,SY20-21_GraduationReport_Final.xlsx,2020 5-Year Cohort
2020-2021,2020,2021,Kanawha,39,Capital High School,capital high school,513,39513,schoolid_39513,297,241,0.8114,0.7778,0.8362999999999999,0.8195999999999999,0.7561,1.0,1.0,,0.9375,,0.6667000000000001,0.6444,0.7512000000000001,,0.5,0.6087,321,256,0.7975,0.7237,0.8639,0.8084,0.7765000000000001,1.0,0.6667000000000001,1.0,0.6923,,1.0,0.6383,0.7047,,,,SY20-21_GraduationReport_Final.xlsx,2021 4-Year Cohort ,SY20-21_GraduationReport_Final.xlsx,2020 5-Year Cohort
2020-2021,2020,2021,Kanawha,39,George Washington High School,george washington high school,506,39506,schoolid_39506,287,270,0.9408,0.9383,0.9440000000000001,0.938,0.9048,1.0,1.0,1.0,1.0,1.0,1.0,1.0,0.8723000000000001,,0.7778,0.3636,284,268,0.9437000000000001,0.9448000000000001,0.9423999999999999,0.9509000000000001,0.875,1.0,1.0,,0.6667000000000001,,1.0,0.7585999999999999,0.8556999999999999,,,,SY20-21_GraduationReport_Final.xlsx,2021 4-Year Cohort ,SY20-21_GraduationReport_Final.xlsx,2020 5-Year Cohort
2020-2021,2020,2021,Kanawha,39,Herbert Hoover High School,herbert hoover high school,507,39507,schoolid_39507,189,169,0.8942,0.8667,0.9286,0.893,1.0,1.0,,,,,,0.8667,0.8137000000000001,,0.7692,,186,165,0.8870999999999999,0.8957999999999999,0.8778,0.8901,1.0,,,,1.0,,,0.7646999999999999,0.8283,,,,SY20-21_GraduationReport_Final.xlsx,2021 4-Year Cohort ,SY20-21_GraduationReport_Final.xlsx,2020 5-Year Cohort
2020-2021,2020,2021,Kanawha,39,Nitro High School,nitro high school,508,39508,schoolid_39508,194,168,0.866,0.8586,0.8737,0.8787999999999999,0.8234999999999999,,1.0,1.0,0.6667000000000001,,,0.7391,0.75,,0.7143,0.625,185,167,0.9027,0.9294,0.88,0.9157,0.9,0.6,,,0.75,,,0.7143,0.8395,,,,SY20-21_GraduationReport_Final.xlsx,2021 4-Year Cohort ,SY20-21_GraduationReport_Final.xlsx,2020 5-Year Cohort
2020-2021,2020,2021,Kanawha,39,Riverside High School,riverside high school,514,39514,schoolid_39514,253,212,0.8379000000000001,0.8209000000000001,0.8571,0.8240000000000001,1.0,1.0,1.0,,1.0,,1.0,0.7857,0.8025,,0.5832999999999999,0.6364,281,250,0.8896999999999999,0.8881999999999999,0.8915000000000001,0.8889,0.9375,,1.0,,1.0,,1.0,0.8,0.8423999999999999,,,,SY20-21_GraduationReport_Final.xlsx,2021 4-Year Cohort ,SY20-21_GraduationReport_Final.xlsx,2020 5-Year Cohort
2020-2021,2020,2021,Kanawha,39,Saint Albans High School,saint albans high school,509,39509,schoolid_39509,249,209,0.8393999999999999,0.8454999999999999,0.8332999999999999,0.8384,0.8667,1.0,1.0,,0.6667000000000001,,,0.5,0.75,,0.5832999999999999,,264,244,0.9242,0.9048,0.9420000000000001,0.9322,0.8824,0.6667000000000001,1.0,,0.8,,1.0,0.8649,0.8851,,,,SY20-21_GraduationReport_Final.xlsx,2021 4-Year Cohort ,SY20-21_GraduationReport_Final.xlsx,2020 5-Year Cohort
2020-2021,2020,2021,Kanawha,39,Sissonville High School,sissonville high school,510,39510,schoolid_39510,142,136,0.9577,0.9643,0.9483,0.9568000000000001,1.0,1.0,,,,,,0.875,0.9167000000000001,1.0,,0.8,140,130,0.9286,0.9155,0.9420000000000001,0.9343,,1.0,,1.0,,,,0.84,0.8841,,,,SY20-21_GraduationReport_Final.xlsx,2021 4-Year Cohort ,SY20-21_GraduationReport_Final.xlsx,2020 5-Year Cohort
2020-2021,2020,2021,Kanawha,39,South Charleston High School,south charleston high school,511,39511,schoolid_39511,234,188,0.8034,0.7951,0.8125,0.8105,0.7679,0.8,1.0,,0.8332999999999999,,1.0,0.5861999999999999,0.6884,,,0.4545,264,230,0.8712000000000001,0.8582,0.8862000000000001,0.8711,0.8462000000000001,1.0,1.0,,0.9231,,1.0,0.85,0.8181999999999999,,,,SY20-21_GraduationReport_Final.xlsx,2021 4-Year Cohort ,SY20-21_GraduationReport_Final.xlsx,2020 5-Year Cohort
2020-2021,2020,2021,Lewis,41,Lewis County High School,lewis county high school,501,41501,schoolid_41501,185,165,0.8919,0.87,0.9176000000000001,0.8906999999999999,,,,,1.0,,,0.8571,0.8151999999999999,,0.7273000000000001,,168,147,0.875,0.8721,0.878,0.8712000000000001,1.0,1.0,1.0,,,,1.0,0.68,0.8095,,,,SY20-21_GraduationReport_Final.xlsx,2021 4-Year Cohort ,SY20-21_GraduationReport_Final.xlsx,2020 5-Year Cohort
2020-2021,2020,2021,Lincoln,43,Lincoln County High School,lincoln county high school,506,43506,schoolid_43506,217,185,0.8525,0.8273,0.8785,0.8491,1.0,1.0,1.0,,1.0,,,0.8,0.7787000000000001,,0.5714,0.2,211,195,0.9242,0.8793000000000001,0.9789,0.9227,1.0,1.0,1.0,,,,,0.8936,0.9,,,,SY20-21_GraduationReport_Final.xlsx,2021 4-Year Cohort ,SY20-21_GraduationReport_Final.xlsx,2020 5-Year Cohort
2020-2021,2020,2021,Logan,45,Chapmanville Regional High School,chapmanville regional high school,501,45501,schoolid_45501,167,143,0.8563,0.8478,0.8667,0.8554,1.0,,,,,,,0.9048,0.8173999999999999,,0.6364,1.0,187,169,0.9037000000000001,0.8764,0.9286,0.9031999999999999,1.0,,,,,,1.0,1.0,0.8623999999999999,,,,SY20-21_GraduationReport_Final.xlsx,2021 4-Year Cohort ,SY20-21_GraduationReport_Final.xlsx,2020 5-Year Cohort
2020-2021,2020,2021,Logan,45,Logan Senior High School,logan senior high school,502,45502,schoolid_45502,145,122,0.8414,0.7948999999999999,0.8955,0.8443999999999999,0.875,,1.0,,,,1.0,0.7895,0.7843000000000001,,0.65,1.0,159,137,0.8615999999999999,0.8131999999999999,0.9265000000000001,0.8514,1.0,,1.0,1.0,1.0,,1.0,0.76,0.7981999999999999,,,,SY20-21_GraduationReport_Final.xlsx,2021 4-Year Cohort ,SY20-21_GraduationReport_Final.xlsx,2020 5-Year Cohort
2020-2021,2020,2021,Logan,45,Man Senior High School,man senior high school,503,45503,schoolid_45503,90,76,0.8443999999999999,0.8125,0.8809999999999999,0.8353,,,,,1.0,,,0.8181999999999999,0.7966,,0.8181999999999999,0.6667000000000001,105,94,0.8952,0.9048,0.8809999999999999,0.89,1.0,,,,1.0,,,0.8332999999999999,0.8824,,,,SY20-21_GraduationReport_Final.xlsx,2021 4-Year Cohort ,SY20-21_GraduationReport_Final.xlsx,2020 5-Year Cohort
2020-2021,2020,2021,Marion,47,East Fairmont High School,east fairmont high school,501,47501,schoolid_47501,167,162,0.9701000000000001,0.9390000000000001,1.0,0.9682,1.0,,1.0,,1.0,,1.0,0.9048,0.9467,1.0,0.75,0.8,161,156,0.9689,0.9545,0.9863,0.9742000000000001,1.0,1.0,,,0.6667000000000001,,1.0,0.9091,0.9194,,,,SY20-21_GraduationReport_Final.xlsx,2021 4-Year Cohort ,SY20-21_GraduationReport_Final.xlsx,2020 5-Year Cohort
2020-2021,2020,2021,Marion,47,Fairmont Senior High School,fairmont senior high school,502,47502,schoolid_47502,192,183,0.9531000000000001,0.9417,0.9662999999999999,0.956,0.9167000000000001,1.0,1.0,,1.0,,,1.0,0.9091,1.0,0.75,0.6667000000000001,196,191,0.9745,0.95,1.0,0.9737,0.96,1.0,1.0,,1.0,,1.0,0.9582999999999999,0.9688,,,,SY20-21_GraduationReport_Final.xlsx,2021 4-Year Cohort ,SY20-21_GraduationReport_Final.xlsx,2020 5-Year Cohort
2020-2021,2020,2021,Marion,47,North Marion High School,north marion high school,503,47503,schoolid_47503,184,181,0.9837,0.9775,0.9895,0.9831,1.0,1.0,1.0,,,,,0.9523999999999999,0.977,,1.0,1.0,192,187,0.9740000000000001,0.9636,0.9878,0.9725,1.0,1.0,,,1.0,1.0,1.0,0.8125,0.9604,,,,SY20-21_GraduationReport_Final.xlsx,2021 4-Year Cohort ,SY20-21_GraduationReport_Final.xlsx,2020 5-Year Cohort
2020-2021,2020,2021,Marshall,48,Cameron High School,cameron high school,501,48501,schoolid_48501,38,38,1.0,1.0,1.0,1.0,,,,,,,,1.0,1.0,,1.0,1.0,45,45,1.0,1.0,1.0,1.0,,,,,,,,1.0,1.0,,,,SY20-21_GraduationReport_Final.xlsx,2021 4-Year Cohort ,SY20-21_GraduationReport_Final.xlsx,2020 5-Year Cohort
2020-2021,2020,2021,Marshall,48,John Marshall High School,john marshall high school,502,48502,schoolid_48502,251,245,0.9761,0.9762000000000001,0.976,0.9753000000000001,1.0,1.0,1.0,,1.0,,1.0,0.9309999999999999,0.9487000000000001,1.0,0.875,,270,260,0.963,0.9640000000000001,0.9618000000000001,0.9658,1.0,0.75,,,1.0,,1.0,0.9643,0.9308,,,,SY20-21_GraduationReport_Final.xlsx,2021 4-Year Cohort ,SY20-21_GraduationReport_Final.xlsx,2020 5-Year Cohort
2020-2021,2020,2021,Mason,49,Hannan High School,hannan high school,501,49501,schoolid_49501,41,38,0.9268000000000001,0.8946999999999999,0.9545,0.925,1.0,,,,,,,0.9091,0.8636,,,1.0,47,45,0.9573999999999999,0.96,0.9545,0.9783,,,,,,,,1.0,0.9375,,,,SY20-21_GraduationReport_Final.xlsx,2021 4-Year Cohort ,SY20-21_GraduationReport_Final.xlsx,2020 5-Year Cohort
2020-2021,2020,2021,Mason,49,Point Pleasant Junior/Senior High School,point pleasant junior/senior high school,502,49502,schoolid_49502,158,151,0.9556999999999999,0.9136,1.0,0.9536,1.0,,1.0,,1.0,,,0.9063,0.9277,,1.0,1.0,164,157,0.9573,0.9473999999999999,0.971,0.9675,0.8,1.0,1.0,,0.6667000000000001,,,0.8636,0.9398000000000001,,,,SY20-21_GraduationReport_Final.xlsx,2021 4-Year Cohort ,SY20-21_GraduationReport_Final.xlsx,2020 5-Year Cohort
2020-2021,2020,2021,Mason,49,Wahama High School,wahama high school,503,49503,schoolid_49503,48,45,0.9375,0.8695999999999999,1.0,0.9348000000000001,,,,,1.0,,,1.0,0.8966,,1.0,,66,62,0.9394,0.907,1.0,0.9384999999999999,,,,,1.0,,,0.8,0.9091,,,,SY20-21_GraduationReport_Final.xlsx,2021 4-Year Cohort ,SY20-21_GraduationReport_Final.xlsx,2020 5-Year Cohort
2020-2021,2020,2021,McDowell,60,Mount View High School,mount view high school,527,60527,schoolid_60527,92,79,0.8587,0.8443999999999999,0.8723000000000001,0.8243,1.0,,,,,,,0.7646999999999999,0.8281000000000001,,,,89,67,0.7528,0.6739,0.8371999999999999,0.7465,0.75,,,1.0,1.0,,,0.6667000000000001,0.7424,,,,SY20-21_GraduationReport_Final.xlsx,2021 4-Year Cohort ,SY20-21_GraduationReport_Final.xlsx,2020 5-Year Cohort
2020-2021,2020,2021,McDowell,60,River View High School,river view high school,520,60520,schoolid_60520,120,108,0.9,0.8649,0.9565,0.8983,1.0,1.0,,,,,,0.8667,0.8854000000000001,,0.8636,0.6667000000000001,122,107,0.877,0.8382,0.9259000000000001,0.877,,,,,,,,0.7037,0.8587,,,,SY20-21_GraduationReport_Final.xlsx,2021 4-Year Cohort ,SY20-21_GraduationReport_Final.xlsx,2020 5-Year Cohort
2020-2021,2020,2021,Mercer,51,Bluefield High School,bluefield high school,502,51502,schoolid_51502,152,133,0.875,0.8556,0.9031999999999999,0.8571,0.9091,1.0,,,1.0,,,0.8095,0.8641,,0.8332999999999999,0.6667000000000001,150,136,0.9067000000000001,0.9146,0.8970999999999999,0.9091,0.9111,0.6667000000000001,1.0,,1.0,,,0.8519,0.8776,,,,SY20-21_GraduationReport_Final.xlsx,2021 4-Year Cohort ,SY20-21_GraduationReport_Final.xlsx,2020 5-Year Cohort
2020-2021,2020,2021,Mercer,51,Montcalm High School,montcalm high school,505,51505,schoolid_51505,51,47,0.9216,0.9048,0.9333,0.9216,,,,,,,,1.0,0.875,,0.8332999999999999,0.8,47,42,0.8936,0.8667,0.9412,0.9091,1.0,,,,,,,1.0,0.8621,,,,SY20-21_GraduationReport_Final.xlsx,2021 4-Year Cohort ,SY20-21_GraduationReport_Final.xlsx,2020 5-Year Cohort
2020-2021,2020,2021,Mercer,51,Pikeview High School,pikeview high school,509,51509,schoolid_51509,155,142,0.9161,0.9157,0.9167000000000001,0.9139,,1.0,,1.0,1.0,,,0.85,0.8442000000000001,,,1.0,172,166,0.9651000000000001,0.9634,0.9667,0.9645,1.0,,,1.0,,,,0.9565,0.9444,,,,SY20-21_GraduationReport_Final.xlsx,2021 4-Year Cohort ,SY20-21_GraduationReport_Final.xlsx,2020 5-Year Cohort
2020-2021,2020,2021,Mercer,51,Princeton Senior High School,princeton senior high school,507,51507,schoolid_51507,210,174,0.8286,0.8349,0.8218000000000001,0.8231999999999999,0.9375,1.0,1.0,,0.5714,,1.0,0.8387,0.7281,1.0,0.619,0.6667000000000001,260,233,0.8962,0.8633,0.9339,0.9027,0.8636,1.0,1.0,,0.8332999999999999,,,0.8864,0.8609,,,,SY20-21_GraduationReport_Final.xlsx,2021 4-Year Cohort ,SY20-21_GraduationReport_Final.xlsx,2020 5-Year Cohort
2020-2021,2020,2021,Mineral,53,Frankfort High School,frankfort high school,501,53501,schoolid_53501,122,121,0.9918,0.9839,1.0,0.9917,,,,,1.0,,,1.0,0.9778,,0.8,1.0,115,115,1.0,1.0,1.0,1.0,1.0,,1.0,,,,,1.0,1.0,,,,SY20-21_GraduationReport_Final.xlsx,2021 4-Year Cohort ,SY20-21_GraduationReport_Final.xlsx,2020 5-Year Cohort
2020-2021,2020,2021,Mineral,53,Keyser High School,keyser high school,503,53503,schoolid_53503,129,119,0.9225,0.8955,0.9516,0.9145,1.0,1.0,,,,,,0.7619,0.8676,,0.5714,0.6667000000000001,177,170,0.9605,0.9623,0.9577,0.9573,1.0,1.0,1.0,,,,,0.9667,0.9351,,,,SY20-21_GraduationReport_Final.xlsx,2021 4-Year Cohort ,SY20-21_GraduationReport_Final.xlsx,2020 5-Year Cohort
2020-2021,2020,2021,Mingo,54,Mingo Central Comprehensive High School,mingo central comprehensive high school,508,54508,schoolid_54508,174,157,0.9023,0.8835,0.9296,0.9036,0.6667000000000001,1.0,,,1.0,,,0.8095,0.8673000000000001,,0.6667000000000001,,157,151,0.9618000000000001,0.9639,0.9595,0.9597,1.0,1.0,,,1.0,,,1.0,0.9554,,,,SY20-21_GraduationReport_Final.xlsx,2021 4-Year Cohort ,SY20-21_GraduationReport_Final.xlsx,2020 5-Year Cohort
2020-2021,2020,2021,Mingo,54,Tug Valley High School,tug valley high school,507,54507,schoolid_54507,77,71,0.9220999999999999,0.8611,0.9756,0.92,,1.0,,,,,1.0,0.875,0.9167000000000001,,0.8889,,84,76,0.9048,0.8824,0.9394,0.9048,,,,,,,,1.0,0.8793000000000001,,,,SY20-21_GraduationReport_Final.xlsx,2021 4-Year Cohort ,SY20-21_GraduationReport_Final.xlsx,2020 5-Year Cohort
2020-2021,2020,2021,Monongalia,56,Clay-Battelle High School,clay-battelle high school,501,56501,schoolid_56501,58,54,0.9309999999999999,0.8929,0.9667,0.9298000000000001,,,,1.0,,,,1.0,0.875,,0.7143,1.0,71,65,0.9155,0.875,0.9487000000000001,0.9155,,,,,,,,0.6,0.8181999999999999,,,,SY20-21_GraduationReport_Final.xlsx,2021 4-Year Cohort ,SY20-21_GraduationReport_Final.xlsx,2020 5-Year Cohort
2020-2021,2020,2021,Monongalia,56,Morgantown High School,morgantown high school,502,56502,schoolid_56502,446,418,0.9372,0.927,0.9484,0.9299,1.0,1.0,1.0,1.0,0.9309999999999999,1.0,1.0,0.7254999999999999,0.8481000000000001,,0.6364,0.5556,441,403,0.9138,0.8884000000000001,0.9447,0.9162,0.8077,1.0,1.0,1.0,0.8332999999999999,,1.0,0.7606,0.7975,,,,SY20-21_GraduationReport_Final.xlsx,2021 4-Year Cohort ,SY20-21_GraduationReport_Final.xlsx,2020 5-Year Cohort
2020-2021,2020,2021,Monongalia,56,University High School,university high school,503,56503,schoolid_56503,293,279,0.9521999999999999,0.9344,0.9818000000000001,0.9520000000000001,0.8,1.0,1.0,1.0,1.0,1.0,1.0,0.8112999999999999,0.8864,,0.7143,1.0,286,274,0.958,0.9467,0.9706,0.9618000000000001,0.8,1.0,1.0,,0.875,,,0.7726999999999999,0.9118,,,,SY20-21_GraduationReport_Final.xlsx,2021 4-Year Cohort ,SY20-21_GraduationReport_Final.xlsx,2020 5-Year Cohort
2020-2021,2020,2021,Monroe,57,James Monroe High School,james monroe high school,503,57503,schoolid_57503,105,96,0.9143000000000001,0.8571,0.9643,0.91,1.0,1.0,,,1.0,,,0.46149999999999997,0.86,,1.0,,127,124,0.9764,0.9672,0.9848,0.9834999999999999,1.0,1.0,,,0.6667000000000001,,1.0,1.0,0.9508,,,,SY20-21_GraduationReport_Final.xlsx,2021 4-Year Cohort ,SY20-21_GraduationReport_Final.xlsx,2020 5-Year Cohort
2020-2021,2020,2021,Morgan,58,Berkeley Springs High School,berkeley springs high school,501,58501,schoolid_58501,148,123,0.8311,0.7820999999999999,0.8856999999999999,0.8288,1.0,,,,1.0,,,0.6522,0.7375,,1.0,,153,141,0.9216,0.8946999999999999,0.9481,0.9211,,1.0,,,,,,0.7857,0.8861,,,,SY20-21_GraduationReport_Final.xlsx,2021 4-Year Cohort ,SY20-21_GraduationReport_Final.xlsx,2020 5-Year Cohort
2020-2021,2020,2021,Morgan,58,Paw Paw High School,paw paw high school,502,58502,schoolid_58502,11,11,1.0,1.0,1.0,1.0,,,,,1.0,,,1.0,1.0,,1.0,,17,17,1.0,1.0,1.0,1.0,,1.0,,,,,1.0,1.0,1.0,,,,SY20-21_GraduationReport_Final.xlsx,2021 4-Year Cohort ,SY20-21_GraduationReport_Final.xlsx,2020 5-Year Cohort
2020-2021,2020,2021,Nicholas,62,Nicholas County High School,nicholas county high school,501,62501,schoolid_62501,167,156,0.9340999999999999,0.8831,0.9778,0.9398000000000001,,,,,,,,0.85,0.9184,,0.9048,0.6,163,156,0.9571,0.9375,0.9851000000000001,0.9556999999999999,1.0,1.0,,,,,,0.9231,0.9186,,,,SY20-21_GraduationReport_Final.xlsx,2021 4-Year Cohort ,SY20-21_GraduationReport_Final.xlsx,2020 5-Year Cohort
2020-2021,2020,2021,Nicholas,62,Richwood High School,richwood high school,502,62502,schoolid_62502,91,87,0.956,0.9362,0.9773000000000001,0.9540000000000001,,,,1.0,1.0,,,1.0,0.9375,1.0,0.9129999999999999,0.6667000000000001,90,86,0.9556,0.9804,0.9231,0.9551000000000001,,,,,1.0,,,0.8234999999999999,0.9403,,,,SY20-21_GraduationReport_Final.xlsx,2021 4-Year Cohort ,SY20-21_GraduationReport_Final.xlsx,2020 5-Year Cohort
2020-2021,2020,2021,Ohio,64,Wheeling Park High School,wheeling park high school,501,64501,schoolid_64501,345,335,0.971,0.9811,0.9623999999999999,0.9826999999999999,0.8966,1.0,1.0,,0.9,,1.0,0.8889,0.9355,,0.7619,0.7857,357,350,0.9804,0.9831,0.9778,0.9806,0.9655,1.0,1.0,,1.0,1.0,,0.9545,0.9517,,,,SY20-21_GraduationReport_Final.xlsx,2021 4-Year Cohort ,SY20-21_GraduationReport_Final.xlsx,2020 5-Year Cohort
2020-2021,2020,2021,Pendleton,66,Pendleton County Middle/High School,pendleton county middle/high school,502,66502,schoolid_66502,76,76,1.0,1.0,1.0,1.0,1.0,1.0,,,,1.0,1.0,1.0,1.0,1.0,,,65,65,1.0,1.0,1.0,1.0,1.0,,,,,,,1.0,1.0,,,,SY20-21_GraduationReport_Final.xlsx,2021 4-Year Cohort ,SY20-21_GraduationReport_Final.xlsx,2020 5-Year Cohort
2020-2021,2020,2021,Pleasants,67,St. Marys High School,st. marys high school,501,67501,schoolid_67501,72,71,0.9861,0.9778,1.0,0.9859,1.0,,,,,,,1.0,0.9737,,1.0,0.75,88,86,0.9773000000000001,1.0,0.9556,0.9767,,1.0,,,1.0,,,1.0,0.9565,,,,SY20-21_GraduationReport_Final.xlsx,2021 4-Year Cohort ,SY20-21_GraduationReport_Final.xlsx,2020 5-Year Cohort
2020-2021,2020,2021,Pocahontas,69,Pocahontas County High School,pocahontas county high school,501,69501,schoolid_69501,73,66,0.9041,0.9167000000000001,0.8919,0.9041,,,,,,,1.0,0.8889,0.8537,,0.8,1.0,80,68,0.85,0.775,0.925,0.85,,,,,,,,0.7143,0.7755,,,,SY20-21_GraduationReport_Final.xlsx,2021 4-Year Cohort ,SY20-21_GraduationReport_Final.xlsx,2020 5-Year Cohort
2020-2021,2020,2021,Preston,70,Preston High School,preston high school,507,70507,schoolid_70507,286,243,0.8497,0.7843000000000001,0.9248000000000001,0.8491,1.0,,,,,,,0.8261,0.763,,0.6774,,307,276,0.899,0.8963,0.9020999999999999,0.8959999999999999,1.0,1.0,,,1.0,,,0.8305,0.8189,,,,SY20-21_GraduationReport_Final.xlsx,2021 4-Year Cohort ,SY20-21_GraduationReport_Final.xlsx,2020 5-Year Cohort
2020-2021,2020,2021,Putnam,72,Buffalo High School,buffalo high school,505,72505,schoolid_72505,82,78,0.9512,0.9268000000000001,0.9756,0.9494,1.0,,,,1.0,,,1.0,0.9375,,0.8332999999999999,0.75,88,85,0.9659,0.9573999999999999,0.9756,0.9655,,1.0,,,,,,0.9473999999999999,0.9118,,,,SY20-21_GraduationReport_Final.xlsx,2021 4-Year Cohort ,SY20-21_GraduationReport_Final.xlsx,2020 5-Year Cohort
2020-2021,2020,2021,Putnam,72,Hurricane High School,hurricane high school,510,72510,schoolid_72510,277,268,0.9675,0.9470000000000001,0.9862000000000001,0.9695999999999999,0.75,1.0,1.0,,1.0,1.0,,0.8824,0.9528,1.0,0.7,0.875,307,306,0.9967,1.0,0.9934999999999999,0.9964,1.0,1.0,1.0,1.0,1.0,1.0,,0.9783,0.9881,,,,SY20-21_GraduationReport_Final.xlsx,2021 4-Year Cohort ,SY20-21_GraduationReport_Final.xlsx,2020 5-Year Cohort
2020-2021,2020,2021,Putnam,72,Poca High School,poca high school,515,72515,schoolid_72515,118,115,0.9745999999999999,0.9649,0.9836,0.9825,,1.0,,,,,1.0,0.9048,0.9538,,0.9091,1.0,134,129,0.9627,0.9737,0.9483,0.9690000000000001,1.0,,,,,,,0.8966,0.9333,,,,SY20-21_GraduationReport_Final.xlsx,2021 4-Year Cohort ,SY20-21_GraduationReport_Final.xlsx,2020 5-Year Cohort
2020-2021,2020,2021,Putnam,72,Winfield High School,winfield high school,520,72520,schoolid_72520,219,215,0.9817,0.982,0.9815,0.9808,1.0,1.0,1.0,1.0,1.0,,1.0,0.9534999999999999,0.9682999999999999,1.0,1.0,1.0,200,197,0.985,0.9828,0.9881,0.9832,1.0,1.0,1.0,,1.0,,,0.9031999999999999,0.9828,,,,SY20-21_GraduationReport_Final.xlsx,2021 4-Year Cohort ,SY20-21_GraduationReport_Final.xlsx,2020 5-Year Cohort
2020-2021,2020,2021,Raleigh,74,Independence High School,independence high school,502,74502,schoolid_74502,132,107,0.8106,0.7349,0.9388,0.8145,,0.8,,,1.0,,,0.6,0.6962,,,,156,143,0.9167000000000001,0.8864,0.9559000000000001,0.9195,0.6667000000000001,1.0,1.0,,1.0,,,0.8946999999999999,0.8976999999999999,,,,SY20-21_GraduationReport_Final.xlsx,2021 4-Year Cohort ,SY20-21_GraduationReport_Final.xlsx,2020 5-Year Cohort
2020-2021,2020,2021,Raleigh,74,Liberty High School,liberty high school,503,74503,schoolid_74503,98,92,0.9388,0.9309999999999999,0.95,0.9381,,,1.0,,,,,0.9,0.9218999999999999,,0.8571,1.0,135,127,0.9407,0.9104000000000001,0.9706,0.9398000000000001,,1.0,,,1.0,,,0.8946999999999999,0.9136,,,,SY20-21_GraduationReport_Final.xlsx,2021 4-Year Cohort ,SY20-21_GraduationReport_Final.xlsx,2020 5-Year Cohort
2020-2021,2020,2021,Raleigh,74,Shady Spring High,shady spring high,505,74505,schoolid_74505,169,149,0.8817,0.8652,0.9,0.8848,,,1.0,,1.0,,,0.7857,0.8028,1.0,,0.7143,194,181,0.9329999999999999,0.9109,0.9570000000000001,0.9358,0.6667000000000001,1.0,,,1.0,,1.0,0.8261,0.8778,,,,SY20-21_GraduationReport_Final.xlsx,2021 4-Year Cohort ,SY20-21_GraduationReport_Final.xlsx,2020 5-Year Cohort
2020-2021,2020,2021,Raleigh,74,Woodrow Wilson High School,woodrow wilson high school,506,74506,schoolid_74506,286,242,0.8462000000000001,0.7642,0.9079999999999999,0.8472,0.7755,1.0,1.0,,1.0,,1.0,0.6452,0.7737999999999999,,0.5385,,306,257,0.8399,0.7935,0.8874,0.8673000000000001,0.7778,,1.0,,0.8125,,,0.7297,0.7656999999999999,,,,SY20-21_GraduationReport_Final.xlsx,2021 4-Year Cohort ,SY20-21_GraduationReport_Final.xlsx,2020 5-Year Cohort
2020-2021,2020,2021,Randolph,75,Elkins High School,elkins high school,504,75504,schoolid_75504,185,173,0.9351,0.9175,0.9545,0.9309999999999999,1.0,1.0,1.0,1.0,1.0,,,0.8077,0.9081999999999999,,0.92,0.5,192,188,0.9792000000000001,0.9795999999999999,0.9787,0.9832,1.0,1.0,1.0,,0.8,,,1.0,0.9775,,,,SY20-21_GraduationReport_Final.xlsx,2021 4-Year Cohort ,SY20-21_GraduationReport_Final.xlsx,2020 5-Year Cohort
2020-2021,2020,2021,Randolph,75,Harman Elementary/High School,harman elementary/high school,102,75102,schoolid_75102,,,1.0,1.0,1.0,1.0,,,,,,,,1.0,1.0,,,,,,1.0,1.0,1.0,1.0,,,,,,,,1.0,1.0,,,,SY20-21_GraduationReport_Final.xlsx,2021 4-Year Cohort ,SY20-21_GraduationReport_Final.xlsx,2020 5-Year Cohort
2020-2021,2020,2021,Randolph,75,Pickens Elementary/High School,pickens elementary/high school,103,75103,schoolid_75103,,,1.0,1.0,,1.0,,,,,,,,,,,,,,,1.0,1.0,,1.0,,,,,,,,1.0,,,,,SY20-21_GraduationReport_Final.xlsx,2021 4-Year Cohort ,SY20-21_GraduationReport_Final.xlsx,2020 5-Year Cohort
2020-2021,2020,2021,Randolph,75,Tygarts Valley Middle/High School,tygarts valley middle/high school,503,75503,schoolid_75503,64,63,0.9843999999999999,1.0,0.9615,0.9841,,,,,1.0,,,1.0,0.9677,,1.0,1.0,60,55,0.9167000000000001,0.9091,0.9259000000000001,0.9167000000000001,,,,,,,,0.9231,0.9031999999999999,,,,SY20-21_GraduationReport_Final.xlsx,2021 4-Year Cohort ,SY20-21_GraduationReport_Final.xlsx,2020 5-Year Cohort
2020-2021,2020,2021,Ritchie,77,Ritchie County High School,ritchie county high school,501,77501,schoolid_77501,116,106,0.9138,0.9048,0.9245,0.9138,,,,,,,,0.875,0.8841,,0.9286,,104,92,0.8845999999999999,0.8361,0.9534999999999999,0.8845999999999999,,,,,,,,0.8462000000000001,0.807,,,,SY20-21_GraduationReport_Final.xlsx,2021 4-Year Cohort ,SY20-21_GraduationReport_Final.xlsx,2020 5-Year Cohort
2020-2021,2020,2021,Roane,79,Roane County High,roane county high,503,79503,schoolid_79503,147,143,0.9728,0.95,1.0,0.972,,1.0,,,1.0,,,1.0,0.9551000000000001,,1.0,1.0,133,128,0.9623999999999999,0.9545,0.9701000000000001,0.9695,1.0,,,,,,,0.8462000000000001,0.9398000000000001,,,,SY20-21_GraduationReport_Final.xlsx,2021 4-Year Cohort ,SY20-21_GraduationReport_Final.xlsx,2020 5-Year Cohort
2020-2021,2020,2021,Summers,81,Summers County High School,summers county high school,502,81502,schoolid_81502,98,83,0.8469,0.8125,0.88,0.8681,1.0,,,,,,,0.6923,0.7705,,0.6667000000000001,,105,94,0.8952,0.8542000000000001,0.9298000000000001,0.8889,1.0,,,,1.0,,,0.8824,0.8387,,,,SY20-21_GraduationReport_Final.xlsx,2021 4-Year Cohort ,SY20-21_GraduationReport_Final.xlsx,2020 5-Year Cohort
2020-2021,2020,2021,Taylor,83,Grafton High School,grafton high school,502,83502,schoolid_83502,157,136,0.8662000000000001,0.8101,0.9231,0.8718,,,,,,,,0.76,0.7867000000000001,,0.5385,1.0,156,146,0.9359000000000001,0.9294,0.9437000000000001,0.9351,1.0,,,,1.0,,1.0,0.7391,0.8889,,,,SY20-21_GraduationReport_Final.xlsx,2021 4-Year Cohort ,SY20-21_GraduationReport_Final.xlsx,2020 5-Year Cohort
2020-2021,2020,2021,Tucker,84,Tucker County High School,tucker county high school,501,84501,schoolid_84501,88,80,0.9091,0.8140000000000001,1.0,0.907,,1.0,,,1.0,,,1.0,0.8205,,0.6667000000000001,,64,58,0.9063,0.875,0.9582999999999999,0.9206,,,,,,,,0.7,0.8649,,,,SY20-21_GraduationReport_Final.xlsx,2021 4-Year Cohort ,SY20-21_GraduationReport_Final.xlsx,2020 5-Year Cohort
2020-2021,2020,2021,Tyler,85,Tyler Consolidated High School,tyler consolidated high school,503,85503,schoolid_85503,74,67,0.9054000000000001,0.8946999999999999,0.9167000000000001,0.9054000000000001,,,,,,,,0.5455,0.8438,1.0,1.0,,93,87,0.9355,0.9184,0.9545,0.9348000000000001,,,,,1.0,,,0.85,0.8936,,,,SY20-21_GraduationReport_Final.xlsx,2021 4-Year Cohort ,SY20-21_GraduationReport_Final.xlsx,2020 5-Year Cohort
2020-2021,2020,2021,Upshur,87,Buckhannon Upshur High School,buckhannon upshur high school,501,87501,schoolid_87501,235,218,0.9277,0.9309999999999999,0.9244,0.9261,1.0,1.0,,,1.0,,,0.8856999999999999,0.8865000000000001,,0.8332999999999999,,283,263,0.9293,0.9178000000000001,0.9416,0.9381999999999999,,1.0,,,,,,0.8529000000000001,0.902,,,,SY20-21_GraduationReport_Final.xlsx,2021 4-Year Cohort ,SY20-21_GraduationReport_Final.xlsx,2020 5-Year Cohort
2020-2021,2020,2021,Wayne,89,Spring Valley High School,spring valley high school,508,89508,schoolid_89508,260,232,0.8923000000000001,0.8652,0.9244,0.8937,0.6667000000000001,1.0,,,,,1.0,0.7948999999999999,0.8209000000000001,,0.6154,0.5652,272,233,0.8565999999999999,0.8321,0.8794,0.8534,1.0,1.0,,,1.0,,,0.6744,0.7387999999999999,,,,SY20-21_GraduationReport_Final.xlsx,2021 4-Year Cohort ,SY20-21_GraduationReport_Final.xlsx,2020 5-Year Cohort
2020-2021,2020,2021,Wayne,89,Tolsia High School,tolsia high school,507,89507,schoolid_89507,82,77,0.9390000000000001,0.9286,0.95,0.9390000000000001,,,,,,,1.0,0.8234999999999999,0.9286,,0.6667000000000001,,112,98,0.875,0.8654000000000001,0.8833,0.8726999999999999,,1.0,1.0,,,,1.0,0.7333,0.8571,,,,SY20-21_GraduationReport_Final.xlsx,2021 4-Year Cohort ,SY20-21_GraduationReport_Final.xlsx,2020 5-Year Cohort
2020-2021,2020,2021,Wayne,89,Wayne High School,wayne high school,506,89506,schoolid_89506,140,126,0.9,0.8873000000000001,0.9129999999999999,0.8993000000000001,,1.0,,,,,1.0,0.9582999999999999,0.8462000000000001,,,0.8,169,138,0.8166,0.7813,0.863,0.8133,,1.0,1.0,,1.0,,1.0,0.7714,0.757,,,,SY20-21_GraduationReport_Final.xlsx,2021 4-Year Cohort ,SY20-21_GraduationReport_Final.xlsx,2020 5-Year Cohort
2020-2021,2020,2021,Webster,91,Webster County High School,webster county high school,501,91501,schoolid_91501,76,75,0.9868000000000001,0.9722,1.0,0.9867,,1.0,,,,,,0.9167000000000001,0.9787,,0.8889,1.0,85,81,0.9529000000000001,0.9184,1.0,0.9518000000000001,,1.0,,,1.0,,,0.8462000000000001,0.9333,,,,SY20-21_GraduationReport_Final.xlsx,2021 4-Year Cohort ,SY20-21_GraduationReport_Final.xlsx,2020 5-Year Cohort
2020-2021,2020,2021,Wetzel,92,Hundred High School,hundred high school,501,92501,schoolid_92501,25,25,1.0,1.0,1.0,1.0,,,,,,,1.0,1.0,1.0,,,,32,29,0.9063,0.9048,0.9091,0.9063,,,,,,,,1.0,0.8125,,,,SY20-21_GraduationReport_Final.xlsx,2021 4-Year Cohort ,SY20-21_GraduationReport_Final.xlsx,2020 5-Year Cohort
2020-2021,2020,2021,Wetzel,92,Magnolia High School,magnolia high school,502,92502,schoolid_92502,96,94,0.9792000000000001,0.9804,0.9778,0.9884000000000001,1.0,0.8571,,1.0,1.0,,1.0,1.0,0.9649,,1.0,1.0,99,94,0.9495,0.9148999999999999,0.9808,0.9479000000000001,1.0,,1.0,,,,,0.95,0.9423,,,,SY20-21_GraduationReport_Final.xlsx,2021 4-Year Cohort ,SY20-21_GraduationReport_Final.xlsx,2020 5-Year Cohort
2020-2021,2020,2021,Wetzel,92,Paden City High School,paden city high school,503,92503,schoolid_92503,35,33,0.9429000000000001,0.8824,1.0,0.9375,1.0,,,,1.0,,,1.0,0.8889,,0.6667000000000001,,35,34,0.9714,0.9523999999999999,1.0,0.9688,,,,,1.0,,,1.0,0.9565,,,,SY20-21_GraduationReport_Final.xlsx,2021 4-Year Cohort ,SY20-21_GraduationReport_Final.xlsx,2020 5-Year Cohort
2020-2021,2020,2021,Wetzel,92,Valley High School,valley high school,504,92504,schoolid_92504,29,29,1.0,1.0,1.0,1.0,,,,,,,,1.0,1.0,,1.0,,34,34,1.0,1.0,1.0,1.0,,1.0,,,,,,1.0,1.0,,,,SY20-21_GraduationReport_Final.xlsx,2021 4-Year Cohort ,SY20-21_GraduationReport_Final.xlsx,2020 5-Year Cohort
2020-2021,2020,2021,Wirt,94,Wirt County High School,wirt county high school,501,94501,schoolid_94501,65,59,0.9077,0.9333,0.8856999999999999,0.9031999999999999,1.0,1.0,,,,,,1.0,0.8234999999999999,,0.7778,1.0,79,70,0.8861,0.8723000000000001,0.9063,0.8946999999999999,1.0,,1.0,,,,,1.0,0.8542000000000001,,,,SY20-21_GraduationReport_Final.xlsx,2021 4-Year Cohort ,SY20-21_GraduationReport_Final.xlsx,2020 5-Year Cohort
2020-2021,2020,2021,Wood,96,Parkersburg High School,parkersburg high school,501,96501,schoolid_96501,397,330,0.8312,0.7940999999999999,0.8704999999999999,0.8323999999999999,0.7778,1.0,1.0,,0.75,,1.0,0.6429,0.7589,,0.5313,0.5385,400,328,0.82,0.8009000000000001,0.8436,0.8189,0.7646999999999999,0.8571,1.0,,0.8462000000000001,,,0.6739,0.7576999999999999,,,,SY20-21_GraduationReport_Final.xlsx,2021 4-Year Cohort ,SY20-21_GraduationReport_Final.xlsx,2020 5-Year Cohort
2020-2021,2020,2021,Wood,96,Parkersburg South High School,parkersburg south high school,502,96502,schoolid_96502,326,307,0.9417,0.915,0.9653,0.9417,1.0,1.0,1.0,,0.875,1.0,,0.8695999999999999,0.8937999999999999,,0.6470999999999999,0.8332999999999999,372,347,0.9328,0.9043000000000001,0.9620000000000001,0.9326000000000001,0.8332999999999999,1.0,1.0,,1.0,,,0.807,0.8786,,,,SY20-21_GraduationReport_Final.xlsx,2021 4-Year Cohort ,SY20-21_GraduationReport_Final.xlsx,2020 5-Year Cohort
2020-2021,2020,2021,Wood,96,Williamstown High School,williamstown high school,503,96503,schoolid_96503,89,83,0.9326000000000001,0.9286,0.9362,0.9309999999999999,1.0,,,,1.0,,,0.9167000000000001,0.8529000000000001,,0.5714,1.0,112,109,0.9732,0.9828,0.963,0.9725,1.0,1.0,,,1.0,,1.0,0.875,0.9677,,,,SY20-21_GraduationReport_Final.xlsx,2021 4-Year Cohort ,SY20-21_GraduationReport_Final.xlsx,2020 5-Year Cohort
2020-2021,2020,2021,Wyoming,98,Westside High School,westside high school,508,98508,schoolid_98508,162,157,0.9691,0.963,0.9753000000000001,0.9689,1.0,,,,,,,0.9143000000000001,0.9505,,0.8571,0.8571,146,139,0.9521,0.9286,0.9737,0.951,1.0,,,1.0,1.0,,,0.95,0.9381,,,,SY20-21_GraduationReport_Final.xlsx,2021 4-Year Cohort ,SY20-21_GraduationReport_Final.xlsx,2020 5-Year Cohort
2020-2021,2020,2021,Wyoming,98,Wyoming County East High School,wyoming county east high school,507,98507,schoolid_98507,126,100,0.7937000000000001,0.7424,0.85,0.8017,1.0,,,,,,,0.6,0.716,,,,129,119,0.9225,0.9077,0.9375,0.92,1.0,,,,1.0,,,0.875,0.8916,,,,SY20-21_GraduationReport_Final.xlsx,2021 4-Year Cohort ,SY20-21_GraduationReport_Final.xlsx,2020 5-Year Cohort
2021-2022,2021,2022,Barbour,2,Philip Barbour High School Complex,philip barbour high school complex,501,2501,schoolid_2501,138,129,0.9348000000000001,0.8870999999999999,0.9737,0.9462,,1.0,,1.0,,,,0.8636,0.8676,,1.0,0.75,125,123,0.9840000000000001,0.971,1.0,0.9832,1.0,,1.0,1.0,1.0,1.0,,1.0,0.9636,,1.0,1.0,SY21-22_GraduationReport_Final.xlsx,2022 4-Year Cohort,SY21-22_GraduationReport_Final.xlsx,2021 5-Year Cohort
2021-2022,2021,2022,Berkeley,4,Hedgesville High School,hedgesville high school,501,4501,schoolid_4501,284,271,0.9542,0.96,0.9478,0.9545,1.0,0.9118,,,1.0,,0.8,0.9231,0.9444,1.0,1.0,1.0,294,291,0.9898,0.9934999999999999,0.9856,0.9915999999999999,1.0,1.0,1.0,1.0,0.9231,,1.0,0.9767,0.9825,1.0,1.0,,SY21-22_GraduationReport_Final.xlsx,2022 4-Year Cohort,SY21-22_GraduationReport_Final.xlsx,2021 5-Year Cohort
2021-2022,2021,2022,Berkeley,4,Martinsburg High School,martinsburg high school,502,4502,schoolid_4502,355,337,0.9493,0.9436,0.9562999999999999,0.955,0.9063,0.9743999999999999,1.0,1.0,0.96,,0.8571,0.9259000000000001,0.9227,1.0,1.0,,338,317,0.9379000000000001,0.8797,0.9889,0.934,0.9063,0.9512,1.0,1.0,1.0,,1.0,0.8332999999999999,0.9183,,0.8621,0.4545,SY21-22_GraduationReport_Final.xlsx,2022 4-Year Cohort,SY21-22_GraduationReport_Final.xlsx,2021 5-Year Cohort
2021-2022,2021,2022,Berkeley,4,Musselman High School,musselman high school,503,4503,schoolid_4503,394,393,0.9975,0.995,1.0,0.9969,1.0,1.0,1.0,1.0,1.0,,1.0,0.9811,0.9929000000000001,1.0,1.0,1.0,379,375,0.9894,0.9897,0.9891,0.9908,1.0,1.0,,1.0,0.95,,1.0,0.9623,0.9732,1.0,0.95,0.8,SY21-22_GraduationReport_Final.xlsx,2022 4-Year Cohort,SY21-22_GraduationReport_Final.xlsx,2021 5-Year Cohort
2021-2022,2021,2022,Berkeley,4,Spring Mills High School,spring mills high school,504,4504,schoolid_4504,306,304,0.9934999999999999,1.0,0.9879000000000001,0.9914000000000001,1.0,1.0,1.0,1.0,1.0,1.0,1.0,1.0,1.0,,1.0,1.0,341,328,0.9619,0.9623999999999999,0.9612999999999999,0.9590000000000001,0.9722,0.9444,1.0,,1.0,,1.0,0.9153,0.9453,,0.9375,1.0,SY21-22_GraduationReport_Final.xlsx,2022 4-Year Cohort,SY21-22_GraduationReport_Final.xlsx,2021 5-Year Cohort
2021-2022,2021,2022,Boone,6,Scott High School,scott high school,501,6501,schoolid_6501,154,142,0.9220999999999999,0.9091,0.9394,0.9211,,,1.0,,1.0,,,0.8234999999999999,0.8736,,,,160,145,0.9063,0.8571,0.9605,0.9057,,,,,1.0,,,0.8946999999999999,0.8737,,1.0,1.0,SY21-22_GraduationReport_Final.xlsx,2022 4-Year Cohort,SY21-22_GraduationReport_Final.xlsx,2021 5-Year Cohort
2021-2022,2021,2022,Boone,6,Sherman High School,sherman high school,502,6502,schoolid_6502,81,75,0.9259000000000001,0.8667,1.0,0.9259000000000001,,,,,,,,0.9091,0.878,,1.0,1.0,100,93,0.93,0.9388,0.9216,0.9388,,,,,1.0,,,0.8234999999999999,0.9,,,0.8571,SY21-22_GraduationReport_Final.xlsx,2022 4-Year Cohort,SY21-22_GraduationReport_Final.xlsx,2021 5-Year Cohort
2021-2022,2021,2022,Boone,6,Van Junior/Senior High School,van junior/senior high school,503,6503,schoolid_6503,29,23,0.7931,0.8,0.7857,0.7931,,,,,,,,,0.8234999999999999,,,1.0,28,21,0.75,0.7,0.7778,0.75,,,,,,,,0.6667000000000001,0.8,,,,SY21-22_GraduationReport_Final.xlsx,2022 4-Year Cohort,SY21-22_GraduationReport_Final.xlsx,2021 5-Year Cohort
2021-2022,2021,2022,Braxton,8,Braxton County High School,braxton county high school,501,8501,schoolid_8501,128,122,0.9531000000000001,0.9412,0.9667,0.9516,,,,,1.0,,,0.8332999999999999,0.9231,,0.75,0.875,149,136,0.9128000000000001,0.8864,0.9508,0.9103,1.0,1.0,,,1.0,,,0.7646999999999999,0.8554,,0.75,0.8,SY21-22_GraduationReport_Final.xlsx,2022 4-Year Cohort,SY21-22_GraduationReport_Final.xlsx,2021 5-Year Cohort
2021-2022,2021,2022,Brooke,10,Brooke High School,brooke high school,502,10502,schoolid_10502,222,200,0.9009,0.8611,0.9386,0.8991,1.0,1.0,,,1.0,,,0.7619,0.8367,,,,213,198,0.9296,0.9316,0.9270999999999999,0.9309999999999999,1.0,,,,1.0,,,0.8056,0.8817,,1.0,,SY21-22_GraduationReport_Final.xlsx,2022 4-Year Cohort,SY21-22_GraduationReport_Final.xlsx,2021 5-Year Cohort
2021-2022,2021,2022,Cabell,12,Cabell Midland High School,cabell midland high school,550,12550,schoolid_12550,435,398,0.9148999999999999,0.9009,0.9296,0.9156,1.0,0.875,1.0,1.0,0.8667,,1.0,0.7551000000000001,0.8216,,0.7813,0.40909999999999996,442,423,0.9570000000000001,0.9333,0.9784,0.9616,1.0,0.75,1.0,,0.8571,,0.8571,0.9074,0.9218999999999999,1.0,0.7813,0.8667,SY21-22_GraduationReport_Final.xlsx,2022 4-Year Cohort,SY21-22_GraduationReport_Final.xlsx,2021 5-Year Cohort
2021-2022,2021,2022,Cabell,12,Huntington High School,huntington high school,560,12560,schoolid_12560,404,323,0.7995,0.7918999999999999,0.8087000000000001,0.7890999999999999,0.8393,0.7,0.6,1.0,0.8684000000000001,,,0.7101000000000001,0.7231000000000001,,0.6596,0.5217,420,360,0.8571,0.81,0.9095,0.8381000000000001,0.9259000000000001,0.9167000000000001,1.0,1.0,0.8787999999999999,,1.0,0.7532,0.7931999999999999,,0.6923,0.75,SY21-22_GraduationReport_Final.xlsx,2022 4-Year Cohort,SY21-22_GraduationReport_Final.xlsx,2021 5-Year Cohort
2021-2022,2021,2022,Calhoun,14,Calhoun Middle/High School,calhoun middle/high school,501,14501,schoolid_14501,58,54,0.9309999999999999,0.9118,0.9582999999999999,0.9298000000000001,,1.0,,,,,,0.875,0.8946999999999999,,0.8946999999999999,1.0,66,62,0.9394,0.9355,0.9429000000000001,0.9375,1.0,,,,1.0,,1.0,0.8,0.9512,,0.9286,1.0,SY21-22_GraduationReport_Final.xlsx,2022 4-Year Cohort,SY21-22_GraduationReport_Final.xlsx,2021 5-Year Cohort
2021-2022,2021,2022,Clay,16,Clay County High School,clay county high school,501,16501,schoolid_16501,123,122,0.9919,0.9861,1.0,0.9915999999999999,1.0,1.0,,,1.0,,,1.0,1.0,,1.0,1.0,131,126,0.9618000000000001,0.9444,0.9831,0.9690000000000001,,,,,1.0,,,1.0,0.9462,1.0,0.963,,SY21-22_GraduationReport_Final.xlsx,2022 4-Year Cohort,SY21-22_GraduationReport_Final.xlsx,2021 5-Year Cohort
2021-2022,2021,2022,Doddridge,18,Doddridge County High School,doddridge county high school,501,18501,schoolid_18501,70,69,0.9856999999999999,0.9697,1.0,0.9851000000000001,,1.0,1.0,,1.0,,,1.0,0.9697,1.0,1.0,1.0,61,60,0.9836,1.0,0.9643,0.9833,1.0,,,,,,,1.0,0.9677,,0.75,1.0,SY21-22_GraduationReport_Final.xlsx,2022 4-Year Cohort,SY21-22_GraduationReport_Final.xlsx,2021 5-Year Cohort
2021-2022,2021,2022,Fayette,20,Meadow Bridge High,meadow bridge high,503,20503,schoolid_20503,39,39,1.0,1.0,1.0,1.0,1.0,1.0,,,,,,1.0,1.0,,1.0,1.0,35,34,0.9714,0.9375,1.0,0.9706,,1.0,,,,,,1.0,0.95,,0.75,1.0,SY21-22_GraduationReport_Final.xlsx,2022 4-Year Cohort,SY21-22_GraduationReport_Final.xlsx,2021 5-Year Cohort
2021-2022,2021,2022,Fayette,20,Midland Trail High,midland trail high,504,20504,schoolid_20504,94,88,0.9362,0.8889,0.9795999999999999,0.9355,1.0,,,,,,,1.0,0.9333,,0.8332999999999999,0.75,94,91,0.9681000000000001,1.0,0.9362,0.978,,,,,1.0,,,1.0,0.9301999999999999,,1.0,,SY21-22_GraduationReport_Final.xlsx,2022 4-Year Cohort,SY21-22_GraduationReport_Final.xlsx,2021 5-Year Cohort
2021-2022,2021,2022,Fayette,20,Oak Hill High,oak hill high,506,20506,schoolid_20506,263,226,0.8593000000000001,0.8189,0.8970999999999999,0.8554,1.0,1.0,,,0.7143,,1.0,0.6829000000000001,0.7948999999999999,,0.55,0.5556,276,251,0.9094,0.8776,0.9457,0.9057,0.9048,1.0,1.0,,1.0,,1.0,0.7857,0.8701000000000001,,0.8,0.7143,SY21-22_GraduationReport_Final.xlsx,2022 4-Year Cohort,SY21-22_GraduationReport_Final.xlsx,2021 5-Year Cohort
2021-2022,2021,2022,Gilmer,22,Gilmer County High School,gilmer county high school,501,22501,schoolid_22501,62,58,0.9355,0.9231,0.9565,0.9322,1.0,,,,,,,0.75,0.9031999999999999,1.0,0.7143,1.0,45,42,0.9333,0.95,0.92,0.9333,,,,,,,,0.875,0.88,,0.8,,SY21-22_GraduationReport_Final.xlsx,2022 4-Year Cohort,SY21-22_GraduationReport_Final.xlsx,2021 5-Year Cohort
2021-2022,2021,2022,Grant,24,Petersburg High School,petersburg high school,501,24501,schoolid_24501,103,96,0.932,0.9388,0.9259000000000001,0.9412,,,,,,,,1.0,0.8478,1.0,0.7143,1.0,108,103,0.9537,0.9355,0.9783,0.9528,,1.0,1.0,,,,,0.9231,0.9348000000000001,1.0,1.0,,SY21-22_GraduationReport_Final.xlsx,2022 4-Year Cohort,SY21-22_GraduationReport_Final.xlsx,2021 5-Year Cohort
2021-2022,2021,2022,Grant,24,Union Educational Complex,union educational complex,101,24101,schoolid_24101,18,18,1.0,1.0,1.0,1.0,,,,,,,,1.0,1.0,1.0,1.0,,12,12,1.0,1.0,1.0,1.0,1.0,1.0,,,,,1.0,1.0,1.0,,1.0,,SY21-22_GraduationReport_Final.xlsx,2022 4-Year Cohort,SY21-22_GraduationReport_Final.xlsx,2021 5-Year Cohort
2021-2022,2021,2022,Greenbrier,26,Greenbrier East High School,greenbrier east high school,501,26501,schoolid_26501,261,226,0.8659,0.8308,0.9007999999999999,0.8745,0.8889,0.5714,,,0.8332999999999999,,0.6,0.7209,0.7692,,0.6470999999999999,0.7,233,212,0.9098999999999999,0.8829,0.9344,0.9163,1.0,0.875,1.0,,0.7,,1.0,0.8095,0.8240999999999999,,0.6,0.5714,SY21-22_GraduationReport_Final.xlsx,2022 4-Year Cohort,SY21-22_GraduationReport_Final.xlsx,2021 5-Year Cohort
2021-2022,2021,2022,Greenbrier,26,Greenbrier West High School,greenbrier west high school,502,26502,schoolid_26502,102,94,0.9216,0.9037999999999999,0.94,0.9192,1.0,1.0,,,1.0,,,0.7857,0.8787999999999999,,0.5455,0.5714,82,74,0.9024,0.88,0.9375,0.9114,1.0,,,1.0,,,,0.75,0.84,,0.6,,SY21-22_GraduationReport_Final.xlsx,2022 4-Year Cohort,SY21-22_GraduationReport_Final.xlsx,2021 5-Year Cohort
2021-2022,2021,2022,Hampshire,28,Hampshire Senior High School,hampshire senior high school,501,28501,schoolid_28501,178,144,0.809,0.8046,0.8131999999999999,0.8187000000000001,,,,,0.75,,,0.4375,0.7292000000000001,,0.7143,0.5,243,207,0.8519,0.8209000000000001,0.8898999999999999,0.8559,,1.0,,,1.0,,1.0,0.619,0.7846,,0.4545,0.6,SY21-22_GraduationReport_Final.xlsx,2022 4-Year Cohort,SY21-22_GraduationReport_Final.xlsx,2021 5-Year Cohort
2021-2022,2021,2022,Hancock,29,Oak Glen High School,oak glen high school,501,29501,schoolid_29501,146,140,0.9589,0.92,1.0,0.9571,1.0,1.0,,,1.0,,1.0,0.8889,0.9167000000000001,,0.6,0.7143,130,124,0.9538,0.9306,0.9828,0.9675,,1.0,1.0,,1.0,,1.0,0.9091,0.9194,,1.0,,SY21-22_GraduationReport_Final.xlsx,2022 4-Year Cohort,SY21-22_GraduationReport_Final.xlsx,2021 5-Year Cohort
2021-2022,2021,2022,Hancock,29,Weir High School,weir high school,502,29502,schoolid_29502,147,139,0.9456,0.9625,0.9254000000000001,0.9453,1.0,1.0,,,0.8889,,1.0,0.9355,0.9155,,0.8332999999999999,,163,145,0.8896,0.8636,0.92,0.8861,1.0,,,,1.0,,,0.8409,0.8767,,1.0,,SY21-22_GraduationReport_Final.xlsx,2022 4-Year Cohort,SY21-22_GraduationReport_Final.xlsx,2021 5-Year Cohort
2021-2022,2021,2022,Hardy,31,East Hardy High School,east hardy high school,501,31501,schoolid_31501,54,47,0.8704000000000001,0.8332999999999999,0.9167000000000001,0.875,,1.0,,,1.0,,,0.7,0.8845999999999999,,1.0,,63,59,0.9365000000000001,0.8946999999999999,1.0,0.9492,1.0,1.0,1.0,,,,,0.8181999999999999,0.875,,1.0,,SY21-22_GraduationReport_Final.xlsx,2022 4-Year Cohort,SY21-22_GraduationReport_Final.xlsx,2021 5-Year Cohort
2021-2022,2021,2022,Hardy,31,Moorefield High School,moorefield high school,502,31502,schoolid_31502,122,115,0.9426000000000001,0.9375,0.9483,0.9519,1.0,0.8,1.0,,,,0.8571,0.7143,0.9,,1.0,1.0,109,102,0.9358,0.9178000000000001,0.9722,0.9368000000000001,1.0,0.8889,,,1.0,,0.9091,0.875,0.9,,0.6,,SY21-22_GraduationReport_Final.xlsx,2022 4-Year Cohort,SY21-22_GraduationReport_Final.xlsx,2021 5-Year Cohort
2021-2022,2021,2022,Harrison,33,Bridgeport High School,bridgeport high school,501,33501,schoolid_33501,207,206,0.9952,1.0,0.988,0.9948999999999999,1.0,1.0,1.0,,1.0,,1.0,1.0,0.9722,1.0,1.0,1.0,207,204,0.9854999999999999,0.9882,0.9836,0.9840000000000001,1.0,1.0,1.0,,1.0,1.0,1.0,1.0,0.9362,1.0,1.0,0.6667000000000001,SY21-22_GraduationReport_Final.xlsx,2022 4-Year Cohort,SY21-22_GraduationReport_Final.xlsx,2021 5-Year Cohort
2021-2022,2021,2022,Harrison,33,Liberty High School,liberty high school,502,33502,schoolid_33502,125,119,0.9520000000000001,0.9538,0.95,0.9495999999999999,1.0,,,,1.0,,1.0,0.963,0.9286,,0.9129999999999999,1.0,143,141,0.986,0.973,1.0,0.9854999999999999,1.0,1.0,,,1.0,,,0.9412,0.9854999999999999,,1.0,1.0,SY21-22_GraduationReport_Final.xlsx,2022 4-Year Cohort,SY21-22_GraduationReport_Final.xlsx,2021 5-Year Cohort
2021-2022,2021,2022,Harrison,33,Lincoln High School,lincoln high school,503,33503,schoolid_33503,153,148,0.9673,0.9639,0.9714,0.9667,,1.0,,,1.0,,,1.0,0.9375,,0.8332999999999999,0.8332999999999999,140,134,0.9571,0.9367,0.9836,0.9568000000000001,,1.0,,,,,,0.9129999999999999,0.9367,,1.0,1.0,SY21-22_GraduationReport_Final.xlsx,2022 4-Year Cohort,SY21-22_GraduationReport_Final.xlsx,2021 5-Year Cohort
2021-2022,2021,2022,Harrison,33,Robert C Byrd High School,robert c byrd high school,506,33506,schoolid_33506,198,187,0.9444,0.9462,0.9429000000000001,0.95,1.0,1.0,1.0,,0.6667000000000001,,,0.85,0.91,1.0,0.8529000000000001,0.5714,175,167,0.9543,0.9529000000000001,0.9556,0.9615,0.8181999999999999,1.0,1.0,,1.0,,1.0,0.9706,0.9431999999999999,1.0,1.0,,SY21-22_GraduationReport_Final.xlsx,2022 4-Year Cohort,SY21-22_GraduationReport_Final.xlsx,2021 5-Year Cohort
2021-2022,2021,2022,Harrison,33,South Harrison High School,south harrison high school,505,33505,schoolid_33505,87,82,0.9425,0.9107,1.0,0.9529000000000001,,,,,1.0,,,0.8095,0.8667,,0.8332999999999999,1.0,69,67,0.971,1.0,0.9512,0.9697,1.0,,,,1.0,,,0.9231,0.9565,,0.7778,1.0,SY21-22_GraduationReport_Final.xlsx,2022 4-Year Cohort,SY21-22_GraduationReport_Final.xlsx,2021 5-Year Cohort
2021-2022,2021,2022,Jackson,35,Ravenswood High School,ravenswood high school,501,35501,schoolid_35501,89,85,0.9551000000000001,0.9348000000000001,0.9767,0.9540000000000001,1.0,1.0,,,,,,0.9231,0.9545,,0.6667000000000001,,97,89,0.9175,0.898,0.9375,0.9148999999999999,,1.0,,,,,,0.8824,0.907,,,,SY21-22_GraduationReport_Final.xlsx,2022 4-Year Cohort,SY21-22_GraduationReport_Final.xlsx,2021 5-Year Cohort
2021-2022,2021,2022,Jackson,35,Ripley High School,ripley high school,502,35502,schoolid_35502,173,152,0.8786,0.8791,0.878,0.8802,1.0,1.0,,,0.6667000000000001,,1.0,0.8889,0.7692,,,0.75,203,191,0.9409000000000001,0.9293,0.9519,0.9384999999999999,1.0,1.0,,,1.0,1.0,,0.8261,0.8519,,1.0,,SY21-22_GraduationReport_Final.xlsx,2022 4-Year Cohort,SY21-22_GraduationReport_Final.xlsx,2021 5-Year Cohort
2021-2022,2021,2022,Jefferson,37,Jefferson High School,jefferson high school,501,37501,schoolid_37501,349,300,0.8595999999999999,0.847,0.8734999999999999,0.8527,0.9259000000000001,0.7879,1.0,,0.9231,1.0,0.6429,0.6792,0.7667,0.8332999999999999,0.8020999999999999,,317,279,0.8801000000000001,0.8599,0.9,0.9034,0.7646999999999999,0.8,1.0,,0.7826000000000001,,0.75,0.7646999999999999,0.7687,1.0,0.7778,1.0,SY21-22_GraduationReport_Final.xlsx,2022 4-Year Cohort,SY21-22_GraduationReport_Final.xlsx,2021 5-Year Cohort
2021-2022,2021,2022,Jefferson,37,Washington High School,washington high school,502,37502,schoolid_37502,335,298,0.8896,0.8621,0.9193000000000001,0.8933,0.8695999999999999,0.8856999999999999,1.0,,0.8636,,1.0,0.8205,0.8312,1.0,0.9079999999999999,0.6667000000000001,316,290,0.9177,0.8797,0.9556999999999999,0.9198000000000001,0.8261,0.9412,1.0,,0.9444,,0.9523999999999999,0.8056,0.8511,1.0,0.8841,1.0,SY21-22_GraduationReport_Final.xlsx,2022 4-Year Cohort,SY21-22_GraduationReport_Final.xlsx,2021 5-Year Cohort
2021-2022,2021,2022,Kanawha,39,Capital High School,capital high school,513,39513,schoolid_39513,321,257,0.8006,0.7126,0.9048,0.8210999999999999,0.7818,,1.0,1.0,0.6429,,,0.75,0.7259,,0.5263,0.48479999999999995,297,243,0.8181999999999999,0.7857,0.8421,0.8247,0.7683,1.0,1.0,,0.9375,,0.6667000000000001,0.6667000000000001,0.7608,,0.5,0.6087,SY21-22_GraduationReport_Final.xlsx,2022 4-Year Cohort,SY21-22_GraduationReport_Final.xlsx,2021 5-Year Cohort
2021-2022,2021,2022,Kanawha,39,George Washington High School,george washington high school,506,39506,schoolid_39506,281,264,0.9395,0.9124,0.9653,0.9544,0.8125,,1.0,,0.8889,,1.0,0.8,0.871,,0.5714,,287,273,0.9512,0.9506,0.9520000000000001,0.9462999999999999,0.9523999999999999,1.0,1.0,1.0,1.0,1.0,1.0,1.0,0.8723000000000001,,0.7778,0.4545,SY21-22_GraduationReport_Final.xlsx,2022 4-Year Cohort,SY21-22_GraduationReport_Final.xlsx,2021 5-Year Cohort
2021-2022,2021,2022,Kanawha,39,Herbert Hoover High School,herbert hoover high school,507,39507,schoolid_39507,192,167,0.8698,0.8247,0.9158,0.8763,,,1.0,,0.6667000000000001,,1.0,0.8387,0.7692,,0.7692,0.5832999999999999,191,173,0.9057999999999999,0.8785,0.9405,0.9048,1.0,1.0,,,,,,0.871,0.835,,0.8462000000000001,,SY21-22_GraduationReport_Final.xlsx,2022 4-Year Cohort,SY21-22_GraduationReport_Final.xlsx,2021 5-Year Cohort
2021-2022,2021,2022,Kanawha,39,Nitro High School,nitro high school,508,39508,schoolid_39508,212,184,0.8679000000000001,0.8776,0.8595999999999999,0.8833,0.8125,0.5714,1.0,,0.8571,,0.75,0.6774,0.7768999999999999,,0.5,,193,171,0.8859999999999999,0.8787999999999999,0.8936,0.8902,0.8234999999999999,,1.0,1.0,0.8889,,,0.8636,0.78,,0.7143,0.625,SY21-22_GraduationReport_Final.xlsx,2022 4-Year Cohort,SY21-22_GraduationReport_Final.xlsx,2021 5-Year Cohort
2021-2022,2021,2022,Kanawha,39,Riverside High School,riverside high school,514,39514,schoolid_39514,284,251,0.8837999999999999,0.8647,0.9007,0.8872,0.8946999999999999,0.6667000000000001,1.0,,0.75,,,0.8856999999999999,0.883,,0.9,0.875,253,222,0.8775,0.8656999999999999,0.8908,0.867,1.0,1.0,1.0,,1.0,,1.0,0.8571,0.8456999999999999,,0.5832999999999999,0.6364,SY21-22_GraduationReport_Final.xlsx,2022 4-Year Cohort,SY21-22_GraduationReport_Final.xlsx,2021 5-Year Cohort
2021-2022,2021,2022,Kanawha,39,Saint Albans High School,saint albans high school,509,39509,schoolid_39509,248,233,0.9395,0.9545,0.9224,0.9336,1.0,1.0,,1.0,1.0,,,0.8462000000000001,0.8845999999999999,,1.0,0.7646999999999999,249,210,0.8434,0.8454999999999999,0.8412999999999999,0.8428,0.8667,1.0,1.0,,0.6667000000000001,,,0.5263,0.7570999999999999,,0.5832999999999999,,SY21-22_GraduationReport_Final.xlsx,2022 4-Year Cohort,SY21-22_GraduationReport_Final.xlsx,2021 5-Year Cohort
2021-2022,2021,2022,Kanawha,39,Sissonville High School,sissonville high school,510,39510,schoolid_39510,171,158,0.924,0.8854000000000001,0.9732999999999999,0.9217,1.0,,,,1.0,,,0.8519,0.8736,,0.8332999999999999,0.75,142,136,0.9577,0.9643,0.9483,0.9568000000000001,1.0,1.0,,,,,,0.875,0.9167000000000001,1.0,,0.8,SY21-22_GraduationReport_Final.xlsx,2022 4-Year Cohort,SY21-22_GraduationReport_Final.xlsx,2021 5-Year Cohort
2021-2022,2021,2022,Kanawha,39,South Charleston High School,south charleston high school,511,39511,schoolid_39511,231,195,0.8442000000000001,0.8571,0.8319,0.8281999999999999,0.8491,1.0,1.0,,1.0,,1.0,0.8571,0.7793000000000001,,0.5556,0.4167,233,196,0.8412000000000001,0.8361,0.8468000000000001,0.8421,0.8214,0.8,1.0,,0.8889,,1.0,0.6897,0.7445,,,0.4545,SY21-22_GraduationReport_Final.xlsx,2022 4-Year Cohort,SY21-22_GraduationReport_Final.xlsx,2021 5-Year Cohort
2021-2022,2021,2022,Lewis,41,Lewis County High School,lewis county high school,501,41501,schoolid_41501,150,130,0.8667,0.8209000000000001,0.9036,0.863,1.0,1.0,,,1.0,,1.0,0.7391,0.7816,1.0,0.75,,185,168,0.9081,0.88,0.9412,0.9070999999999999,,,,,1.0,,,0.8571,0.8478,,0.7726999999999999,1.0,SY21-22_GraduationReport_Final.xlsx,2022 4-Year Cohort,SY21-22_GraduationReport_Final.xlsx,2021 5-Year Cohort
2021-2022,2021,2022,Lincoln,43,Lincoln County High School,lincoln county high school,506,43506,schoolid_43506,209,187,0.8946999999999999,0.8824,0.9111,0.8981,1.0,,,,,,,0.8,0.8633,,1.0,0.6154,217,190,0.8756,0.8726999999999999,0.8785,0.8726,1.0,1.0,1.0,,1.0,,,0.9,0.8115000000000001,,0.5714,0.2,SY21-22_GraduationReport_Final.xlsx,2022 4-Year Cohort,SY21-22_GraduationReport_Final.xlsx,2021 5-Year Cohort
2021-2022,2021,2022,Logan,45,Chapmanville Regional High School,chapmanville regional high school,501,45501,schoolid_45501,161,147,0.9129999999999999,0.8925,0.9412,0.9177,1.0,,,,,,,0.9333,0.8776,,0.8332999999999999,0.7,167,150,0.8981999999999999,0.8695999999999999,0.9333,0.8976000000000001,1.0,,,,,,,0.9523999999999999,0.8783,,0.7273000000000001,1.0,SY21-22_GraduationReport_Final.xlsx,2022 4-Year Cohort,SY21-22_GraduationReport_Final.xlsx,2021 5-Year Cohort
2021-2022,2021,2022,Logan,45,Logan Senior High School,logan senior high school,502,45502,schoolid_45502,155,131,0.8452,0.7639,0.9157,0.8378,1.0,,,,1.0,,,0.7143,0.767,,0.46149999999999997,0.5,146,127,0.8698999999999999,0.8354,0.9104000000000001,0.875,0.875,,1.0,,,,1.0,0.8,0.8251999999999999,,0.619,1.0,SY21-22_GraduationReport_Final.xlsx,2022 4-Year Cohort,SY21-22_GraduationReport_Final.xlsx,2021 5-Year Cohort
2021-2022,2021,2022,Logan,45,Man Senior High School,man senior high school,503,45503,schoolid_45503,93,87,0.9355,0.94,0.9301999999999999,0.9340999999999999,,,,,1.0,,,0.8946999999999999,0.9298000000000001,,0.75,,90,76,0.8443999999999999,0.8125,0.8809999999999999,0.8353,,,,,1.0,,,0.8181999999999999,0.7966,,0.8181999999999999,0.6667000000000001,SY21-22_GraduationReport_Final.xlsx,2022 4-Year Cohort,SY21-22_GraduationReport_Final.xlsx,2021 5-Year Cohort
2021-2022,2021,2022,Marion,47,East Fairmont High School,east fairmont high school,501,47501,schoolid_47501,173,167,0.9653,0.9778,0.9518000000000001,0.9762000000000001,,,,,1.0,,,0.8946999999999999,0.9254000000000001,1.0,,0.8571,167,163,0.976,0.9512,1.0,0.9745,1.0,,1.0,,1.0,,1.0,0.9048,0.9467,1.0,0.75,0.8,SY21-22_GraduationReport_Final.xlsx,2022 4-Year Cohort,SY21-22_GraduationReport_Final.xlsx,2021 5-Year Cohort
2021-2022,2021,2022,Marion,47,Fairmont Senior High School,fairmont senior high school,502,47502,schoolid_47502,197,184,0.934,0.9369,0.9301999999999999,0.9427,0.8889,0.75,1.0,,0.9286,1.0,0.8,0.9582999999999999,0.8901,,1.0,0.8571,192,184,0.9582999999999999,0.9515,0.9662999999999999,0.9623,0.9167000000000001,1.0,1.0,,1.0,,,1.0,0.9220999999999999,1.0,0.75,0.8332999999999999,SY21-22_GraduationReport_Final.xlsx,2022 4-Year Cohort,SY21-22_GraduationReport_Final.xlsx,2021 5-Year Cohort
2021-2022,2021,2022,Marion,47,North Marion High School,north marion high school,503,47503,schoolid_47503,171,166,0.9708,0.9451,1.0,0.9752,0.8332999999999999,1.0,,,1.0,,,0.875,0.9523999999999999,,0.8332999999999999,0.7778,184,181,0.9837,0.9775,0.9895,0.9831,1.0,1.0,1.0,,,,,0.9523999999999999,0.977,,1.0,1.0,SY21-22_GraduationReport_Final.xlsx,2022 4-Year Cohort,SY21-22_GraduationReport_Final.xlsx,2021 5-Year Cohort
2021-2022,2021,2022,Marshall,48,Cameron High School,cameron high school,501,48501,schoolid_48501,48,47,0.9792000000000001,0.9677,1.0,0.9778,1.0,,,1.0,1.0,,,1.0,1.0,,1.0,1.0,38,38,1.0,1.0,1.0,1.0,,,,,,,,1.0,1.0,,1.0,1.0,SY21-22_GraduationReport_Final.xlsx,2022 4-Year Cohort,SY21-22_GraduationReport_Final.xlsx,2021 5-Year Cohort
2021-2022,2021,2022,Marshall,48,John Marshall High School,john marshall high school,502,48502,schoolid_48502,237,223,0.9409000000000001,0.9279999999999999,0.9554,0.9389,1.0,1.0,1.0,,1.0,1.0,,0.9615,0.8889,,,1.0,251,245,0.9761,0.9762000000000001,0.976,0.9753000000000001,1.0,1.0,1.0,,1.0,,1.0,0.9309999999999999,0.9487000000000001,1.0,0.875,,SY21-22_GraduationReport_Final.xlsx,2022 4-Year Cohort,SY21-22_GraduationReport_Final.xlsx,2021 5-Year Cohort
2021-2022,2021,2022,Mason,49,Hannan Junior/senior High School,hannan junior/senior high school,501,49501,schoolid_49501,38,30,0.7895,0.8234999999999999,0.7619,0.7895,,,,,,,,0.7,0.7667,,0.6667000000000001,,41,39,0.9512,0.9473999999999999,0.9545,0.95,1.0,,,,,,,0.9091,0.9091,,,1.0,SY21-22_GraduationReport_Final.xlsx,2022 4-Year Cohort,SY21-22_GraduationReport_Final.xlsx,2021 5-Year Cohort
2021-2022,2021,2022,Mason,49,Point Pleasant Junior/Senior High School,point pleasant junior/senior high school,502,49502,schoolid_49502,207,194,0.9372,0.9304000000000001,0.9457,0.9390999999999999,1.0,0.6667000000000001,,,1.0,,,0.8845999999999999,0.88,,0.8332999999999999,0.6667000000000001,158,151,0.9556999999999999,0.9136,1.0,0.9536,1.0,,1.0,,1.0,,,0.9063,0.9277,,1.0,1.0,SY21-22_GraduationReport_Final.xlsx,2022 4-Year Cohort,SY21-22_GraduationReport_Final.xlsx,2021 5-Year Cohort
2021-2022,2021,2022,Mason,49,Wahama Junior/senior High School,wahama junior/senior high school,503,49503,schoolid_49503,67,59,0.8806,0.8181999999999999,0.9412,0.8906000000000001,,,,,1.0,,,0.4545,0.7576,,,,48,45,0.9375,0.8695999999999999,1.0,0.9348000000000001,,,,,1.0,,,1.0,0.8966,,1.0,,SY21-22_GraduationReport_Final.xlsx,2022 4-Year Cohort,SY21-22_GraduationReport_Final.xlsx,2021 5-Year Cohort
2021-2022,2021,2022,McDowell,60,Mount View High School,mount view high school,527,60527,schoolid_60527,87,65,0.7471,0.6531,0.8684000000000001,0.6774,0.9,,,,1.0,,,0.5455,0.7302,,,,92,80,0.8695999999999999,0.8667,0.8723000000000001,0.8378,1.0,,,,,,,0.7646999999999999,0.8281000000000001,,,,SY21-22_GraduationReport_Final.xlsx,2022 4-Year Cohort,SY21-22_GraduationReport_Final.xlsx,2021 5-Year Cohort
2021-2022,2021,2022,McDowell,60,River View High School,river view high school,520,60520,schoolid_60520,100,93,0.93,0.9245,0.9362,0.9278,1.0,1.0,,,1.0,,,0.9259000000000001,0.9231,,0.9582999999999999,1.0,119,109,0.9159999999999999,0.8904000000000001,0.9565,0.9145,1.0,1.0,,,,,,0.9,0.9053,,0.9091,0.6667000000000001,SY21-22_GraduationReport_Final.xlsx,2022 4-Year Cohort,SY21-22_GraduationReport_Final.xlsx,2021 5-Year Cohort
2021-2022,2021,2022,Mercer,51,Bluefield High School,bluefield high school,502,51502,schoolid_51502,134,108,0.8059999999999999,0.7867000000000001,0.8305,0.8315,0.7368000000000001,,,,1.0,,,0.6570999999999999,0.7263,,0.5714,,152,134,0.8815999999999999,0.8556,0.9194,0.8667,0.9091,1.0,,,1.0,,,0.8571,0.8737999999999999,,0.8332999999999999,0.6667000000000001,SY21-22_GraduationReport_Final.xlsx,2022 4-Year Cohort,SY21-22_GraduationReport_Final.xlsx,2021 5-Year Cohort
2021-2022,2021,2022,Mercer,51,Montcalm High School,montcalm high school,505,51505,schoolid_51505,46,44,0.9565,0.9259000000000001,1.0,0.9545,1.0,,,,1.0,,,0.8571,0.9167000000000001,,0.9167000000000001,1.0,51,48,0.9412,0.9523999999999999,0.9333,0.9412,,,,,,,,1.0,0.9063,,0.8332999999999999,0.8,SY21-22_GraduationReport_Final.xlsx,2022 4-Year Cohort,SY21-22_GraduationReport_Final.xlsx,2021 5-Year Cohort
2021-2022,2021,2022,Mercer,51,Pikeview High School,pikeview high school,509,51509,schoolid_51509,152,141,0.9276000000000001,0.8929,0.9706,0.9236,1.0,1.0,1.0,,1.0,,,0.9091,0.875,,0.7143,1.0,154,144,0.9351,0.9277,0.9437000000000001,0.9333,,1.0,,1.0,1.0,,,0.85,0.8684000000000001,,,1.0,SY21-22_GraduationReport_Final.xlsx,2022 4-Year Cohort,SY21-22_GraduationReport_Final.xlsx,2021 5-Year Cohort
2021-2022,2021,2022,Mercer,51,Princeton Senior High School,princeton senior high school,507,51507,schoolid_51507,245,211,0.8612000000000001,0.8438,0.8803,0.8532,0.9,1.0,1.0,,0.8332999999999999,1.0,1.0,0.7576,0.784,1.0,0.7222,0.5333,210,182,0.8667,0.8715999999999999,0.8614,0.8619,1.0,1.0,1.0,,0.5714,,1.0,0.9031999999999999,0.7895,1.0,0.6667000000000001,0.6667000000000001,SY21-22_GraduationReport_Final.xlsx,2022 4-Year Cohort,SY21-22_GraduationReport_Final.xlsx,2021 5-Year Cohort
2021-2022,2021,2022,Mineral,53,Frankfort High School,frankfort high school,501,53501,schoolid_53501,113,113,1.0,1.0,1.0,1.0,,1.0,1.0,,1.0,,,1.0,1.0,,1.0,1.0,122,121,0.9918,0.9839,1.0,0.9917,,,,,1.0,,,1.0,0.9778,,0.8,1.0,SY21-22_GraduationReport_Final.xlsx,2022 4-Year Cohort,SY21-22_GraduationReport_Final.xlsx,2021 5-Year Cohort
2021-2022,2021,2022,Mineral,53,Keyser High School,keyser high school,503,53503,schoolid_53503,177,168,0.9492,0.9239,0.9765,0.9460999999999999,1.0,1.0,1.0,,1.0,,,0.9286,0.8714,,0.7,0.7,129,120,0.9301999999999999,0.8955,0.9677,0.9231,1.0,1.0,,,,,,0.7619,0.8824,,0.5714,0.6667000000000001,SY21-22_GraduationReport_Final.xlsx,2022 4-Year Cohort,SY21-22_GraduationReport_Final.xlsx,2021 5-Year Cohort
2021-2022,2021,2022,Mingo,54,Mingo Central Comprehensive High School,mingo central comprehensive high school,508,54508,schoolid_54508,154,135,0.8765999999999999,0.8267,0.9240999999999999,0.8881,0.8571,,1.0,,,,,0.6923,0.8406999999999999,,0.7,,174,166,0.9540000000000001,0.932,0.9859,0.9578,0.6667000000000001,1.0,,,1.0,,,0.8095,0.9292,,0.8332999999999999,1.0,SY21-22_GraduationReport_Final.xlsx,2022 4-Year Cohort,SY21-22_GraduationReport_Final.xlsx,2021 5-Year Cohort
2021-2022,2021,2022,Mingo,54,Tug Valley High School,tug valley high school,507,54507,schoolid_54507,74,63,0.8514,0.9,0.7940999999999999,0.8514,,,,,,,,1.0,0.7917000000000001,,0.8,,76,73,0.9605,0.9143000000000001,1.0,0.9595,,1.0,,,,,1.0,1.0,0.9787,,1.0,,SY21-22_GraduationReport_Final.xlsx,2022 4-Year Cohort,SY21-22_GraduationReport_Final.xlsx,2021 5-Year Cohort
2021-2022,2021,2022,Monongalia,56,Clay-Battelle High School,clay-battelle high school,501,56501,schoolid_56501,53,51,0.9623,0.9697,0.95,0.9608,,1.0,,1.0,,,,0.9167000000000001,0.9167000000000001,,0.7778,,58,55,0.9483,0.9286,0.9667,0.9473999999999999,,,,1.0,,,,1.0,0.9167000000000001,,0.8571,1.0,SY21-22_GraduationReport_Final.xlsx,2022 4-Year Cohort,SY21-22_GraduationReport_Final.xlsx,2021 5-Year Cohort
2021-2022,2021,2022,Monongalia,56,Morgantown High School,morgantown high school,502,56502,schoolid_56502,440,408,0.9273,0.9258,0.9289000000000001,0.9420000000000001,0.9091,0.6364,1.0,,0.9355,,0.5,0.8181999999999999,0.8534999999999999,,0.7826000000000001,0.8,446,423,0.9484,0.9356,0.9623999999999999,0.9407,1.0,1.0,1.0,1.0,0.9655,1.0,1.0,0.8039000000000001,0.8797,,0.7273000000000001,0.5556,SY21-22_GraduationReport_Final.xlsx,2022 4-Year Cohort,SY21-22_GraduationReport_Final.xlsx,2021 5-Year Cohort
2021-2022,2021,2022,Monongalia,56,University High School,university high school,503,56503,schoolid_56503,354,343,0.9689,0.9689,0.9689,0.9782,0.875,0.6,1.0,1.0,0.9412,,1.0,0.8332999999999999,0.9091,,0.8,0.6667000000000001,294,283,0.9626,0.9457,0.9909,0.9632,0.8,1.0,1.0,1.0,1.0,1.0,1.0,0.8519,0.9213,,0.8,1.0,SY21-22_GraduationReport_Final.xlsx,2022 4-Year Cohort,SY21-22_GraduationReport_Final.xlsx,2021 5-Year Cohort
2021-2022,2021,2022,Monroe,57,James Monroe High School,james monroe high school,503,57503,schoolid_57503,98,97,0.9898,0.9818000000000001,1.0,0.9895999999999999,,1.0,,,1.0,,1.0,0.9231,0.9808,,1.0,1.0,102,97,0.951,0.9148999999999999,0.9818000000000001,0.9484999999999999,1.0,1.0,,,1.0,,,0.6364,0.9148999999999999,,1.0,,SY21-22_GraduationReport_Final.xlsx,2022 4-Year Cohort,SY21-22_GraduationReport_Final.xlsx,2021 5-Year Cohort
2021-2022,2021,2022,Morgan,58,Berkeley Springs High School,berkeley springs high school,501,58501,schoolid_58501,144,132,0.9167000000000001,0.8815999999999999,0.9559000000000001,0.9137000000000001,1.0,1.0,,,1.0,,,0.8929,0.8714,,0.9,0.8,148,127,0.8581,0.8077,0.9143000000000001,0.8562000000000001,1.0,,,,1.0,,,0.7391,0.775,,1.0,,SY21-22_GraduationReport_Final.xlsx,2022 4-Year Cohort,SY21-22_GraduationReport_Final.xlsx,2021 5-Year Cohort
2021-2022,2021,2022,Morgan,58,Paw Paw High School,paw paw high school,502,58502,schoolid_58502,12,12,1.0,1.0,1.0,1.0,1.0,,,,,,,1.0,1.0,,1.0,,11,11,1.0,1.0,1.0,1.0,,,,,1.0,,,1.0,1.0,,1.0,,SY21-22_GraduationReport_Final.xlsx,2022 4-Year Cohort,SY21-22_GraduationReport_Final.xlsx,2021 5-Year Cohort
2021-2022,2021,2022,Nicholas,62,Nicholas County High School,nicholas county high school,501,62501,schoolid_62501,137,131,0.9562,0.9118,1.0,0.9549,1.0,,1.0,1.0,,,,0.9286,0.9167000000000001,,1.0,0.875,167,157,0.9401,0.8961,0.9778,0.9458,,,,,,,,0.9,0.9184,,0.9048,0.6,SY21-22_GraduationReport_Final.xlsx,2022 4-Year Cohort,SY21-22_GraduationReport_Final.xlsx,2021 5-Year Cohort
2021-2022,2021,2022,Nicholas,62,Richwood High School,richwood high school,502,62502,schoolid_62502,88,82,0.9318000000000001,0.9286,0.9348000000000001,0.9301999999999999,1.0,,,,1.0,,,0.8,0.9123,,0.8889,0.9,91,88,0.9670000000000001,0.9573999999999999,0.9773000000000001,0.9655,,,,1.0,1.0,,,1.0,0.9531000000000001,1.0,0.9565,0.6667000000000001,SY21-22_GraduationReport_Final.xlsx,2022 4-Year Cohort,SY21-22_GraduationReport_Final.xlsx,2021 5-Year Cohort
2021-2022,2021,2022,Ohio,64,Wheeling Park High School,wheeling park high school,501,64501,schoolid_64501,339,332,0.9793999999999999,0.9817,0.9771,0.9759,1.0,1.0,1.0,1.0,1.0,,1.0,0.8974,0.9655,,0.95,0.8636,343,337,0.9825,0.9937,0.973,0.9895,0.9309999999999999,1.0,1.0,,0.95,,1.0,0.9706,0.9608,,0.8946999999999999,0.8571,SY21-22_GraduationReport_Final.xlsx,2022 4-Year Cohort,SY21-22_GraduationReport_Final.xlsx,2021 5-Year Cohort
2021-2022,2021,2022,Pendleton,66,Pendleton County Middle/High School,pendleton county middle/high school,502,66502,schoolid_66502,58,57,0.9828,1.0,0.9667,0.9825,,1.0,,,,,,0.9167000000000001,0.96,,,,76,76,1.0,1.0,1.0,1.0,1.0,1.0,,,,1.0,1.0,1.0,1.0,1.0,,,SY21-22_GraduationReport_Final.xlsx,2022 4-Year Cohort,SY21-22_GraduationReport_Final.xlsx,2021 5-Year Cohort
2021-2022,2021,2022,Pleasants,67,St. Marys High School,st. marys high school,501,67501,schoolid_67501,80,79,0.9875,0.9737,1.0,0.987,1.0,1.0,,,,,,1.0,0.9722,1.0,1.0,1.0,72,71,0.9861,0.9778,1.0,0.9859,1.0,,,,,,,1.0,0.9737,,1.0,0.75,SY21-22_GraduationReport_Final.xlsx,2022 4-Year Cohort,SY21-22_GraduationReport_Final.xlsx,2021 5-Year Cohort
2021-2022,2021,2022,Pocahontas,69,Pocahontas County High School,pocahontas county high school,501,69501,schoolid_69501,77,67,0.8701000000000001,0.9211,0.8205,0.8815999999999999,,,,,,,,0.9375,0.7368000000000001,1.0,0.75,,73,68,0.9315000000000001,0.9444,0.9189,0.9315000000000001,,,,,,,1.0,0.8889,0.878,,0.8,1.0,SY21-22_GraduationReport_Final.xlsx,2022 4-Year Cohort,SY21-22_GraduationReport_Final.xlsx,2021 5-Year Cohort
2021-2022,2021,2022,Preston,70,Preston High School,preston high school,507,70507,schoolid_70507,284,236,0.831,0.8056,0.8571,0.8327,,,,,1.0,,,0.7381,0.7643000000000001,,0.5,0.6667000000000001,286,254,0.8881,0.8366,0.9473999999999999,0.8876999999999999,1.0,,,,,,,0.8478,0.7926000000000001,,0.7097,,SY21-22_GraduationReport_Final.xlsx,2022 4-Year Cohort,SY21-22_GraduationReport_Final.xlsx,2021 5-Year Cohort
2021-2022,2021,2022,Putnam,72,Buffalo High School,buffalo high school,505,72505,schoolid_72505,90,89,0.9889,0.973,1.0,0.9889,,,,,,,,1.0,0.9688,,1.0,1.0,82,78,0.9512,0.9268000000000001,0.9756,0.9494,1.0,,,,1.0,,,1.0,0.9375,,0.8332999999999999,0.75,SY21-22_GraduationReport_Final.xlsx,2022 4-Year Cohort,SY21-22_GraduationReport_Final.xlsx,2021 5-Year Cohort
2021-2022,2021,2022,Putnam,72,Hurricane High School,hurricane high school,510,72510,schoolid_72510,356,349,0.9803000000000001,0.983,0.9778,0.9819,0.8,1.0,1.0,1.0,1.0,,1.0,0.9298000000000001,0.9677,1.0,0.875,0.6,277,271,0.9783,0.9621,0.9931,0.9772,1.0,1.0,1.0,,1.0,1.0,1.0,0.9216,0.9623,1.0,0.7,0.875,SY21-22_GraduationReport_Final.xlsx,2022 4-Year Cohort,SY21-22_GraduationReport_Final.xlsx,2021 5-Year Cohort
2021-2022,2021,2022,Putnam,72,Poca High School,poca high school,515,72515,schoolid_72515,114,112,0.9825,0.9815,0.9833,0.9906999999999999,1.0,1.0,,,0.6667000000000001,,,0.875,0.9839,1.0,1.0,1.0,118,115,0.9745999999999999,0.9649,0.9836,0.9825,,1.0,,,,,1.0,0.9048,0.9538,,0.9091,1.0,SY21-22_GraduationReport_Final.xlsx,2022 4-Year Cohort,SY21-22_GraduationReport_Final.xlsx,2021 5-Year Cohort
2021-2022,2021,2022,Putnam,72,Winfield High School,winfield high school,520,72520,schoolid_72520,185,182,0.9838,0.9811,0.9873000000000001,0.983,1.0,1.0,1.0,,1.0,,1.0,0.92,0.9444,1.0,0.75,0.8889,219,215,0.9817,0.982,0.9815,0.9808,1.0,1.0,1.0,1.0,1.0,,1.0,0.9534999999999999,0.9682999999999999,1.0,1.0,1.0,SY21-22_GraduationReport_Final.xlsx,2022 4-Year Cohort,SY21-22_GraduationReport_Final.xlsx,2021 5-Year Cohort
2021-2022,2021,2022,Raleigh,74,Independence High School,independence high school,502,74502,schoolid_74502,126,110,0.873,0.8462000000000001,0.9016,0.8739,1.0,1.0,,,,,,0.7692,0.7909999999999999,,1.0,0.75,132,108,0.8181999999999999,0.747,0.9388,0.8226,,0.8,,,1.0,,,0.6,0.7089,,,,SY21-22_GraduationReport_Final.xlsx,2022 4-Year Cohort,SY21-22_GraduationReport_Final.xlsx,2021 5-Year Cohort
2021-2022,2021,2022,Raleigh,74,Liberty High School,liberty high school,503,74503,schoolid_74503,122,113,0.9262,0.9254000000000001,0.9273,0.9231,1.0,,,,1.0,,,0.8214,0.8593999999999999,,0.75,0.6667000000000001,98,95,0.9693999999999999,0.9655,0.975,0.9691,,,1.0,,,,,1.0,0.9531000000000001,,0.8571,1.0,SY21-22_GraduationReport_Final.xlsx,2022 4-Year Cohort,SY21-22_GraduationReport_Final.xlsx,2021 5-Year Cohort
2021-2022,2021,2022,Raleigh,74,Shady Spring High,shady spring high,505,74505,schoolid_74505,173,157,0.9075,0.8409,0.9765,0.9107,,1.0,1.0,1.0,,,,0.8332999999999999,0.8095,1.0,,,169,149,0.8817,0.8652,0.9,0.8848,,,1.0,,1.0,,,0.7857,0.8028,1.0,,0.7143,SY21-22_GraduationReport_Final.xlsx,2022 4-Year Cohort,SY21-22_GraduationReport_Final.xlsx,2021 5-Year Cohort
2021-2022,2021,2022,Raleigh,74,Woodrow Wilson High School,woodrow wilson high school,506,74506,schoolid_74506,303,253,0.835,0.8049,0.8704999999999999,0.8559,0.7917000000000001,,0.8332999999999999,,0.7143,1.0,0.6,0.7631999999999999,0.7234,,0.5556,,286,246,0.8601000000000001,0.7967,0.9079999999999999,0.8656999999999999,0.7755,1.0,1.0,,1.0,,1.0,0.6774,0.7917000000000001,,0.6154,,SY21-22_GraduationReport_Final.xlsx,2022 4-Year Cohort,SY21-22_GraduationReport_Final.xlsx,2021 5-Year Cohort
2021-2022,2021,2022,Randolph,75,Elkins High School,elkins high school,504,75504,schoolid_75504,203,188,0.9261,0.9151,0.9381,0.9378,,0.6667000000000001,1.0,,0.6667000000000001,1.0,,0.8929,0.8763,1.0,0.7931,0.7368000000000001,185,173,0.9351,0.9175,0.9545,0.9309999999999999,1.0,1.0,1.0,1.0,1.0,,,0.8077,0.9081999999999999,,0.92,0.5,SY21-22_GraduationReport_Final.xlsx,2022 4-Year Cohort,SY21-22_GraduationReport_Final.xlsx,2021 5-Year Cohort
2021-2022,2021,2022,Randolph,75,Harman Elementary/High School,harman elementary/high school,102,75102,schoolid_75102,,,1.0,1.0,1.0,1.0,,,,,,,,1.0,1.0,,1.0,1.0,,,1.0,1.0,1.0,1.0,,,,,,,,1.0,1.0,,,,SY21-22_GraduationReport_Final.xlsx,2022 4-Year Cohort,SY21-22_GraduationReport_Final.xlsx,2021 5-Year Cohort
2021-2022,2021,2022,Randolph,75,Pickens Elementary/High School,pickens elementary/high school,103,75103,schoolid_75103,,,1.0,1.0,1.0,1.0,,,,,,,,,1.0,,,,,,1.0,1.0,,1.0,,,,,,,,,,,,,SY21-22_GraduationReport_Final.xlsx,2022 4-Year Cohort,SY21-22_GraduationReport_Final.xlsx,2021 5-Year Cohort
2021-2022,2021,2022,Randolph,75,Tygarts Valley Middle/High School,tygarts valley middle/high school,503,75503,schoolid_75503,72,66,0.9167000000000001,0.925,0.9063,0.9143000000000001,1.0,1.0,,,,,,0.8889,0.9,,0.7,0.8571,64,63,0.9843999999999999,1.0,0.9615,0.9841,,,,,1.0,,,1.0,0.9677,,1.0,1.0,SY21-22_GraduationReport_Final.xlsx,2022 4-Year Cohort,SY21-22_GraduationReport_Final.xlsx,2021 5-Year Cohort
2021-2022,2021,2022,Ritchie,77,Ritchie County High School,ritchie county high school,501,77501,schoolid_77501,118,107,0.9068,0.9403,0.8626999999999999,0.9035,1.0,1.0,,,,,,0.8,0.8484999999999999,,0.8,0.75,115,106,0.9217,0.9048,0.9423,0.9217,,,,,,,,0.875,0.8970999999999999,,0.9286,,SY21-22_GraduationReport_Final.xlsx,2022 4-Year Cohort,SY21-22_GraduationReport_Final.xlsx,2021 5-Year Cohort
2021-2022,2021,2022,Roane,79,Roane County High,roane county high,503,79503,schoolid_79503,141,132,0.9362,0.9178000000000001,0.9559000000000001,0.9348000000000001,1.0,1.0,,,1.0,,,0.8332999999999999,0.9125,,0.8462000000000001,,148,145,0.9797,0.963,1.0,0.9792000000000001,,1.0,,,1.0,,,0.9523999999999999,0.9667,,0.95,1.0,SY21-22_GraduationReport_Final.xlsx,2022 4-Year Cohort,SY21-22_GraduationReport_Final.xlsx,2021 5-Year Cohort
2021-2022,2021,2022,Summers,81,Summers County High School,summers county high school,503,81503,schoolid_81503,77,61,0.7922,0.7368000000000001,0.8462000000000001,0.8143,1.0,,,,,,,0.7059000000000001,0.7021,,1.0,0.6,100,84,0.84,0.8,0.88,0.8602,1.0,,,,,,,0.6923,0.7619,,0.6667000000000001,,SY21-22_GraduationReport_Final.xlsx,2022 4-Year Cohort,SY21-22_GraduationReport_Final.xlsx,2021 5-Year Cohort
2021-2022,2021,2022,Taylor,83,Grafton High School,grafton high school,502,83502,schoolid_83502,168,159,0.9464,0.9468000000000001,0.9459000000000001,0.9458,,,,,1.0,,,0.8438,0.8933,1.0,0.75,0.6364,157,143,0.9107999999999999,0.8861,0.9359000000000001,0.9167000000000001,,,,,,,,0.84,0.84,,0.6154,1.0,SY21-22_GraduationReport_Final.xlsx,2022 4-Year Cohort,SY21-22_GraduationReport_Final.xlsx,2021 5-Year Cohort
2021-2022,2021,2022,Tucker,84,Tucker County High School,tucker county high school,501,84501,schoolid_84501,82,69,0.8415,0.7447,0.9714,0.8332999999999999,1.0,1.0,,,1.0,,,0.6875,0.7619,,0.619,0.4167,88,81,0.9205,0.8371999999999999,1.0,0.9186,,1.0,,,1.0,,,1.0,0.8462000000000001,,0.6667000000000001,,SY21-22_GraduationReport_Final.xlsx,2022 4-Year Cohort,SY21-22_GraduationReport_Final.xlsx,2021 5-Year Cohort
2021-2022,2021,2022,Tyler,85,Tyler Consolidated High School,tyler consolidated high school,503,85503,schoolid_85503,84,80,0.9523999999999999,0.9473999999999999,0.9565,0.9512,1.0,1.0,,,,,1.0,0.8667,0.9091,,0.8,1.0,73,69,0.9451999999999999,0.9444,0.9459000000000001,0.9451999999999999,,,,,,,,0.7273000000000001,0.875,1.0,0.6667000000000001,,SY21-22_GraduationReport_Final.xlsx,2022 4-Year Cohort,SY21-22_GraduationReport_Final.xlsx,2021 5-Year Cohort
2021-2022,2021,2022,Upshur,87,Buckhannon Upshur High School,buckhannon upshur high school,501,87501,schoolid_87501,274,260,0.9489,0.9493,0.9484999999999999,0.9549,0.6667000000000001,1.0,,,,,,1.0,0.9245,,0.8636,0.7778,235,222,0.9447,0.9569,0.9328,0.9434999999999999,1.0,1.0,,,1.0,,,0.8856999999999999,0.9148999999999999,,0.875,,SY21-22_GraduationReport_Final.xlsx,2022 4-Year Cohort,SY21-22_GraduationReport_Final.xlsx,2021 5-Year Cohort
2021-2022,2021,2022,Wayne,89,Spring Valley High School,spring valley high school,508,89508,schoolid_89508,268,224,0.8358,0.8261,0.8462000000000001,0.8332999999999999,0.6667000000000001,1.0,1.0,,1.0,,,0.7333,0.7292000000000001,,0.8,0.6,260,233,0.8962,0.8723000000000001,0.9244,0.8976000000000001,0.6667000000000001,1.0,,,,,1.0,0.8205,0.8284,,0.6154,0.5652,SY21-22_GraduationReport_Final.xlsx,2022 4-Year Cohort,SY21-22_GraduationReport_Final.xlsx,2021 5-Year Cohort
2021-2022,2021,2022,Wayne,89,Tolsia High School,tolsia high school,507,89507,schoolid_89507,96,80,0.8332999999999999,0.7254999999999999,0.9556,0.8298000000000001,,,1.0,,1.0,,,0.7222,0.7544,,,,82,77,0.9390000000000001,0.9286,0.95,0.9390000000000001,,,,,,,1.0,0.8234999999999999,0.9286,,0.6667000000000001,,SY21-22_GraduationReport_Final.xlsx,2022 4-Year Cohort,SY21-22_GraduationReport_Final.xlsx,2021 5-Year Cohort
2021-2022,2021,2022,Wayne,89,Wayne High School,wayne high school,506,89506,schoolid_89506,149,120,0.8054000000000001,0.7975,0.8143,0.8095,,,,,1.0,,,0.8529000000000001,0.7273000000000001,,1.0,,140,127,0.9070999999999999,0.8873000000000001,0.9275,0.9065000000000001,,1.0,,,,,1.0,0.9582999999999999,0.8590000000000001,,,0.8,SY21-22_GraduationReport_Final.xlsx,2022 4-Year Cohort,SY21-22_GraduationReport_Final.xlsx,2021 5-Year Cohort
2021-2022,2021,2022,Webster,91,Webster County High School,webster county high school,501,91501,schoolid_91501,98,92,0.9388,0.9298000000000001,0.9512,0.9381,1.0,,,,,,,0.8,0.9167000000000001,,0.7,1.0,76,75,0.9868000000000001,0.9722,1.0,0.9867,,1.0,,,,,,0.9167000000000001,0.9787,,0.8889,1.0,SY21-22_GraduationReport_Final.xlsx,2022 4-Year Cohort,SY21-22_GraduationReport_Final.xlsx,2021 5-Year Cohort
2021-2022,2021,2022,Wetzel,92,Hundred High School,hundred high school,501,92501,schoolid_92501,25,22,0.88,0.7692,1.0,0.88,,,,,,,,,0.7692,,,,25,25,1.0,1.0,1.0,1.0,,,,,,,1.0,1.0,1.0,,,,SY21-22_GraduationReport_Final.xlsx,2022 4-Year Cohort,SY21-22_GraduationReport_Final.xlsx,2021 5-Year Cohort
2021-2022,2021,2022,Wetzel,92,Magnolia High School,magnolia high school,502,92502,schoolid_92502,105,99,0.9429000000000001,0.9778,0.9167000000000001,0.9388,1.0,1.0,1.0,,1.0,,1.0,0.9582999999999999,0.9492,,0.6667000000000001,1.0,97,94,0.9691,0.9615,0.9778,0.977,1.0,0.8571,,1.0,1.0,,1.0,1.0,0.9483,,1.0,1.0,SY21-22_GraduationReport_Final.xlsx,2022 4-Year Cohort,SY21-22_GraduationReport_Final.xlsx,2021 5-Year Cohort
2021-2022,2021,2022,Wetzel,92,Paden City High School,paden city high school,503,92503,schoolid_92503,31,28,0.9031999999999999,0.9286,0.8824,0.9031999999999999,,,,,,,,0.6,0.8421,,1.0,,35,33,0.9429000000000001,0.8824,1.0,0.9375,1.0,,,,1.0,,,1.0,0.8889,,0.6667000000000001,,SY21-22_GraduationReport_Final.xlsx,2022 4-Year Cohort,SY21-22_GraduationReport_Final.xlsx,2021 5-Year Cohort
2021-2022,2021,2022,Wetzel,92,Valley High School,valley high school,504,92504,schoolid_92504,40,40,1.0,1.0,1.0,1.0,,,,,,,,1.0,1.0,,1.0,,29,29,1.0,1.0,1.0,1.0,,,,,,,,1.0,1.0,,1.0,,SY21-22_GraduationReport_Final.xlsx,2022 4-Year Cohort,SY21-22_GraduationReport_Final.xlsx,2021 5-Year Cohort
2021-2022,2021,2022,Wirt,94,Wirt County High School,wirt county high school,501,94501,schoolid_94501,70,65,0.9286,0.9268000000000001,0.9309999999999999,0.9275,,1.0,,,,,,1.0,0.8809999999999999,,0.9,1.0,65,60,0.9231,0.9667,0.8856999999999999,0.9194,1.0,1.0,,,,,,1.0,0.8529000000000001,,0.7778,1.0,SY21-22_GraduationReport_Final.xlsx,2022 4-Year Cohort,SY21-22_GraduationReport_Final.xlsx,2021 5-Year Cohort
2021-2022,2021,2022,Wood,96,Parkersburg High School,parkersburg high school,501,96501,schoolid_96501,426,346,0.8122,0.7655,0.865,0.8240000000000001,0.75,,0.75,,0.7273000000000001,,,0.6761,0.7265,,0.4,0.5484,386,346,0.8964,0.8776,0.9158,0.9,0.7778,1.0,1.0,,0.8181999999999999,,1.0,0.7406999999999999,0.8551000000000001,,0.6207,0.6364,SY21-22_GraduationReport_Final.xlsx,2022 4-Year Cohort,SY21-22_GraduationReport_Final.xlsx,2021 5-Year Cohort
2021-2022,2021,2022,Wood,96,Parkersburg South High School,parkersburg south high school,502,96502,schoolid_96502,364,338,0.9286,0.9309000000000001,0.9261,0.9292,0.8571,1.0,1.0,1.0,0.9,,1.0,0.7931,0.8571,,0.6,0.6364,326,308,0.9448000000000001,0.9216,0.9653,0.945,1.0,1.0,1.0,,0.875,1.0,,0.8695999999999999,0.9,,0.6470999999999999,0.8332999999999999,SY21-22_GraduationReport_Final.xlsx,2022 4-Year Cohort,SY21-22_GraduationReport_Final.xlsx,2021 5-Year Cohort
2021-2022,2021,2022,Wood,96,Williamstown High School,williamstown high school,503,96503,schoolid_96503,94,90,0.9573999999999999,0.9773000000000001,0.94,0.9556,1.0,1.0,,,1.0,,,1.0,0.9697,,0.6667000000000001,,89,84,0.9438,0.9286,0.9573999999999999,0.9425,1.0,,,,1.0,,,0.9167000000000001,0.8824,,0.7143,1.0,SY21-22_GraduationReport_Final.xlsx,2022 4-Year Cohort,SY21-22_GraduationReport_Final.xlsx,2021 5-Year Cohort
2021-2022,2021,2022,Wyoming,98,Westside High School,westside high school,508,98508,schoolid_98508,129,112,0.8682,0.8732,0.8621,0.8661,,1.0,,,1.0,,,0.7241,0.8181999999999999,,1.0,,162,157,0.9691,0.963,0.9753000000000001,0.9689,1.0,,,,,,,0.9143000000000001,0.9505,,0.8571,0.8571,SY21-22_GraduationReport_Final.xlsx,2022 4-Year Cohort,SY21-22_GraduationReport_Final.xlsx,2021 5-Year Cohort
2021-2022,2021,2022,Wyoming,98,Wyoming County East High School,wyoming county east high school,507,98507,schoolid_98507,99,88,0.8889,0.8824,0.8957999999999999,0.8878,,,,,1.0,,,0.6667000000000001,0.8412999999999999,,0.6667000000000001,0.75,127,106,0.8345999999999999,0.7909999999999999,0.8833,0.8443,1.0,,,,,,,0.6667000000000001,0.7901,,0.5714,,SY21-22_GraduationReport_Final.xlsx,2022 4-Year Cohort,SY21-22_GraduationReport_Final.xlsx,2021 5-Year Cohort
2022-2023,2022,2023,Barbour,2,Philip Barbour High School Complex,philip barbour high school complex,501,2501,schoolid_2501,147,133,0.9048,0.8451000000000001,0.9605,0.9065000000000001,,,,1.0,1.0,,,0.8684000000000001,0.8649,,0.75,0.8571,138,129,0.9348000000000001,0.8870999999999999,0.9737,0.9462,,1.0,,1.0,,,,0.8636,0.8676,,1.0,0.75,SY22-23_GraduationReport_Final.xlsx,2023 4-year Cohort,SY22-23_GraduationReport_Final.xlsx,2022 5-year Cohort
2022-2023,2022,2023,Berkeley,4,Hedgesville High School,hedgesville high school,501,4501,schoolid_4501,290,278,0.9586,0.9429000000000001,0.9732999999999999,0.9543,1.0,0.9545,1.0,,0.9231,,1.0,0.8332999999999999,0.9048,1.0,0.75,0.6,284,275,0.9682999999999999,0.9732999999999999,0.9627,0.9636,1.0,0.9706,,,1.0,,0.9,0.9487000000000001,0.9722,1.0,1.0,1.0,SY22-23_GraduationReport_Final.xlsx,2023 4-year Cohort,SY22-23_GraduationReport_Final.xlsx,2022 5-year Cohort
2022-2023,2022,2023,Berkeley,4,Martinsburg High School,martinsburg high school,502,4502,schoolid_4502,334,324,0.9701000000000001,0.9571,0.9825,0.9573999999999999,1.0,0.9787,1.0,,0.95,1.0,0.9333,0.9643,0.9540000000000001,1.0,0.8462000000000001,0.8,355,347,0.9775,0.9692000000000001,0.9875,0.9775,0.9688,1.0,1.0,1.0,0.96,,1.0,0.9444,0.9669,1.0,1.0,,SY22-23_GraduationReport_Final.xlsx,2023 4-year Cohort,SY22-23_GraduationReport_Final.xlsx,2022 5-year Cohort
2022-2023,2022,2023,Berkeley,4,Musselman High School,musselman high school,503,4503,schoolid_4503,392,390,0.9948999999999999,1.0,0.9899,0.9937,1.0,1.0,1.0,1.0,1.0,1.0,1.0,0.9836,0.9940000000000001,1.0,1.0,1.0,394,393,0.9975,0.995,1.0,0.9969,1.0,1.0,1.0,1.0,1.0,,1.0,0.9811,0.9929000000000001,1.0,1.0,1.0,SY22-23_GraduationReport_Final.xlsx,2023 4-year Cohort,SY22-23_GraduationReport_Final.xlsx,2022 5-year Cohort
2022-2023,2022,2023,Berkeley,4,Spring Mills High School,spring mills high school,504,4504,schoolid_4504,331,328,0.9909,0.9940000000000001,0.9876999999999999,0.9915,0.9688,1.0,1.0,1.0,1.0,,1.0,0.9649,0.9831,,1.0,0.6667000000000001,306,305,0.9967,1.0,0.9939,0.9956999999999999,1.0,1.0,1.0,1.0,1.0,1.0,1.0,1.0,1.0,,1.0,1.0,SY22-23_GraduationReport_Final.xlsx,2023 4-year Cohort,SY22-23_GraduationReport_Final.xlsx,2022 5-year Cohort
2022-2023,2022,2023,Boone,6,Scott High School,scott high school,501,6501,schoolid_6501,122,114,0.9344,0.9394,0.9286,0.9495999999999999,,1.0,,,,,,0.875,0.9129999999999999,,1.0,0.8332999999999999,154,142,0.9220999999999999,0.9091,0.9394,0.9211,,,1.0,,1.0,,,0.8234999999999999,0.8736,,,,SY22-23_GraduationReport_Final.xlsx,2023 4-year Cohort,SY22-23_GraduationReport_Final.xlsx,2022 5-year Cohort
2022-2023,2022,2023,Boone,6,Sherman High School,sherman high school,502,6502,schoolid_6502,73,70,0.9589,0.9268000000000001,1.0,0.9589,,,,,,,,0.9565,0.9318000000000001,,1.0,1.0,81,75,0.9259000000000001,0.8667,1.0,0.9259000000000001,,,,,,,,0.9091,0.878,,1.0,1.0,SY22-23_GraduationReport_Final.xlsx,2023 4-year Cohort,SY22-23_GraduationReport_Final.xlsx,2022 5-year Cohort
2022-2023,2022,2023,Boone,6,Van Junior/Senior High School,van junior/senior high school,503,6503,schoolid_6503,27,25,0.9259000000000001,0.8332999999999999,1.0,0.9259000000000001,,,,,,,,1.0,0.9286,,,,29,23,0.7931,0.8,0.7857,0.7931,,,,,,,,,0.8234999999999999,,,1.0,SY22-23_GraduationReport_Final.xlsx,2023 4-year Cohort,SY22-23_GraduationReport_Final.xlsx,2022 5-year Cohort
2022-2023,2022,2023,Braxton,8,Braxton County High School,braxton county high school,501,8501,schoolid_8501,125,124,0.992,0.9848,1.0,0.9917,1.0,1.0,,,1.0,,1.0,0.9523999999999999,0.9836,,1.0,1.0,128,123,0.9609000000000001,0.9559000000000001,0.9667,0.9597,,,,,1.0,,,0.8889,0.9359000000000001,,0.75,0.875,SY22-23_GraduationReport_Final.xlsx,2023 4-year Cohort,SY22-23_GraduationReport_Final.xlsx,2022 5-year Cohort
2022-2023,2022,2023,Brooke,10,Brooke High School,brooke high school,502,10502,schoolid_10502,248,208,0.8387,0.7958,0.8962,0.8445,0.6667000000000001,1.0,1.0,,,,1.0,0.6470999999999999,0.7593000000000001,,0.5,,222,206,0.9279000000000001,0.8981,0.9561,0.9266,1.0,1.0,,,1.0,,,0.8095,0.898,,,,SY22-23_GraduationReport_Final.xlsx,2023 4-year Cohort,SY22-23_GraduationReport_Final.xlsx,2022 5-year Cohort
2022-2023,2022,2023,Cabell,12,Cabell Midland High School,cabell midland high school,550,12550,schoolid_12550,451,428,0.9490000000000001,0.9398000000000001,0.9573999999999999,0.9481,1.0,0.8332999999999999,1.0,,1.0,,1.0,0.8695999999999999,0.8983,1.0,0.8695999999999999,0.5,433,401,0.9261,0.9136,0.9390000000000001,0.9277,1.0,0.875,1.0,1.0,0.8667,,1.0,0.7917000000000001,0.847,,0.8065000000000001,0.4286,SY22-23_GraduationReport_Final.xlsx,2023 4-year Cohort,SY22-23_GraduationReport_Final.xlsx,2022 5-year Cohort
2022-2023,2022,2023,Cabell,12,Huntington High School,huntington high school,560,12560,schoolid_12560,400,317,0.7925,0.789,0.7967,0.7853,0.8,0.7778,1.0,,0.8387,,0.6,0.6809000000000001,0.7056,,0.48,0.5625,408,345,0.8456,0.8326,0.861,0.8227,0.9091,0.8,0.6,1.0,0.9737,,0.7143,0.8,0.7870999999999999,,0.7143,0.617,SY22-23_GraduationReport_Final.xlsx,2023 4-year Cohort,SY22-23_GraduationReport_Final.xlsx,2022 5-year Cohort
2022-2023,2022,2023,Calhoun,14,Calhoun Middle/High School,calhoun middle/high school,501,14501,schoolid_14501,79,69,0.8734000000000001,0.8864,0.8571,0.8845999999999999,,,,,,,,0.9231,0.8409,,0.6923,1.0,56,54,0.9643,0.9412,1.0,0.9636,,1.0,,,,,,1.0,0.9459000000000001,,1.0,1.0,SY22-23_GraduationReport_Final.xlsx,2023 4-year Cohort,SY22-23_GraduationReport_Final.xlsx,2022 5-year Cohort
2022-2023,2022,2023,Clay,16,Clay County High School,clay county high school,501,16501,schoolid_16501,98,94,0.9592,0.9148999999999999,1.0,0.9592,,,,,,,,1.0,0.9412,,0.9394,0.7778,123,122,0.9919,0.9861,1.0,0.9915999999999999,1.0,1.0,,,1.0,,,1.0,1.0,,1.0,1.0,SY22-23_GraduationReport_Final.xlsx,2023 4-year Cohort,SY22-23_GraduationReport_Final.xlsx,2022 5-year Cohort
2022-2023,2022,2023,Doddridge,18,Doddridge County High School,doddridge county high school,501,18501,schoolid_18501,89,89,1.0,1.0,1.0,1.0,,1.0,1.0,,1.0,,,1.0,1.0,,1.0,1.0,70,69,0.9856999999999999,0.9697,1.0,0.9851000000000001,,1.0,1.0,,1.0,,,1.0,0.9697,1.0,1.0,1.0,SY22-23_GraduationReport_Final.xlsx,2023 4-year Cohort,SY22-23_GraduationReport_Final.xlsx,2022 5-year Cohort
2022-2023,2022,2023,Fayette,20,Meadow Bridge High,meadow bridge high,503,20503,schoolid_20503,32,29,0.9063,0.85,1.0,0.9333,1.0,,,,,,,0.8462000000000001,0.85,,0.875,0.6667000000000001,39,39,1.0,1.0,1.0,1.0,1.0,1.0,,,,,,1.0,1.0,,1.0,1.0,SY22-23_GraduationReport_Final.xlsx,2023 4-year Cohort,SY22-23_GraduationReport_Final.xlsx,2022 5-year Cohort
2022-2023,2022,2023,Fayette,20,Midland Trail High,midland trail high,504,20504,schoolid_20504,96,92,0.9582999999999999,0.9608,0.9556,0.9570000000000001,1.0,,,,1.0,,,1.0,0.9423,,0.8,0.6667000000000001,94,89,0.9468000000000001,0.9111,0.9795999999999999,0.9462,1.0,,,,,,,1.0,0.9556,,0.8332999999999999,0.75,SY22-23_GraduationReport_Final.xlsx,2023 4-year Cohort,SY22-23_GraduationReport_Final.xlsx,2022 5-year Cohort
2022-2023,2022,2023,Fayette,20,Oak Hill High,oak hill high,506,20506,schoolid_20506,294,261,0.8878,0.8562000000000001,0.922,0.8806,0.9412,1.0,1.0,,1.0,,0.6667000000000001,0.8704000000000001,0.8726999999999999,,0.7222,0.6,263,230,0.8745,0.8345999999999999,0.9118,0.8678,1.0,1.0,,,0.8571,,1.0,0.7317,0.8205,,0.6,0.6667000000000001,SY22-23_GraduationReport_Final.xlsx,2023 4-year Cohort,SY22-23_GraduationReport_Final.xlsx,2022 5-year Cohort
2022-2023,2022,2023,Gilmer,22,Gilmer County High School,gilmer county high school,501,22501,schoolid_22501,63,58,0.9206,0.8974,0.9582999999999999,0.9167000000000001,1.0,1.0,,,1.0,,,0.8095,0.8438,1.0,0.75,1.0,62,60,0.9677,0.9487000000000001,1.0,0.9661,1.0,,,,,,,0.75,0.9355,1.0,0.8571,1.0,SY22-23_GraduationReport_Final.xlsx,2023 4-year Cohort,SY22-23_GraduationReport_Final.xlsx,2022 5-year Cohort
2022-2023,2022,2023,Grant,24,Petersburg High School,petersburg high school,501,24501,schoolid_24501,103,97,0.9417,0.8909,1.0,0.9388,1.0,1.0,,,,,1.0,0.875,0.9434,1.0,1.0,1.0,103,98,0.9515,0.9388,0.963,0.9608,,,,,,,,1.0,0.8913,1.0,0.8571,1.0,SY22-23_GraduationReport_Final.xlsx,2023 4-year Cohort,SY22-23_GraduationReport_Final.xlsx,2022 5-year Cohort
2022-2023,2022,2023,Grant,24,Union Educational Complex,union educational complex,101,24101,schoolid_24101,12,11,0.9167000000000001,0.6667000000000001,1.0,0.9167000000000001,,,,,,,,0.8,0.75,,,,18,18,1.0,1.0,1.0,1.0,,,,,,,,1.0,1.0,1.0,1.0,,SY22-23_GraduationReport_Final.xlsx,2023 4-year Cohort,SY22-23_GraduationReport_Final.xlsx,2022 5-year Cohort
2022-2023,2022,2023,Greenbrier,26,Greenbrier East High School,greenbrier east high school,501,26501,schoolid_26501,235,219,0.9319,0.9309999999999999,0.9328,0.9261,1.0,1.0,1.0,,1.0,1.0,1.0,0.9111,0.8839,,0.75,0.8571,261,230,0.8812000000000001,0.8462000000000001,0.9159999999999999,0.8912,0.8889,0.5714,,,0.8332999999999999,,0.6,0.7442,0.7948999999999999,,0.6470999999999999,0.7,SY22-23_GraduationReport_Final.xlsx,2023 4-year Cohort,SY22-23_GraduationReport_Final.xlsx,2022 5-year Cohort
2022-2023,2022,2023,Greenbrier,26,Greenbrier West High School,greenbrier west high school,502,26502,schoolid_26502,87,77,0.8851,0.8695999999999999,0.9024,0.8941,,,,,1.0,,,1.0,0.8162999999999999,,,,101,94,0.9307,0.9216,0.94,0.9286,1.0,1.0,,,1.0,,,0.8462000000000001,0.8923000000000001,,0.6,0.6667000000000001,SY22-23_GraduationReport_Final.xlsx,2023 4-year Cohort,SY22-23_GraduationReport_Final.xlsx,2022 5-year Cohort
2022-2023,2022,2023,Hampshire,28,Hampshire Senior High School,hampshire senior high school,501,28501,schoolid_28501,207,176,0.8502,0.8411,0.86,0.8556999999999999,0.75,1.0,1.0,,0.8332999999999999,,,0.871,0.75,,0.6470999999999999,0.5556,177,146,0.8249,0.8161,0.8332999999999999,0.8353,,,,,0.75,,,0.5313,0.7474,,0.7143,,SY22-23_GraduationReport_Final.xlsx,2023 4-year Cohort,SY22-23_GraduationReport_Final.xlsx,2022 5-year Cohort
2022-2023,2022,2023,Hancock,29,Oak Glen High School,oak glen high school,501,29501,schoolid_29501,127,120,0.9449,0.9155,0.9821,0.9431,1.0,1.0,,,1.0,,,0.9129999999999999,0.9016,,1.0,0.8332999999999999,146,140,0.9589,0.92,1.0,0.9571,1.0,1.0,,,1.0,,1.0,0.8889,0.9167000000000001,,0.6,0.7143,SY22-23_GraduationReport_Final.xlsx,2023 4-year Cohort,SY22-23_GraduationReport_Final.xlsx,2022 5-year Cohort
2022-2023,2022,2023,Hancock,29,Weir High School,weir high school,502,29502,schoolid_29502,165,158,0.9576,0.9355,0.9861,0.965,0.7143,1.0,1.0,,1.0,,1.0,0.9459000000000001,0.9420000000000001,,1.0,,146,139,0.9521,0.9747,0.9254000000000001,0.9528,1.0,1.0,,,0.8889,,1.0,0.9355,0.9155,,0.8332999999999999,,SY22-23_GraduationReport_Final.xlsx,2023 4-year Cohort,SY22-23_GraduationReport_Final.xlsx,2022 5-year Cohort
2022-2023,2022,2023,Hardy,31,East Hardy High School,east hardy high school,501,31501,schoolid_31501,49,46,0.9388,0.9655,0.9,0.9545,1.0,,,,1.0,,,1.0,1.0,,1.0,1.0,54,47,0.8704000000000001,0.8332999999999999,0.9167000000000001,0.875,,1.0,,,1.0,,,0.7,0.8845999999999999,,1.0,,SY22-23_GraduationReport_Final.xlsx,2023 4-year Cohort,SY22-23_GraduationReport_Final.xlsx,2022 5-year Cohort
2022-2023,2022,2023,Hardy,31,Moorefield High School,moorefield high school,502,31502,schoolid_31502,119,109,0.9159999999999999,0.8787999999999999,0.9623,0.9659,1.0,0.7082999999999999,,,,,0.6957,0.875,0.9179999999999999,,0.8571,1.0,122,116,0.9508,0.9375,0.9655,0.9519,1.0,0.9,1.0,,,,0.8571,0.7143,0.9143000000000001,,1.0,1.0,SY22-23_GraduationReport_Final.xlsx,2023 4-year Cohort,SY22-23_GraduationReport_Final.xlsx,2022 5-year Cohort
2022-2023,2022,2023,Harrison,33,Bridgeport High School,bridgeport high school,501,33501,schoolid_33501,196,195,0.9948999999999999,0.9895999999999999,1.0,0.9944,1.0,1.0,1.0,1.0,1.0,,1.0,1.0,1.0,1.0,1.0,1.0,207,207,1.0,1.0,1.0,1.0,1.0,1.0,1.0,,1.0,,1.0,1.0,1.0,1.0,1.0,1.0,SY22-23_GraduationReport_Final.xlsx,2023 4-year Cohort,SY22-23_GraduationReport_Final.xlsx,2022 5-year Cohort
2022-2023,2022,2023,Harrison,33,Liberty High School,liberty high school,502,33502,schoolid_33502,124,118,0.9516,0.9565,0.9455,0.95,1.0,1.0,,,1.0,,1.0,0.8636,0.9211,1.0,0.875,,125,123,0.9840000000000001,1.0,0.9667,0.9832,1.0,,,,1.0,,1.0,1.0,0.9714,,1.0,1.0,SY22-23_GraduationReport_Final.xlsx,2023 4-year Cohort,SY22-23_GraduationReport_Final.xlsx,2022 5-year Cohort
2022-2023,2022,2023,Harrison,33,Lincoln High School,lincoln high school,503,33503,schoolid_33503,171,165,0.9649,0.9425,0.9881,0.9625,1.0,1.0,,,1.0,,1.0,0.8889,0.9473999999999999,1.0,0.6667000000000001,0.8332999999999999,153,149,0.9739,0.9759,0.9714,0.9732999999999999,,1.0,,,1.0,,,1.0,0.95,,0.8332999999999999,0.8332999999999999,SY22-23_GraduationReport_Final.xlsx,2023 4-year Cohort,SY22-23_GraduationReport_Final.xlsx,2022 5-year Cohort
2022-2023,2022,2023,Harrison,33,Robert C Byrd High School,robert c byrd high school,506,33506,schoolid_33506,205,188,0.9170999999999999,0.8946999999999999,0.9451,0.9176000000000001,0.8332999999999999,0.8571,,,1.0,,,0.8049,0.8739,1.0,0.8809999999999999,0.8125,196,189,0.9643,0.9570000000000001,0.9709,0.9662999999999999,1.0,1.0,1.0,,0.8332999999999999,,,0.8974,0.9394,1.0,0.9091,0.6667000000000001,SY22-23_GraduationReport_Final.xlsx,2023 4-year Cohort,SY22-23_GraduationReport_Final.xlsx,2022 5-year Cohort
2022-2023,2022,2023,Harrison,33,South Harrison High School,south harrison high school,505,33505,schoolid_33505,83,79,0.9518000000000001,0.9286,0.9756,0.9494,,,1.0,1.0,1.0,,1.0,1.0,0.9091,,0.9167000000000001,1.0,86,82,0.9534999999999999,0.9273,1.0,0.9643,,,,,1.0,,,0.85,0.8966,,0.8332999999999999,1.0,SY22-23_GraduationReport_Final.xlsx,2023 4-year Cohort,SY22-23_GraduationReport_Final.xlsx,2022 5-year Cohort
2022-2023,2022,2023,Jackson,35,Ravenswood High School,ravenswood high school,501,35501,schoolid_35501,106,99,0.934,0.9153,0.9573999999999999,0.9307,,1.0,,,1.0,,,0.7646999999999999,0.8929,,0.6,,88,85,0.9659,0.9348000000000001,1.0,0.9651000000000001,1.0,1.0,,,,,,0.9231,0.9545,,1.0,,SY22-23_GraduationReport_Final.xlsx,2023 4-year Cohort,SY22-23_GraduationReport_Final.xlsx,2022 5-year Cohort
2022-2023,2022,2023,Jackson,35,Ripley High School,ripley high school,502,35502,schoolid_35502,178,166,0.9326000000000001,0.9,0.9659,0.9359999999999999,,0.75,1.0,,,,,0.84,0.8571,,1.0,0.875,172,155,0.9012,0.9011,0.9012,0.9036,1.0,1.0,,,0.6667000000000001,,1.0,0.9444,0.8051999999999999,,,0.8332999999999999,SY22-23_GraduationReport_Final.xlsx,2023 4-year Cohort,SY22-23_GraduationReport_Final.xlsx,2022 5-year Cohort
2022-2023,2022,2023,Jefferson,37,Jefferson High School,jefferson high school,501,37501,schoolid_37501,364,313,0.8599,0.8427,0.8763,0.8593999999999999,0.92,0.8695999999999999,1.0,,0.7879,1.0,0.7917000000000001,0.7288,0.8040999999999999,0.875,0.8636,,349,307,0.8797,0.8634000000000001,0.8976000000000001,0.8759999999999999,0.9259000000000001,0.8181999999999999,1.0,,0.9231,1.0,0.7143,0.7547,0.8,0.8332999999999999,0.8125,,SY22-23_GraduationReport_Final.xlsx,2023 4-year Cohort,SY22-23_GraduationReport_Final.xlsx,2022 5-year Cohort
2022-2023,2022,2023,Jefferson,37,Washington High School,washington high school,502,37502,schoolid_37502,324,293,0.9043000000000001,0.8862000000000001,0.9236,0.9091,1.0,0.8667,1.0,1.0,0.8695999999999999,,0.7368000000000001,0.8684000000000001,0.8652,1.0,0.8553000000000001,1.0,334,303,0.9072,0.8786,0.9379000000000001,0.9087000000000001,0.9129999999999999,0.9143000000000001,1.0,,0.8636,,1.0,0.8718,0.8571,1.0,0.9195,0.6667000000000001,SY22-23_GraduationReport_Final.xlsx,2023 4-year Cohort,SY22-23_GraduationReport_Final.xlsx,2022 5-year Cohort
2022-2023,2022,2023,Kanawha,39,Capital High School,capital high school,513,39513,schoolid_39513,296,250,0.8445999999999999,0.8528,0.8345999999999999,0.8332999999999999,0.8763,0.8571,1.0,,0.7143,,1.0,0.8077,0.7865000000000001,,0.619,0.5714,322,264,0.8199,0.7414000000000001,0.9122,0.8377,0.8,,1.0,1.0,0.7143,,,0.7955,0.7525,,0.5789,0.5455,SY22-23_GraduationReport_Final.xlsx,2023 4-year Cohort,SY22-23_GraduationReport_Final.xlsx,2022 5-year Cohort
2022-2023,2022,2023,Kanawha,39,George Washington High School,george washington high school,506,39506,schoolid_39506,293,275,0.9386,0.9222,0.9603,0.9434999999999999,0.9286,1.0,0.9545,,0.8571,,,0.8571,0.8515,,0.8,,281,267,0.9501999999999999,0.9343,0.9653,0.9668000000000001,0.8125,,1.0,,0.8889,,1.0,0.8,0.871,,0.5714,,SY22-23_GraduationReport_Final.xlsx,2023 4-year Cohort,SY22-23_GraduationReport_Final.xlsx,2022 5-year Cohort
2022-2023,2022,2023,Kanawha,39,Herbert Hoover High School,herbert hoover high school,507,39507,schoolid_39507,197,181,0.9188,0.9118,0.9262999999999999,0.9175,1.0,,,,1.0,,,0.8787999999999999,0.8234999999999999,,0.6667000000000001,0.6154,192,169,0.8802,0.8454,0.9158,0.8870999999999999,,,1.0,,0.6667000000000001,,1.0,0.8387,0.7912,,0.7692,0.6667000000000001,SY22-23_GraduationReport_Final.xlsx,2023 4-year Cohort,SY22-23_GraduationReport_Final.xlsx,2022 5-year Cohort
2022-2023,2022,2023,Kanawha,39,Nitro High School,nitro high school,508,39508,schoolid_39508,189,169,0.8942,0.8876000000000001,0.9,0.903,0.875,1.0,,,0.7273000000000001,,,0.92,0.8190000000000001,,0.7778,,212,197,0.9292,0.9184,0.9386,0.9278,1.0,0.8571,1.0,,0.8571,,0.75,0.871,0.8843000000000001,,0.5832999999999999,0.5714,SY22-23_GraduationReport_Final.xlsx,2023 4-year Cohort,SY22-23_GraduationReport_Final.xlsx,2022 5-year Cohort
2022-2023,2022,2023,Kanawha,39,Riverside High School,riverside high school,514,39514,schoolid_39514,319,277,0.8683,0.8663,0.8712000000000001,0.8695999999999999,0.8332999999999999,1.0,1.0,1.0,0.8332999999999999,,1.0,0.8261,0.8271,,0.7333,0.6818000000000001,284,253,0.8908,0.8647,0.9139,0.8911,0.9473999999999999,0.6667000000000001,1.0,,0.75,,,0.9143000000000001,0.8889,,0.9,0.875,SY22-23_GraduationReport_Final.xlsx,2023 4-year Cohort,SY22-23_GraduationReport_Final.xlsx,2022 5-year Cohort
2022-2023,2022,2023,Kanawha,39,Saint Albans High School,saint albans high school,509,39509,schoolid_39509,219,206,0.9406,0.9390999999999999,0.9423,0.943,0.8571,1.0,1.0,,1.0,,,0.7857,0.9027,,0.8824,0.5,247,237,0.9595,0.9545,0.9652,0.9556,1.0,1.0,,1.0,1.0,,,0.92,0.9225,,1.0,0.8234999999999999,SY22-23_GraduationReport_Final.xlsx,2023 4-year Cohort,SY22-23_GraduationReport_Final.xlsx,2022 5-year Cohort
2022-2023,2022,2023,Kanawha,39,Sissonville High School,sissonville high school,510,39510,schoolid_39510,134,128,0.9551999999999999,0.9655,0.9473999999999999,0.9545,1.0,,1.0,,,,,0.9473999999999999,0.9129999999999999,,1.0,0.8332999999999999,171,159,0.9298000000000001,0.8957999999999999,0.9732999999999999,0.9277,1.0,,,,1.0,,,0.8889,0.8736,,0.8332999999999999,0.75,SY22-23_GraduationReport_Final.xlsx,2023 4-year Cohort,SY22-23_GraduationReport_Final.xlsx,2022 5-year Cohort
2022-2023,2022,2023,Kanawha,39,South Charleston High School,south charleston high school,511,39511,schoolid_39511,231,191,0.8268000000000001,0.7787999999999999,0.8729,0.8354,0.8409,0.7143,0.8571,,0.7333,,1.0,0.6552,0.7902,,0.5263,0.6,231,196,0.8484999999999999,0.8571,0.8403,0.8344,0.8491,1.0,1.0,,1.0,,1.0,0.8571,0.7862,,0.5556,0.5,SY22-23_GraduationReport_Final.xlsx,2023 4-year Cohort,SY22-23_GraduationReport_Final.xlsx,2022 5-year Cohort
2022-2023,2022,2023,Lewis,41,Lewis County High School,lewis county high school,501,41501,schoolid_41501,164,153,0.9329000000000001,0.9125,0.9523999999999999,0.9317,,,1.0,,1.0,,,0.8181999999999999,0.9247,,0.9167000000000001,0.75,150,130,0.8667,0.8088,0.9146,0.863,1.0,1.0,,,1.0,,1.0,0.7082999999999999,0.7816,1.0,0.75,,SY22-23_GraduationReport_Final.xlsx,2023 4-year Cohort,SY22-23_GraduationReport_Final.xlsx,2022 5-year Cohort
2022-2023,2022,2023,Lincoln,43,Lincoln County High School,lincoln county high school,506,43506,schoolid_43506,224,184,0.8214,0.7739,0.8715999999999999,0.8227,1.0,1.0,,,,,,0.7121,0.768,,0.7333,0.5294,208,189,0.9087000000000001,0.8992,0.9213,0.9073,1.0,,,,1.0,,,0.8205,0.8768,,1.0,0.6154,SY22-23_GraduationReport_Final.xlsx,2023 4-year Cohort,SY22-23_GraduationReport_Final.xlsx,2022 5-year Cohort
2022-2023,2022,2023,Logan,45,Chapmanville Regional High School,chapmanville regional high school,501,45501,schoolid_45501,169,162,0.9586,0.9529000000000001,0.9643,0.9578,1.0,1.0,,,,,,0.9615,0.9375,,1.0,0.7273000000000001,161,150,0.9317,0.914,0.9559000000000001,0.9367,1.0,,,,,,,0.9667,0.898,,0.8332999999999999,0.8,SY22-23_GraduationReport_Final.xlsx,2023 4-year Cohort,SY22-23_GraduationReport_Final.xlsx,2022 5-year Cohort
2022-2023,2022,2023,Logan,45,Logan Senior High School,logan senior high school,502,45502,schoolid_45502,136,130,0.9559000000000001,0.9605,0.95,0.9551999999999999,1.0,,,,,,,0.9309999999999999,0.9375,,0.8571,0.7,155,133,0.8581,0.7917000000000001,0.9157,0.8514,1.0,,,,1.0,,,0.7143,0.7864,,0.46149999999999997,0.5,SY22-23_GraduationReport_Final.xlsx,2023 4-year Cohort,SY22-23_GraduationReport_Final.xlsx,2022 5-year Cohort
2022-2023,2022,2023,Logan,45,Man Senior High School,man senior high school,503,45503,schoolid_45503,92,91,0.9891,1.0,0.9783,0.9886,,1.0,,,1.0,,,1.0,0.9818000000000001,,1.0,1.0,93,87,0.9355,0.94,0.9301999999999999,0.9340999999999999,,,,,1.0,,,0.8946999999999999,0.9298000000000001,,0.75,,SY22-23_GraduationReport_Final.xlsx,2023 4-year Cohort,SY22-23_GraduationReport_Final.xlsx,2022 5-year Cohort
2022-2023,2022,2023,Marion,47,East Fairmont High School,east fairmont high school,501,47501,schoolid_47501,170,165,0.9706,0.9619,0.9845999999999999,0.9753000000000001,1.0,,,,0.75,1.0,,0.9167000000000001,0.9487000000000001,1.0,1.0,0.875,174,169,0.9712999999999999,0.9889,0.9523999999999999,0.9763,1.0,,,,1.0,,,0.8946999999999999,0.9412,1.0,,0.8571,SY22-23_GraduationReport_Final.xlsx,2023 4-year Cohort,SY22-23_GraduationReport_Final.xlsx,2022 5-year Cohort
2022-2023,2022,2023,Marion,47,Fairmont Senior High School,fairmont senior high school,502,47502,schoolid_47502,187,181,0.9679000000000001,0.9767,0.9604,0.9615,1.0,1.0,,,1.0,,1.0,0.95,0.9342,1.0,1.0,0.8571,196,185,0.9439,0.9545,0.9301999999999999,0.9490000000000001,0.8889,1.0,1.0,,0.9286,1.0,1.0,0.9582999999999999,0.9011,,1.0,0.8571,SY22-23_GraduationReport_Final.xlsx,2023 4-year Cohort,SY22-23_GraduationReport_Final.xlsx,2022 5-year Cohort
2022-2023,2022,2023,Marion,47,North Marion High School,north marion high school,503,47503,schoolid_47503,187,178,0.9519,0.9333,0.9756,0.9483,1.0,1.0,,1.0,1.0,,,0.9582999999999999,0.9346,,1.0,1.0,171,168,0.9825,0.9670000000000001,1.0,0.9876,0.8332999999999999,1.0,,,1.0,,,0.9167000000000001,0.9643,,0.8332999999999999,0.7778,SY22-23_GraduationReport_Final.xlsx,2023 4-year Cohort,SY22-23_GraduationReport_Final.xlsx,2022 5-year Cohort
2022-2023,2022,2023,Marshall,48,Cameron High School,cameron high school,501,48501,schoolid_48501,51,51,1.0,1.0,1.0,1.0,,1.0,,,,,,1.0,1.0,,1.0,,48,47,0.9792000000000001,0.9677,1.0,0.9778,1.0,,,1.0,1.0,,,1.0,1.0,,1.0,1.0,SY22-23_GraduationReport_Final.xlsx,2023 4-year Cohort,SY22-23_GraduationReport_Final.xlsx,2022 5-year Cohort
2022-2023,2022,2023,Marshall,48,John Marshall High School,john marshall high school,502,48502,schoolid_48502,265,254,0.9584999999999999,0.9839,0.9362,0.9565,1.0,1.0,1.0,,1.0,,1.0,1.0,0.9268000000000001,,0.9167000000000001,0.75,237,223,0.9409000000000001,0.9279999999999999,0.9554,0.9389,1.0,1.0,1.0,,1.0,1.0,,0.9615,0.8889,,,1.0,SY22-23_GraduationReport_Final.xlsx,2023 4-year Cohort,SY22-23_GraduationReport_Final.xlsx,2022 5-year Cohort
2022-2023,2022,2023,Mason,49,Hannan Junior/senior High School,hannan junior/senior high school,501,49501,schoolid_49501,37,32,0.8649,0.7895,0.9444,0.8649,,,,,,,,0.8,0.8214,,0.75,,38,33,0.8684000000000001,0.8234999999999999,0.9048,0.8684000000000001,,,,,,,,0.8,0.8667,,0.6667000000000001,,SY22-23_GraduationReport_Final.xlsx,2023 4-year Cohort,SY22-23_GraduationReport_Final.xlsx,2022 5-year Cohort
2022-2023,2022,2023,Mason,49,Point Pleasant Junior/Senior High School,point pleasant junior/senior high school,502,49502,schoolid_49502,197,192,0.9745999999999999,0.9608,0.9895,0.9786,1.0,0.6667000000000001,,,1.0,,,0.9556,0.9640000000000001,,0.9643,0.6,208,202,0.9712000000000001,0.9655,0.9783,0.9747,1.0,0.6667000000000001,,,1.0,,,0.963,0.9406,,0.9167000000000001,0.7778,SY22-23_GraduationReport_Final.xlsx,2023 4-year Cohort,SY22-23_GraduationReport_Final.xlsx,2022 5-year Cohort
2022-2023,2022,2023,Mason,49,Wahama Junior/senior High School,wahama junior/senior high school,503,49503,schoolid_49503,67,64,0.9551999999999999,0.975,0.9259000000000001,0.9531000000000001,,1.0,,,1.0,,,0.75,0.9031999999999999,,1.0,1.0,65,61,0.9384999999999999,0.9063,0.9697,0.9365000000000001,,,,,1.0,,,0.7778,0.871,,,,SY22-23_GraduationReport_Final.xlsx,2023 4-year Cohort,SY22-23_GraduationReport_Final.xlsx,2022 5-year Cohort
2022-2023,2022,2023,McDowell,60,Mount View High School,mount view high school,527,60527,schoolid_60527,94,75,0.7979,0.7069,0.9444,0.7639,0.9286,1.0,,,0.8571,,,0.6667000000000001,0.7612000000000001,,,,87,65,0.7471,0.6531,0.8684000000000001,0.6774,0.9,,,,1.0,,,0.5455,0.7302,,,,SY22-23_GraduationReport_Final.xlsx,2023 4-year Cohort,SY22-23_GraduationReport_Final.xlsx,2022 5-year Cohort
2022-2023,2022,2023,McDowell,60,River View High School,river view high school,520,60520,schoolid_60520,96,85,0.8854000000000001,0.8929,0.875,0.8854000000000001,,,,,,,,0.96,0.8514,,0.8462000000000001,1.0,100,94,0.94,0.9434,0.9362,0.9381,1.0,1.0,,,1.0,,,0.9259000000000001,0.9359000000000001,,0.9582999999999999,1.0,SY22-23_GraduationReport_Final.xlsx,2023 4-year Cohort,SY22-23_GraduationReport_Final.xlsx,2022 5-year Cohort
2022-2023,2022,2023,Mercer,51,Bluefield High School,bluefield high school,502,51502,schoolid_51502,129,114,0.8837,0.8625,0.9184,0.8776,0.9091,1.0,1.0,,0.8332999999999999,,,0.7188,0.825,,0.75,0.8,134,110,0.8209000000000001,0.8,0.8475,0.8427,0.7631999999999999,,,,1.0,,,0.7143,0.7474,,0.5714,,SY22-23_GraduationReport_Final.xlsx,2023 4-year Cohort,SY22-23_GraduationReport_Final.xlsx,2022 5-year Cohort
2022-2023,2022,2023,Mercer,51,Montcalm High School,montcalm high school,505,51505,schoolid_51505,39,37,0.9487000000000001,0.9545,0.9412,0.9459000000000001,,,,,1.0,,,1.0,0.9231,,1.0,1.0,46,44,0.9565,0.9259000000000001,1.0,0.9545,1.0,,,,1.0,,,0.8571,0.9167000000000001,,0.9167000000000001,1.0,SY22-23_GraduationReport_Final.xlsx,2023 4-year Cohort,SY22-23_GraduationReport_Final.xlsx,2022 5-year Cohort
2022-2023,2022,2023,Mercer,51,Pikeview High School,pikeview high school,509,51509,schoolid_51509,143,133,0.9301,0.9333,0.9265000000000001,0.9286,,1.0,,,1.0,,,0.9375,0.871,,,1.0,152,142,0.9342,0.9048,0.9706,0.9306,1.0,1.0,1.0,,1.0,,,0.9091,0.8875,,0.7143,1.0,SY22-23_GraduationReport_Final.xlsx,2023 4-year Cohort,SY22-23_GraduationReport_Final.xlsx,2022 5-year Cohort
2022-2023,2022,2023,Mercer,51,Princeton Senior High School,princeton senior high school,507,51507,schoolid_51507,237,201,0.8481000000000001,0.8051,0.8908,0.8693000000000001,0.7895,0.6667000000000001,1.0,,0.6154,1.0,1.0,0.7111,0.7826000000000001,1.0,0.7619,0.625,245,211,0.8612000000000001,0.8438,0.8803,0.8532,0.9,1.0,1.0,,0.8332999999999999,1.0,1.0,0.7576,0.784,1.0,0.7222,0.5333,SY22-23_GraduationReport_Final.xlsx,2023 4-year Cohort,SY22-23_GraduationReport_Final.xlsx,2022 5-year Cohort
2022-2023,2022,2023,Mineral,53,Frankfort High School,frankfort high school,501,53501,schoolid_53501,119,118,0.9915999999999999,0.9845999999999999,1.0,0.9914000000000001,1.0,,1.0,,1.0,,,0.9091,1.0,,1.0,,113,113,1.0,1.0,1.0,1.0,,1.0,1.0,,1.0,,,1.0,1.0,,1.0,1.0,SY22-23_GraduationReport_Final.xlsx,2023 4-year Cohort,SY22-23_GraduationReport_Final.xlsx,2022 5-year Cohort
2022-2023,2022,2023,Mineral,53,Keyser High School,keyser high school,503,53503,schoolid_53503,174,168,0.9655,0.956,0.9759,0.9615,1.0,1.0,1.0,,1.0,,,0.8,0.9323999999999999,,0.8332999999999999,0.8889,178,169,0.9494,0.9348000000000001,0.9651000000000001,0.9464,1.0,1.0,1.0,,1.0,,,0.8966,0.8732,,0.6364,0.6364,SY22-23_GraduationReport_Final.xlsx,2023 4-year Cohort,SY22-23_GraduationReport_Final.xlsx,2022 5-year Cohort
2022-2023,2022,2023,Mingo,54,Mingo Central Comprehensive High School,mingo central comprehensive high school,508,54508,schoolid_54508,166,157,0.9458,0.963,0.9294,0.9490000000000001,0.8,1.0,,,1.0,,1.0,1.0,0.9439,,0.75,0.75,153,140,0.915,0.88,0.9487000000000001,0.9161,1.0,,1.0,,,,,0.8462000000000001,0.8929,,0.8889,0.6667000000000001,SY22-23_GraduationReport_Final.xlsx,2023 4-year Cohort,SY22-23_GraduationReport_Final.xlsx,2022 5-year Cohort
2022-2023,2022,2023,Mingo,54,Tug Valley High School,tug valley high school,507,54507,schoolid_54507,78,76,0.9743999999999999,0.9459000000000001,1.0,0.9740000000000001,,1.0,,,,,1.0,1.0,0.9565,,0.9375,1.0,74,65,0.8784000000000001,0.925,0.8234999999999999,0.8784000000000001,,,,,,,,1.0,0.8332999999999999,,0.8,,SY22-23_GraduationReport_Final.xlsx,2023 4-year Cohort,SY22-23_GraduationReport_Final.xlsx,2022 5-year Cohort
2022-2023,2022,2023,Monongalia,56,Clay-Battelle High School,clay-battelle high school,501,56501,schoolid_56501,48,47,0.9792000000000001,0.9667,1.0,0.9787,,1.0,,,,,,0.9091,0.9523999999999999,,0.8571,1.0,53,51,0.9623,0.9697,0.95,0.9608,,1.0,,1.0,,,,0.9167000000000001,0.9167000000000001,,0.7778,,SY22-23_GraduationReport_Final.xlsx,2023 4-year Cohort,SY22-23_GraduationReport_Final.xlsx,2022 5-year Cohort
2022-2023,2022,2023,Monongalia,56,Morgantown High School,morgantown high school,502,56502,schoolid_56502,468,439,0.938,0.9342,0.9422,0.9423,0.8261,0.8889,1.0,,0.95,1.0,0.9091,0.8537,0.8608,1.0,0.7037,0.6,440,411,0.9340999999999999,0.9345,0.9336,0.9478,0.9091,0.6364,1.0,,0.9677,,0.5,0.8364,0.8662000000000001,,0.7826000000000001,0.8,SY22-23_GraduationReport_Final.xlsx,2023 4-year Cohort,SY22-23_GraduationReport_Final.xlsx,2022 5-year Cohort
2022-2023,2022,2023,Monongalia,56,University High School,university high school,503,56503,schoolid_56503,337,323,0.9584999999999999,0.9611,0.9554,0.9567,1.0,1.0,1.0,1.0,0.9412,1.0,1.0,0.8254,0.8843000000000001,,0.7222,0.75,355,344,0.9690000000000001,0.9689,0.9691,0.9783,0.875,0.6,1.0,1.0,0.9412,,1.0,0.8367,0.9098,,0.7692,0.5714,SY22-23_GraduationReport_Final.xlsx,2023 4-year Cohort,SY22-23_GraduationReport_Final.xlsx,2022 5-year Cohort
2022-2023,2022,2023,Monroe,57,James Monroe High School,james monroe high school,503,57503,schoolid_57503,104,100,0.9615,0.9523999999999999,0.9756,0.9595999999999999,,1.0,1.0,,1.0,,,0.8667,0.9388,,0.7857,0.75,98,97,0.9898,0.9818000000000001,1.0,0.9895999999999999,,1.0,,,1.0,,1.0,0.9231,0.9808,,1.0,1.0,SY22-23_GraduationReport_Final.xlsx,2023 4-year Cohort,SY22-23_GraduationReport_Final.xlsx,2022 5-year Cohort
2022-2023,2022,2023,Morgan,58,Berkeley Springs High School,berkeley springs high school,501,58501,schoolid_58501,,,0.9545,0.9309999999999999,0.9851000000000001,0.9521,1.0,1.0,,,1.0,,,0.9129999999999999,0.9091,,0.6667000000000001,0.6,144,134,0.9306,0.9079,0.9559000000000001,0.9281,1.0,1.0,,,1.0,,,0.8929,0.9,,1.0,0.8,SY22-23_GraduationReport_Final.xlsx,2023 4-year Cohort,SY22-23_GraduationReport_Final.xlsx,2022 5-year Cohort
2022-2023,2022,2023,Morgan,58,Paw Paw High School,paw paw high school,502,58502,schoolid_58502,,,1.0,1.0,1.0,1.0,1.0,1.0,,,,,1.0,1.0,1.0,,1.0,,12,12,1.0,1.0,1.0,1.0,1.0,,,,,,,1.0,1.0,,1.0,,SY22-23_GraduationReport_Final.xlsx,2023 4-year Cohort,SY22-23_GraduationReport_Final.xlsx,2022 5-year Cohort
2022-2023,2022,2023,Nicholas,62,Nicholas County High School,nicholas county high school,501,62501,schoolid_62501,151,147,0.9734999999999999,0.9670000000000001,0.9833,0.9732999999999999,,1.0,,,,,,0.95,0.9571,,0.9375,0.7143,137,131,0.9562,0.9118,1.0,0.9549,1.0,,1.0,1.0,,,,0.9286,0.9167000000000001,,1.0,0.875,SY22-23_GraduationReport_Final.xlsx,2023 4-year Cohort,SY22-23_GraduationReport_Final.xlsx,2022 5-year Cohort
2022-2023,2022,2023,Nicholas,62,Richwood High School,richwood high school,502,62502,schoolid_62502,78,75,0.9615,0.9778,0.9394,0.961,,,,,1.0,,,0.8571,0.9444,,0.9,1.0,88,85,0.9659,0.9286,1.0,0.9651000000000001,1.0,,,,1.0,,,0.9,0.9649,,0.9444,1.0,SY22-23_GraduationReport_Final.xlsx,2023 4-year Cohort,SY22-23_GraduationReport_Final.xlsx,2022 5-year Cohort
2022-2023,2022,2023,Ohio,64,Wheeling Park High School,wheeling park high school,501,64501,schoolid_64501,374,360,0.9626,0.9551999999999999,0.9711,0.9671,0.9259000000000001,1.0,1.0,1.0,0.9375,,1.0,0.8462000000000001,0.9207,,0.8,0.8,338,333,0.9852,0.9876999999999999,0.9829000000000001,0.9828,1.0,1.0,1.0,1.0,1.0,,1.0,0.9473999999999999,0.9722,,1.0,0.9048,SY22-23_GraduationReport_Final.xlsx,2023 4-year Cohort,SY22-23_GraduationReport_Final.xlsx,2022 5-year Cohort
2022-2023,2022,2023,Pendleton,66,Pendleton County Middle/High School,pendleton county middle/high school,502,66502,schoolid_66502,66,63,0.9545,0.9268000000000001,1.0,0.9508,1.0,,,,1.0,,,0.9091,0.9487000000000001,,1.0,1.0,58,58,1.0,1.0,1.0,1.0,,1.0,,,,,,1.0,1.0,,1.0,,SY22-23_GraduationReport_Final.xlsx,2023 4-year Cohort,SY22-23_GraduationReport_Final.xlsx,2022 5-year Cohort
2022-2023,2022,2023,Pleasants,67,St. Marys High School,st. marys high school,501,67501,schoolid_67501,81,81,1.0,1.0,1.0,1.0,,1.0,,,,,,1.0,1.0,,1.0,1.0,80,79,0.9875,0.9737,1.0,0.987,1.0,1.0,,,,,,1.0,0.9722,1.0,1.0,1.0,SY22-23_GraduationReport_Final.xlsx,2023 4-year Cohort,SY22-23_GraduationReport_Final.xlsx,2022 5-year Cohort
2022-2023,2022,2023,Pocahontas,69,Pocahontas County High School,pocahontas county high school,501,69501,schoolid_69501,60,56,0.9333,0.9333,0.9333,0.9333,,,,,,,,1.0,0.9697,,1.0,,76,68,0.8946999999999999,0.9473999999999999,0.8421,0.8946999999999999,,,,,,,,0.9375,0.7837999999999999,1.0,0.875,,SY22-23_GraduationReport_Final.xlsx,2023 4-year Cohort,SY22-23_GraduationReport_Final.xlsx,2022 5-year Cohort
2022-2023,2022,2023,Preston,70,Preston High School,preston high school,507,70507,schoolid_70507,275,240,0.8726999999999999,0.8234999999999999,0.9209,0.8736,1.0,0.6667000000000001,,,1.0,,,0.746,0.7868,,0.4815,0.7,282,247,0.8759,0.8671,0.8848999999999999,0.8781,,,,,1.0,,,0.7907,0.8345,,0.6389,0.8,SY22-23_GraduationReport_Final.xlsx,2023 4-year Cohort,SY22-23_GraduationReport_Final.xlsx,2022 5-year Cohort
2022-2023,2022,2023,Putnam,72,Buffalo High School,buffalo high school,505,72505,schoolid_72505,81,80,0.9876999999999999,0.9743999999999999,1.0,0.9876999999999999,,,,,,,,0.9333,0.9667,,1.0,1.0,90,89,0.9889,0.973,1.0,0.9889,,,,,,,,1.0,0.9688,,1.0,1.0,SY22-23_GraduationReport_Final.xlsx,2023 4-year Cohort,SY22-23_GraduationReport_Final.xlsx,2022 5-year Cohort
2022-2023,2022,2023,Putnam,72,Hurricane High School,hurricane high school,510,72510,schoolid_72510,321,315,0.9813,0.9832,0.9789,0.9832,0.9167000000000001,1.0,1.0,,1.0,,,0.9167000000000001,0.9394,1.0,0.9167000000000001,0.9,356,352,0.9887999999999999,0.9943000000000001,0.9833,0.988,1.0,1.0,1.0,1.0,1.0,,1.0,0.9473999999999999,0.9758,1.0,0.875,0.8,SY22-23_GraduationReport_Final.xlsx,2023 4-year Cohort,SY22-23_GraduationReport_Final.xlsx,2022 5-year Cohort
2022-2023,2022,2023,Putnam,72,Poca High School,poca high school,515,72515,schoolid_72515,129,128,0.9922,0.9851000000000001,1.0,0.992,1.0,1.0,,1.0,,,,0.96,0.9853000000000001,,1.0,1.0,114,112,0.9825,0.9815,0.9833,0.9906999999999999,1.0,1.0,,,0.6667000000000001,,,0.875,0.9839,1.0,1.0,1.0,SY22-23_GraduationReport_Final.xlsx,2023 4-year Cohort,SY22-23_GraduationReport_Final.xlsx,2022 5-year Cohort
2022-2023,2022,2023,Putnam,72,Winfield High School,winfield high school,520,72520,schoolid_72520,199,196,0.9849,0.9902,0.9793999999999999,0.9842,1.0,1.0,1.0,,,,1.0,0.9582999999999999,0.9412,1.0,,0.7143,184,182,0.9891,0.9904999999999999,0.9873000000000001,0.9886,1.0,1.0,1.0,,1.0,,1.0,0.9582999999999999,0.9623,1.0,0.8571,0.8889,SY22-23_GraduationReport_Final.xlsx,2023 4-year Cohort,SY22-23_GraduationReport_Final.xlsx,2022 5-year Cohort
2022-2023,2022,2023,Raleigh,74,Independence High School,independence high school,502,74502,schoolid_74502,137,124,0.9051,0.8675,0.963,0.9167000000000001,,,1.0,,1.0,,,0.7391,0.8451000000000001,,1.0,,125,110,0.88,0.8462000000000001,0.9167000000000001,0.8814,1.0,1.0,,,,,,0.7692,0.8029999999999999,,1.0,0.75,SY22-23_GraduationReport_Final.xlsx,2023 4-year Cohort,SY22-23_GraduationReport_Final.xlsx,2022 5-year Cohort
2022-2023,2022,2023,Raleigh,74,Liberty High School,liberty high school,503,74503,schoolid_74503,128,112,0.875,0.8056,0.9643,0.872,,1.0,,,1.0,,,0.8519,0.8267,,0.6667000000000001,0.7143,121,113,0.9339,0.9394,0.9273,0.9309999999999999,1.0,,,,1.0,,,0.8519,0.873,,0.75,0.6667000000000001,SY22-23_GraduationReport_Final.xlsx,2023 4-year Cohort,SY22-23_GraduationReport_Final.xlsx,2022 5-year Cohort
2022-2023,2022,2023,Raleigh,74,Shady Spring High,shady spring high,505,74505,schoolid_74505,196,186,0.9490000000000001,0.9279000000000001,0.9765,0.9465,1.0,1.0,1.0,1.0,1.0,,1.0,0.75,0.8961,,0.75,0.6667000000000001,174,159,0.9138,0.8539,0.9765,0.9172,,1.0,1.0,1.0,,,,0.7895,0.8125,1.0,,,SY22-23_GraduationReport_Final.xlsx,2023 4-year Cohort,SY22-23_GraduationReport_Final.xlsx,2022 5-year Cohort
2022-2023,2022,2023,Raleigh,74,Woodrow Wilson High School,woodrow wilson high school,506,74506,schoolid_74506,313,274,0.8754000000000001,0.8491,0.9026000000000001,0.8802,0.8551000000000001,1.0,1.0,,0.85,,1.0,0.8776,0.8453,,0.8,0.7143,303,261,0.8614,0.8231999999999999,0.9065000000000001,0.8729,0.8542000000000001,,1.0,,0.7143,1.0,0.6,0.8421,0.773,,0.5556,,SY22-23_GraduationReport_Final.xlsx,2023 4-year Cohort,SY22-23_GraduationReport_Final.xlsx,2022 5-year Cohort
2022-2023,2022,2023,Randolph,75,Elkins High School,elkins high school,504,75504,schoolid_75504,215,207,0.9628,0.9645999999999999,0.9608,0.9653,0.8,1.0,1.0,,1.0,,1.0,0.8824,0.94,1.0,0.9286,0.8332999999999999,203,189,0.9309999999999999,0.9245,0.9381,0.943,,0.6667000000000001,1.0,,0.6667000000000001,1.0,,0.8929,0.8865999999999999,1.0,0.8276,0.7368000000000001,SY22-23_GraduationReport_Final.xlsx,2023 4-year Cohort,SY22-23_GraduationReport_Final.xlsx,2022 5-year Cohort
2022-2023,2022,2023,Randolph,75,Harman Elementary/High School,harman elementary/high school,102,75102,schoolid_75102,,,0.9231,0.875,1.0,0.9231,,,,,,,,0.8,0.8889,,1.0,,,,1.0,1.0,1.0,1.0,,,,,,,,1.0,1.0,,1.0,1.0,SY22-23_GraduationReport_Final.xlsx,2023 4-year Cohort,SY22-23_GraduationReport_Final.xlsx,2022 5-year Cohort
2022-2023,2022,2023,Randolph,75,Pickens Elementary/High School,pickens elementary/high school,103,75103,schoolid_75103,,,1.0,,1.0,1.0,,,,,,,,,1.0,,,,,,1.0,1.0,1.0,1.0,,,,,,,,,1.0,,,,SY22-23_GraduationReport_Final.xlsx,2023 4-year Cohort,SY22-23_GraduationReport_Final.xlsx,2022 5-year Cohort
2022-2023,2022,2023,Randolph,75,Tygarts Valley Middle/High School,tygarts valley middle/high school,503,75503,schoolid_75503,69,67,0.971,0.9487000000000001,1.0,0.9706,,,,,1.0,,,1.0,0.9512,,0.9167000000000001,0.6667000000000001,72,66,0.9167000000000001,0.925,0.9063,0.9143000000000001,1.0,1.0,,,,,,0.8889,0.9,,0.7,0.8571,SY22-23_GraduationReport_Final.xlsx,2023 4-year Cohort,SY22-23_GraduationReport_Final.xlsx,2022 5-year Cohort
2022-2023,2022,2023,Ritchie,77,Ritchie County High School,ritchie county high school,501,77501,schoolid_77501,100,97,0.97,0.9455,1.0,0.9691,1.0,1.0,,,,,,0.8667,0.9655,,0.9231,1.0,118,107,0.9068,0.9403,0.8626999999999999,0.9035,1.0,1.0,,,,,,0.8,0.8484999999999999,,0.8,0.75,SY22-23_GraduationReport_Final.xlsx,2023 4-year Cohort,SY22-23_GraduationReport_Final.xlsx,2022 5-year Cohort
2022-2023,2022,2023,Roane,79,Roane County High,roane county high,503,79503,schoolid_79503,116,111,0.9569,0.9355,0.9815,0.955,1.0,1.0,,,1.0,,,0.9333,0.95,,1.0,0.8,141,132,0.9362,0.9178000000000001,0.9559000000000001,0.9348000000000001,1.0,1.0,,,1.0,,,0.8332999999999999,0.9125,,0.8462000000000001,,SY22-23_GraduationReport_Final.xlsx,2023 4-year Cohort,SY22-23_GraduationReport_Final.xlsx,2022 5-year Cohort
2022-2023,2022,2023,Summers,81,Summers County High School,summers county high school,503,81503,schoolid_81503,97,85,0.8763,0.8478,0.902,0.8690000000000001,1.0,1.0,,,0.875,,,0.8261,0.8332999999999999,,1.0,0.6667000000000001,77,63,0.8181999999999999,0.7895,0.8462000000000001,0.8286,1.0,,,,0.6667000000000001,,,0.7059000000000001,0.7447,,1.0,0.7,SY22-23_GraduationReport_Final.xlsx,2023 4-year Cohort,SY22-23_GraduationReport_Final.xlsx,2022 5-year Cohort
2022-2023,2022,2023,Taylor,83,Grafton High School,grafton high school,502,83502,schoolid_83502,150,138,0.92,0.8795000000000001,0.9701000000000001,0.92,,,,,,,,0.8261,0.878,1.0,1.0,0.9,169,161,0.9527,0.9573999999999999,0.9467,0.9521,,,,,1.0,,,0.875,0.9079,1.0,0.6923,0.7273000000000001,SY22-23_GraduationReport_Final.xlsx,2023 4-year Cohort,SY22-23_GraduationReport_Final.xlsx,2022 5-year Cohort
2022-2023,2022,2023,Tucker,84,Tucker County High School,tucker county high school,501,84501,schoolid_84501,66,63,0.9545,0.9412,0.9688,0.9523999999999999,1.0,1.0,,,1.0,,,0.875,0.9063,1.0,0.9091,,82,69,0.8415,0.7447,0.9714,0.8332999999999999,1.0,1.0,,,1.0,,,0.6875,0.7619,,0.619,0.4167,SY22-23_GraduationReport_Final.xlsx,2023 4-year Cohort,SY22-23_GraduationReport_Final.xlsx,2022 5-year Cohort
2022-2023,2022,2023,Tyler,85,Tyler Consolidated High School,tyler consolidated high school,503,85503,schoolid_85503,96,92,0.9582999999999999,0.9615,0.9545,0.9573999999999999,,1.0,,,,,,1.0,0.9473999999999999,1.0,1.0,1.0,85,80,0.9412,0.9473999999999999,0.9362,0.9398000000000001,1.0,1.0,,,,,1.0,0.8125,0.8889,,0.6667000000000001,1.0,SY22-23_GraduationReport_Final.xlsx,2023 4-year Cohort,SY22-23_GraduationReport_Final.xlsx,2022 5-year Cohort
2022-2023,2022,2023,Upshur,87,Buckhannon Upshur High School,buckhannon upshur high school,501,87501,schoolid_87501,290,266,0.9172,0.9054000000000001,0.9296,0.9143000000000001,1.0,1.0,,,1.0,,1.0,0.7143,0.8809999999999999,,0.9318000000000001,0.9,275,264,0.96,0.9638,0.9562,0.9625,1.0,1.0,,,,,,1.0,0.9308,,0.8864,0.7778,SY22-23_GraduationReport_Final.xlsx,2023 4-year Cohort,SY22-23_GraduationReport_Final.xlsx,2022 5-year Cohort
2022-2023,2022,2023,Wayne,89,Spring Valley High School,spring valley high school,508,89508,schoolid_89508,224,198,0.8839,0.8548,0.92,0.8832,1.0,1.0,1.0,,0.75,,1.0,0.7436,0.8365,,0.9667,0.6667000000000001,267,226,0.8464,0.8406,0.8527,0.8443999999999999,0.6667000000000001,1.0,1.0,,1.0,,,0.75,0.7483,,0.8,0.65,SY22-23_GraduationReport_Final.xlsx,2023 4-year Cohort,SY22-23_GraduationReport_Final.xlsx,2022 5-year Cohort
2022-2023,2022,2023,Wayne,89,Tolsia High School,tolsia high school,507,89507,schoolid_89507,92,88,0.9565,0.9795999999999999,0.9301999999999999,0.9565,,,,,,,1.0,0.9048,0.9661,,1.0,1.0,96,82,0.8542000000000001,0.7646999999999999,0.9556,0.8511,,,1.0,,1.0,,,0.7222,0.7719,,,,SY22-23_GraduationReport_Final.xlsx,2023 4-year Cohort,SY22-23_GraduationReport_Final.xlsx,2022 5-year Cohort
2022-2023,2022,2023,Wayne,89,Wayne High School,wayne high school,506,89506,schoolid_89506,144,127,0.8819,0.8714,0.8919,0.8811,1.0,,,,,,,0.963,0.8452,,1.0,0.75,150,123,0.82,0.8,0.8429000000000001,0.8176000000000001,,1.0,,,1.0,,,0.8571,0.7436,,1.0,0.5556,SY22-23_GraduationReport_Final.xlsx,2023 4-year Cohort,SY22-23_GraduationReport_Final.xlsx,2022 5-year Cohort
2022-2023,2022,2023,Webster,91,Webster County High School,webster county high school,501,91501,schoolid_91501,80,75,0.9375,0.9091,1.0,0.9351,,1.0,,,,,,0.9333,0.9194,,0.8889,,98,92,0.9388,0.9298000000000001,0.9512,0.9381,1.0,,,,,,,0.8,0.9167000000000001,,0.7,1.0,SY22-23_GraduationReport_Final.xlsx,2023 4-year Cohort,SY22-23_GraduationReport_Final.xlsx,2022 5-year Cohort
2022-2023,2022,2023,Wetzel,92,Hundred High School,hundred high school,501,92501,schoolid_92501,20,18,0.9,0.8181999999999999,1.0,0.8946999999999999,1.0,,,,,,,0.8,0.8332999999999999,,,,25,22,0.88,0.7692,1.0,0.88,,,,,,,,,0.7692,,,,SY22-23_GraduationReport_Final.xlsx,2023 4-year Cohort,SY22-23_GraduationReport_Final.xlsx,2022 5-year Cohort
2022-2023,2022,2023,Wetzel,92,Magnolia High School,magnolia high school,502,92502,schoolid_92502,78,73,0.9359000000000001,0.9268000000000001,0.9459000000000001,0.9444,,1.0,,,,,1.0,0.75,0.9111,,1.0,0.75,104,99,0.9519,0.9778,0.9322,0.9484999999999999,1.0,1.0,1.0,,1.0,,1.0,1.0,0.9655,,0.8,1.0,SY22-23_GraduationReport_Final.xlsx,2023 4-year Cohort,SY22-23_GraduationReport_Final.xlsx,2022 5-year Cohort
2022-2023,2022,2023,Wetzel,92,Paden City High School,paden city high school,503,92503,schoolid_92503,37,34,0.9189,1.0,0.8636,0.9167000000000001,,,,,1.0,,,0.75,0.9,,1.0,,31,28,0.9031999999999999,0.9286,0.8824,0.9031999999999999,,,,,,,,0.6,0.8421,,1.0,,SY22-23_GraduationReport_Final.xlsx,2023 4-year Cohort,SY22-23_GraduationReport_Final.xlsx,2022 5-year Cohort
2022-2023,2022,2023,Wetzel,92,Valley High School,valley high school,504,92504,schoolid_92504,35,31,0.8856999999999999,0.8332999999999999,0.9412,0.8856999999999999,,,,,,,,0.8332999999999999,0.8571,,,,40,40,1.0,1.0,1.0,1.0,,,,,,,,1.0,1.0,,1.0,,SY22-23_GraduationReport_Final.xlsx,2023 4-year Cohort,SY22-23_GraduationReport_Final.xlsx,2022 5-year Cohort
2022-2023,2022,2023,Wirt,94,Wirt County High School,wirt county high school,501,94501,schoolid_94501,69,63,0.9129999999999999,0.9167000000000001,0.9091,0.9104000000000001,1.0,1.0,,,,,,0.7,0.8571,,0.8,,70,66,0.9429000000000001,0.9512,0.9309999999999999,0.9420000000000001,,1.0,,,,,,1.0,0.9048,,0.9,1.0,SY22-23_GraduationReport_Final.xlsx,2023 4-year Cohort,SY22-23_GraduationReport_Final.xlsx,2022 5-year Cohort
2022-2023,2022,2023,Wood,96,Parkersburg High School,parkersburg high school,501,96501,schoolid_96501,365,320,0.8767,0.8315,0.9227,0.8826999999999999,0.7143,0.8,1.0,,0.8181999999999999,,,0.8254,0.8143,,0.6429,0.65,415,354,0.853,0.8090999999999999,0.9026000000000001,0.8486,0.9091,1.0,1.0,,0.9091,,,0.7761,0.7670999999999999,,0.5,0.5861999999999999,SY22-23_GraduationReport_Final.xlsx,2023 4-year Cohort,SY22-23_GraduationReport_Final.xlsx,2022 5-year Cohort
2022-2023,2022,2023,Wood,96,Parkersburg South High School,parkersburg south high school,502,96502,schoolid_96502,357,333,0.9328,0.9179999999999999,0.9483,0.9331,1.0,1.0,1.0,,0.8824,,1.0,0.8723000000000001,0.875,,0.9167000000000001,0.9231,358,341,0.9525,0.9514,0.9538,0.9521,0.8571,1.0,1.0,1.0,1.0,,1.0,0.9074,0.9053,,0.8889,0.875,SY22-23_GraduationReport_Final.xlsx,2023 4-year Cohort,SY22-23_GraduationReport_Final.xlsx,2022 5-year Cohort
2022-2023,2022,2023,Wood,96,Williamstown High School,williamstown high school,503,96503,schoolid_96503,103,97,0.9417,0.9412,0.9423,0.9490000000000001,,1.0,,,1.0,,,0.8889,0.8667,,,,94,91,0.9681000000000001,0.9773000000000001,0.96,0.9667,1.0,1.0,,,1.0,,,1.0,0.9697,,0.6667000000000001,,SY22-23_GraduationReport_Final.xlsx,2023 4-year Cohort,SY22-23_GraduationReport_Final.xlsx,2022 5-year Cohort
2022-2023,2022,2023,Wyoming,98,Westside High School,westside high school,508,98508,schoolid_98508,149,126,0.8456,0.8514,0.84,0.8445999999999999,,1.0,,,,,,0.7895,0.7667,,0.6667000000000001,,129,113,0.8759999999999999,0.8873000000000001,0.8621,0.8740000000000001,,1.0,,,1.0,,,0.7241,0.8181999999999999,,1.0,,SY22-23_GraduationReport_Final.xlsx,2023 4-year Cohort,SY22-23_GraduationReport_Final.xlsx,2022 5-year Cohort
2022-2023,2022,2023,Wyoming,98,Wyoming County East High School,wyoming county east high school,507,98507,schoolid_98507,111,102,0.9189,0.9661,0.8654000000000001,0.9167000000000001,1.0,1.0,,,1.0,,,0.9129999999999999,0.85,,1.0,0.6667000000000001,99,90,0.9091,0.8824,0.9375,0.9081999999999999,,,,,1.0,,,0.8,0.873,,1.0,0.75,SY22-23_GraduationReport_Final.xlsx,2023 4-year Cohort,SY22-23_GraduationReport_Final.xlsx,2022 5-year Cohort
2023-2024,2023,2024,Barbour,2,Philip Barbour High School Complex,philip barbour high school complex,501,2501,schoolid_2501,142,131,0.9225,0.9014,0.9437000000000001,0.9333,,1.0,,1.0,,,,0.8649,0.9041,,0.8,0.875,146,138,0.9451999999999999,0.9143000000000001,0.9737,0.9493,,,,1.0,1.0,,,0.9211,0.9178000000000001,,0.75,0.9231,SY24_GraduationRates_Final.xlsx,2024 4-year Cohort,SY24_GraduationRates_Final.xlsx,2023 5-year Cohort
2023-2024,2023,2024,Berkeley,4,Hedgesville High School,hedgesville high school,501,4501,schoolid_4501,353,336,0.9518000000000001,0.9351,0.9702,0.9551000000000001,0.9333,0.9773000000000001,1.0,1.0,0.8929,,0.9231,0.9074,0.9357,1.0,0.8462000000000001,,287,281,0.9791,0.971,0.9865999999999999,0.9815,1.0,0.9545,1.0,,0.9231,,1.0,0.9143000000000001,0.951,1.0,0.9,0.6,SY24_GraduationRates_Final.xlsx,2024 4-year Cohort,SY24_GraduationRates_Final.xlsx,2023 5-year Cohort
2023-2024,2023,2024,Berkeley,4,Martinsburg High School,martinsburg high school,502,4502,schoolid_4502,335,325,0.9701000000000001,0.9651000000000001,0.9754999999999999,0.9727,0.9595,0.975,1.0,1.0,0.9688,1.0,1.0,0.9138,0.9554,1.0,0.875,0.6667000000000001,334,324,0.9701000000000001,0.9571,0.9825,0.9573999999999999,1.0,0.9787,1.0,,0.95,1.0,0.9333,0.9643,0.9540000000000001,1.0,0.8462000000000001,0.8,SY24_GraduationRates_Final.xlsx,2024 4-year Cohort,SY24_GraduationRates_Final.xlsx,2023 5-year Cohort
2023-2024,2023,2024,Berkeley,4,Musselman High School,musselman high school,503,4503,schoolid_4503,424,418,0.9858,0.9818000000000001,0.9902,0.9913,0.9545,0.9688,1.0,1.0,0.95,1.0,1.0,0.9726,0.9804,1.0,0.95,0.7778,392,390,0.9948999999999999,1.0,0.9899,0.9937,1.0,1.0,1.0,1.0,1.0,1.0,1.0,0.9836,0.9940000000000001,1.0,1.0,1.0,SY24_GraduationRates_Final.xlsx,2024 4-year Cohort,SY24_GraduationRates_Final.xlsx,2023 5-year Cohort
2023-2024,2023,2024,Berkeley,4,Spring Mills High School,spring mills high school,504,4504,schoolid_4504,376,365,0.9706999999999999,0.9749,0.9661,0.9670000000000001,0.9815,0.963,1.0,1.0,1.0,,1.0,0.9298000000000001,0.9281,,0.8824,0.75,331,329,0.9940000000000001,0.9940000000000001,0.9939,0.9956999999999999,0.9688,1.0,1.0,1.0,1.0,,1.0,0.9825,0.9915,,1.0,0.6667000000000001,SY24_GraduationRates_Final.xlsx,2024 4-year Cohort,SY24_GraduationRates_Final.xlsx,2023 5-year Cohort
2023-2024,2023,2024,Boone,6,Scott High School,scott high school,501,6501,schoolid_6501,120,113,0.9417,0.9306,0.9582999999999999,0.9401999999999999,1.0,1.0,1.0,,,,,0.9167000000000001,0.9048,,1.0,1.0,122,114,0.9344,0.9394,0.9286,0.9495999999999999,,1.0,,,,,,0.875,0.9129999999999999,,1.0,0.8332999999999999,SY24_GraduationRates_Final.xlsx,2024 4-year Cohort,SY24_GraduationRates_Final.xlsx,2023 5-year Cohort
2023-2024,2023,2024,Boone,6,Sherman High School,sherman high school,502,6502,schoolid_6502,75,70,0.9333,0.9,0.9714,0.9333,,,,,,,,0.9091,0.8864,,1.0,0.8571,73,70,0.9589,0.9268000000000001,1.0,0.9589,,,,,,,,0.9565,0.9318000000000001,,1.0,1.0,SY24_GraduationRates_Final.xlsx,2024 4-year Cohort,SY24_GraduationRates_Final.xlsx,2023 5-year Cohort
2023-2024,2023,2024,Boone,6,Van Junior/Senior High School,van junior/senior high school,503,6503,schoolid_6503,27,23,0.8519,0.8125,0.9091,0.8462000000000001,1.0,,,,,,,0.6667000000000001,0.7778,,1.0,,27,25,0.9259000000000001,0.8332999999999999,1.0,0.9259000000000001,,,,,,,,1.0,0.9286,,,,SY24_GraduationRates_Final.xlsx,2024 4-year Cohort,SY24_GraduationRates_Final.xlsx,2023 5-year Cohort
2023-2024,2023,2024,Braxton,8,Braxton County High School,braxton county high school,501,8501,schoolid_8501,133,131,0.985,0.9865,0.9831,0.9848,,,,,1.0,,,0.963,0.973,,0.9091,1.0,125,124,0.992,0.9848,1.0,0.9917,1.0,1.0,,,1.0,,1.0,0.9523999999999999,0.9836,,1.0,1.0,SY24_GraduationRates_Final.xlsx,2024 4-year Cohort,SY24_GraduationRates_Final.xlsx,2023 5-year Cohort
2023-2024,2023,2024,Brooke,10,Brooke High School,brooke high school,502,10502,schoolid_10502,236,212,0.8983,0.8739,0.9231,0.9063,0.75,0.6667000000000001,,1.0,0.6667000000000001,,,0.7805,0.8469,,0.7333,1.0,243,209,0.8601000000000001,0.8261,0.9048,0.8632,0.6667000000000001,1.0,1.0,,0.6667000000000001,,1.0,0.6862999999999999,0.7809999999999999,,0.5455,0.7143,SY24_GraduationRates_Final.xlsx,2024 4-year Cohort,SY24_GraduationRates_Final.xlsx,2023 5-year Cohort
2023-2024,2023,2024,Cabell,12,Cabell Midland High School,cabell midland high school,550,12550,schoolid_12550,418,401,0.9593,0.953,0.9673999999999999,0.9595999999999999,1.0,0.75,1.0,1.0,1.0,,1.0,0.9074,0.9107,,0.8234999999999999,0.5263,449,431,0.9599,0.9490999999999999,0.97,0.9597,1.0,0.8332999999999999,1.0,,1.0,,1.0,0.8824,0.92,1.0,0.8695999999999999,0.55,SY24_GraduationRates_Final.xlsx,2024 4-year Cohort,SY24_GraduationRates_Final.xlsx,2023 5-year Cohort
2023-2024,2023,2024,Cabell,12,Huntington High School,huntington high school,560,12560,schoolid_12560,434,363,0.8364,0.8243,0.8491,0.8031999999999999,0.8852,0.9333,1.0,,0.9556,,1.0,0.732,0.7598999999999999,,0.6364,0.5,400,325,0.8125,0.8018000000000001,0.8251000000000001,0.8012999999999999,0.8222,0.7778,1.0,,0.9031999999999999,,0.7,0.6989,0.7339,,0.56,0.5714,SY24_GraduationRates_Final.xlsx,2024 4-year Cohort,SY24_GraduationRates_Final.xlsx,2023 5-year Cohort
2023-2024,2023,2024,Calhoun,14,Calhoun Middle/High School,calhoun middle/high school,501,14501,schoolid_14501,67,63,0.9403,0.9063,0.9714,0.9403,,,,,,,,1.0,0.907,,0.875,0.75,78,72,0.9231,0.9545,0.8824,0.9231,,,,,,,,0.9231,0.8864,,0.7692,1.0,SY24_GraduationRates_Final.xlsx,2024 4-year Cohort,SY24_GraduationRates_Final.xlsx,2023 5-year Cohort
2023-2024,2023,2024,Clay,16,Clay County High School,clay county high school,501,16501,schoolid_16501,124,118,0.9516,0.9487000000000001,0.9565,0.9667,,,,,,1.0,,0.9523999999999999,0.9294,1.0,0.9301999999999999,0.7273000000000001,98,94,0.9592,0.9148999999999999,1.0,0.9592,,,,,,,,1.0,0.9412,,0.9394,0.7778,SY24_GraduationRates_Final.xlsx,2024 4-year Cohort,SY24_GraduationRates_Final.xlsx,2023 5-year Cohort
2023-2024,2023,2024,Doddridge,18,Doddridge County High School,doddridge county high school,501,18501,schoolid_18501,75,74,0.9867,0.975,1.0,0.9859,1.0,,,,1.0,,,1.0,0.9697,,1.0,1.0,89,89,1.0,1.0,1.0,1.0,,1.0,1.0,,1.0,,,1.0,1.0,,1.0,1.0,SY24_GraduationRates_Final.xlsx,2024 4-year Cohort,SY24_GraduationRates_Final.xlsx,2023 5-year Cohort
2023-2024,2023,2024,Fayette,20,Meadow Bridge High,meadow bridge high,503,20503,schoolid_20503,36,35,0.9722,0.95,1.0,0.9688,1.0,,,1.0,,,,1.0,0.9545,,1.0,1.0,32,29,0.9063,0.85,1.0,0.9333,1.0,,,,,,,0.8462000000000001,0.85,,0.875,0.6667000000000001,SY24_GraduationRates_Final.xlsx,2024 4-year Cohort,SY24_GraduationRates_Final.xlsx,2023 5-year Cohort
2023-2024,2023,2024,Fayette,20,Midland Trail High,midland trail high,504,20504,schoolid_20504,89,83,0.9326000000000001,0.92,0.9487000000000001,0.9318000000000001,,,,,1.0,,,0.8462000000000001,0.9184,,1.0,1.0,96,92,0.9582999999999999,0.9608,0.9556,0.9570000000000001,1.0,,,,1.0,,,1.0,0.9423,,0.8,0.6667000000000001,SY24_GraduationRates_Final.xlsx,2024 4-year Cohort,SY24_GraduationRates_Final.xlsx,2023 5-year Cohort
2023-2024,2023,2024,Fayette,20,Oak Hill High,oak hill high,506,20506,schoolid_20506,282,263,0.9326000000000001,0.9034,0.9634999999999999,0.9305,0.9286,1.0,,1.0,1.0,,1.0,0.9623,0.8987,,0.8,0.6875,295,262,0.8881,0.8571,0.922,0.8809999999999999,0.9412,1.0,1.0,,1.0,,0.6667000000000001,0.8726999999999999,0.8734999999999999,,0.7222,0.6,SY24_GraduationRates_Final.xlsx,2024 4-year Cohort,SY24_GraduationRates_Final.xlsx,2023 5-year Cohort
2023-2024,2023,2024,Gilmer,22,Gilmer County High School,gilmer county high school,501,22501,schoolid_22501,60,58,0.9667,0.9286,1.0,0.9661,1.0,,,,,,,0.7778,0.9473999999999999,,1.0,1.0,62,61,0.9839,0.9737,1.0,0.9831,1.0,1.0,,,1.0,,,0.95,0.9677,1.0,0.75,1.0,SY24_GraduationRates_Final.xlsx,2024 4-year Cohort,SY24_GraduationRates_Final.xlsx,2023 5-year Cohort
2023-2024,2023,2024,Grant,24,Petersburg High School,petersburg high school,501,24501,schoolid_24501,103,99,0.9612,0.9636,0.9582999999999999,0.96,,1.0,,,,,1.0,1.0,0.9259000000000001,1.0,1.0,1.0,103,98,0.9515,0.9091,1.0,0.9490000000000001,1.0,1.0,,,,,1.0,0.9375,0.9623,1.0,1.0,1.0,SY24_GraduationRates_Final.xlsx,2024 4-year Cohort,SY24_GraduationRates_Final.xlsx,2023 5-year Cohort
2023-2024,2023,2024,Grant,24,Union Educational Complex,union educational complex,101,24101,schoolid_24101,17,17,1.0,1.0,1.0,1.0,1.0,,,,,,,1.0,1.0,,1.0,,12,12,1.0,1.0,1.0,1.0,,,,,,,,1.0,1.0,,1.0,,SY24_GraduationRates_Final.xlsx,2024 4-year Cohort,SY24_GraduationRates_Final.xlsx,2023 5-year Cohort
2023-2024,2023,2024,Greenbrier,26,Greenbrier East High School,greenbrier east high school,501,26501,schoolid_26501,230,214,0.9304000000000001,0.9333,0.9273,0.9292,1.0,1.0,,,0.8571,,1.0,0.8626999999999999,0.8723000000000001,,1.0,0.875,235,222,0.9447,0.9397,0.9495999999999999,0.9359999999999999,1.0,1.0,1.0,1.0,1.0,1.0,1.0,0.9333,0.9107,,0.875,0.8571,SY24_GraduationRates_Final.xlsx,2024 4-year Cohort,SY24_GraduationRates_Final.xlsx,2023 5-year Cohort
2023-2024,2023,2024,Greenbrier,26,Greenbrier West High School,greenbrier west high school,502,26502,schoolid_26502,97,86,0.8865999999999999,0.9016,0.8611,0.8817,1.0,,,,1.0,,,0.6923,0.8462000000000001,,0.5714,0.6667000000000001,87,77,0.8851,0.8695999999999999,0.9024,0.8941,,,,,1.0,,,1.0,0.8162999999999999,,,,SY24_GraduationRates_Final.xlsx,2024 4-year Cohort,SY24_GraduationRates_Final.xlsx,2023 5-year Cohort
2023-2024,2023,2024,Hampshire,28,Hampshire Senior High School,hampshire senior high school,501,28501,schoolid_28501,162,145,0.8951,0.8929,0.8974,0.8889,,1.0,,,1.0,,1.0,0.72,0.8514,,1.0,0.7143,206,178,0.8641,0.8584999999999999,0.87,0.8704999999999999,0.75,1.0,1.0,,0.8332999999999999,,,0.9,0.767,,0.6470999999999999,0.5556,SY24_GraduationRates_Final.xlsx,2024 4-year Cohort,SY24_GraduationRates_Final.xlsx,2023 5-year Cohort
2023-2024,2023,2024,Hancock,29,Oak Glen High School,oak glen high school,501,29501,schoolid_29501,125,120,0.96,0.9545,0.9661,0.9582999999999999,1.0,,,,1.0,,,0.9615,0.9412,,1.0,0.75,127,120,0.9449,0.9155,0.9821,0.9431,1.0,1.0,,,1.0,,,0.9129999999999999,0.9016,,1.0,0.8332999999999999,SY24_GraduationRates_Final.xlsx,2024 4-year Cohort,SY24_GraduationRates_Final.xlsx,2023 5-year Cohort
2023-2024,2023,2024,Hancock,29,Weir High School,weir high school,502,29502,schoolid_29502,143,136,0.951,0.9589,0.9429000000000001,0.9504,0.8889,1.0,,1.0,1.0,1.0,,0.9167000000000001,0.9107,,1.0,0.8571,165,158,0.9576,0.9355,0.9861,0.965,0.7143,1.0,1.0,,1.0,,1.0,0.9459000000000001,0.9420000000000001,,1.0,,SY24_GraduationRates_Final.xlsx,2024 4-year Cohort,SY24_GraduationRates_Final.xlsx,2023 5-year Cohort
2023-2024,2023,2024,Hardy,31,East Hardy High School,east hardy high school,501,31501,schoolid_31501,59,53,0.8983,0.8276,0.9667,0.8889,,1.0,,,1.0,,,0.8571,0.7931,,1.0,,49,46,0.9388,0.9655,0.9,0.9545,1.0,,,,1.0,,,1.0,1.0,,1.0,1.0,SY24_GraduationRates_Final.xlsx,2024 4-year Cohort,SY24_GraduationRates_Final.xlsx,2023 5-year Cohort
2023-2024,2023,2024,Hardy,31,Moorefield High School,moorefield high school,502,31502,schoolid_31502,111,102,0.9189,0.9473999999999999,0.8889,0.9129999999999999,1.0,0.9412,,,,,0.9091,0.8,0.9194,,1.0,1.0,119,109,0.9159999999999999,0.8787999999999999,0.9623,0.9659,1.0,0.7082999999999999,,,,,0.6957,0.875,0.9179999999999999,,0.8571,1.0,SY24_GraduationRates_Final.xlsx,2024 4-year Cohort,SY24_GraduationRates_Final.xlsx,2023 5-year Cohort
2023-2024,2023,2024,Harrison,33,Bridgeport High School,bridgeport high school,501,33501,schoolid_33501,175,174,0.9943000000000001,1.0,0.9868000000000001,1.0,1.0,0.6667000000000001,1.0,,1.0,,0.8,1.0,1.0,1.0,1.0,1.0,196,196,1.0,1.0,1.0,1.0,1.0,1.0,1.0,1.0,1.0,,1.0,1.0,1.0,1.0,1.0,1.0,SY24_GraduationRates_Final.xlsx,2024 4-year Cohort,SY24_GraduationRates_Final.xlsx,2023 5-year Cohort
2023-2024,2023,2024,Harrison,33,Liberty High School,liberty high school,502,33502,schoolid_33502,117,114,0.9743999999999999,0.9818000000000001,0.9677,0.9722,1.0,,,,1.0,,,0.9,0.9523999999999999,,1.0,0.8332999999999999,124,120,0.9677,0.971,0.9636,0.9667,1.0,1.0,,,1.0,,1.0,0.9091,0.9473999999999999,1.0,0.875,,SY24_GraduationRates_Final.xlsx,2024 4-year Cohort,SY24_GraduationRates_Final.xlsx,2023 5-year Cohort
2023-2024,2023,2024,Harrison,33,Lincoln High School,lincoln high school,503,33503,schoolid_33503,143,139,0.972,0.961,0.9848,0.9773000000000001,,1.0,,1.0,0.8571,1.0,1.0,0.9615,0.9571,1.0,0.9473999999999999,1.0,171,165,0.9649,0.9425,0.9881,0.9625,1.0,1.0,,,1.0,,1.0,0.8889,0.9473999999999999,1.0,0.6667000000000001,0.8332999999999999,SY24_GraduationRates_Final.xlsx,2024 4-year Cohort,SY24_GraduationRates_Final.xlsx,2023 5-year Cohort
2023-2024,2023,2024,Harrison,33,Robert C Byrd High School,robert c byrd high school,506,33506,schoolid_33506,209,196,0.9378,0.8969,0.9732,0.9415,0.9,1.0,1.0,,0.8332999999999999,1.0,,0.94,0.9059999999999999,1.0,0.9643,0.8462000000000001,202,193,0.9554,0.9459000000000001,0.9670000000000001,0.9609000000000001,0.8332999999999999,0.8571,,,1.0,,,0.85,0.9266,1.0,0.9286,0.875,SY24_GraduationRates_Final.xlsx,2024 4-year Cohort,SY24_GraduationRates_Final.xlsx,2023 5-year Cohort
2023-2024,2023,2024,Harrison,33,South Harrison High School,south harrison high school,505,33505,schoolid_33505,80,76,0.95,0.9091,1.0,0.9494,,,1.0,,,,,0.9231,0.8462000000000001,,0.75,,82,81,0.9878,1.0,0.9756,0.9872,,,1.0,1.0,1.0,,1.0,1.0,0.9697,,1.0,1.0,SY24_GraduationRates_Final.xlsx,2024 4-year Cohort,SY24_GraduationRates_Final.xlsx,2023 5-year Cohort
2023-2024,2023,2024,Jackson,35,Ravenswood High School,ravenswood high school,501,35501,schoolid_35501,94,84,0.8936,0.8929,0.8946999999999999,0.8901,1.0,1.0,,,,,1.0,0.6923,0.7948999999999999,,,,103,101,0.9806,0.9649,1.0,0.9795999999999999,,1.0,,,1.0,,,0.9333,0.963,,1.0,0.75,SY24_GraduationRates_Final.xlsx,2024 4-year Cohort,SY24_GraduationRates_Final.xlsx,2023 5-year Cohort
2023-2024,2023,2024,Jackson,35,Ripley High School,ripley high school,502,35502,schoolid_35502,197,191,0.9695,0.9670000000000001,0.9717,0.9689,1.0,,1.0,,1.0,,1.0,0.92,0.9143000000000001,,0.75,0.625,177,170,0.9605,0.9438,0.9773000000000001,0.9649,,0.75,1.0,,,,,0.88,0.9079,,1.0,0.875,SY24_GraduationRates_Final.xlsx,2024 4-year Cohort,SY24_GraduationRates_Final.xlsx,2023 5-year Cohort
2023-2024,2023,2024,Jefferson,37,Jefferson High School,jefferson high school,501,37501,schoolid_37501,306,286,0.9346,0.9286,0.9420000000000001,0.9327,1.0,0.8649,1.0,,1.0,,1.0,0.9,0.8509,1.0,0.9315000000000001,0.6,358,335,0.9358,0.9368000000000001,0.9348000000000001,0.9405,0.96,0.9333,1.0,,0.875,1.0,0.9091,0.8475,0.863,1.0,0.9205,0.6667000000000001,SY24_GraduationRates_Final.xlsx,2024 4-year Cohort,SY24_GraduationRates_Final.xlsx,2023 5-year Cohort
2023-2024,2023,2024,Jefferson,37,Washington High School,washington high school,502,37502,schoolid_37502,308,264,0.8571,0.8408,0.8742,0.8590000000000001,0.75,0.9091,0.6667000000000001,,0.8,,0.8695999999999999,0.619,0.72,0.8,0.8056,,326,299,0.9172,0.9048,0.9304000000000001,0.9220999999999999,1.0,0.8889,1.0,1.0,0.8695999999999999,,0.7895,0.9211,0.8811,1.0,0.8718,1.0,SY24_GraduationRates_Final.xlsx,2024 4-year Cohort,SY24_GraduationRates_Final.xlsx,2023 5-year Cohort
2023-2024,2023,2024,Kanawha,39,Capital High School,capital high school,513,39513,schoolid_39513,234,196,0.8376,0.8197,0.8571,0.8207,0.8382,1.0,1.0,1.0,0.875,,,0.7925,0.8129000000000001,,0.7,0.6,296,250,0.8445999999999999,0.8528,0.8345999999999999,0.8332999999999999,0.8763,0.8571,1.0,,0.7143,,1.0,0.8077,0.7865000000000001,,0.619,0.5714,SY24_GraduationRates_Final.xlsx,2024 4-year Cohort,SY24_GraduationRates_Final.xlsx,2023 5-year Cohort
2023-2024,2023,2024,Kanawha,39,George Washington High School,george washington high school,506,39506,schoolid_39506,298,286,0.9597,0.9512,0.9701000000000001,0.9797,0.7917000000000001,,1.0,,1.0,1.0,0.8571,0.8332999999999999,0.8989,,0.6667000000000001,0.6923,293,278,0.9488,0.9340999999999999,0.9682999999999999,0.9556,0.9286,1.0,0.9545,,0.8571,,,0.9048,0.8713,,0.8,,SY24_GraduationRates_Final.xlsx,2024 4-year Cohort,SY24_GraduationRates_Final.xlsx,2023 5-year Cohort
2023-2024,2023,2024,Kanawha,39,Herbert Hoover High School,herbert hoover high school,507,39507,schoolid_39507,210,196,0.9333,0.8878,0.9732,0.9314,1.0,1.0,,,1.0,1.0,,0.9318000000000001,0.8812000000000001,,1.0,0.9,197,182,0.9239,0.9216,0.9262999999999999,0.9227,1.0,,,,1.0,,,0.8787999999999999,0.8353,,0.7333,0.6154,SY24_GraduationRates_Final.xlsx,2024 4-year Cohort,SY24_GraduationRates_Final.xlsx,2023 5-year Cohort
2023-2024,2023,2024,Kanawha,39,Nitro High School,nitro high school,508,39508,schoolid_39508,198,175,0.8837999999999999,0.8641,0.9053,0.8951,0.8667,0.6667000000000001,1.0,,0.8571,,,0.7813,0.8286,,0.92,0.6923,189,170,0.8995000000000001,0.8876000000000001,0.91,0.903,0.875,1.0,,,0.8181999999999999,,,0.92,0.8286,,0.7778,,SY24_GraduationRates_Final.xlsx,2024 4-year Cohort,SY24_GraduationRates_Final.xlsx,2023 5-year Cohort
2023-2024,2023,2024,Kanawha,39,Riverside High School,riverside high school,514,39514,schoolid_39514,295,249,0.8441,0.8067,0.8828,0.8473,0.8125,0.8,1.0,,0.8,,1.0,0.6939,0.7766,,0.9129999999999999,0.3889,317,278,0.877,0.8763,0.8779,0.8795999999999999,0.8332999999999999,1.0,1.0,1.0,0.8332999999999999,,1.0,0.8443999999999999,0.8349,,0.7333,0.6818000000000001,SY24_GraduationRates_Final.xlsx,2024 4-year Cohort,SY24_GraduationRates_Final.xlsx,2023 5-year Cohort
2023-2024,2023,2024,Kanawha,39,Saint Albans High School,saint albans high school,509,39509,schoolid_39509,203,188,0.9261,0.8959999999999999,0.9743999999999999,0.9333,0.7692,1.0,1.0,,1.0,,,0.9211,0.8981,,1.0,0.6364,218,207,0.9495,0.9478,0.9515,0.9479000000000001,0.9286,1.0,1.0,,1.0,,,0.8214,0.9196,,0.8824,0.6364,SY24_GraduationRates_Final.xlsx,2024 4-year Cohort,SY24_GraduationRates_Final.xlsx,2023 5-year Cohort
2023-2024,2023,2024,Kanawha,39,Sissonville High School,sissonville high school,510,39510,schoolid_39510,142,140,0.9859,0.9859,0.9859,0.9856999999999999,,1.0,1.0,,,,1.0,1.0,0.9706,,1.0,1.0,134,128,0.9551999999999999,0.9655,0.9473999999999999,0.9545,1.0,,1.0,,,,,0.9473999999999999,0.9129999999999999,,1.0,0.8332999999999999,SY24_GraduationRates_Final.xlsx,2024 4-year Cohort,SY24_GraduationRates_Final.xlsx,2023 5-year Cohort
2023-2024,2023,2024,Kanawha,39,South Charleston High School,south charleston high school,511,39511,schoolid_39511,217,186,0.8571,0.8332999999999999,0.8806999999999999,0.8609,0.8409,1.0,1.0,,0.8,,1.0,0.64,0.797,,0.7692,0.5455,231,190,0.8225,0.7698999999999999,0.8729,0.8291,0.8409,0.7143,0.8571,,0.7333,,1.0,0.6207,0.7831999999999999,,0.5263,0.6,SY24_GraduationRates_Final.xlsx,2024 4-year Cohort,SY24_GraduationRates_Final.xlsx,2023 5-year Cohort
2023-2024,2023,2024,Lewis,41,Lewis County High School,lewis county high school,501,41501,schoolid_41501,178,160,0.8989,0.866,0.9383,0.9017000000000001,,1.0,,,0.75,,,0.9655,0.8679000000000001,,1.0,0.8,163,155,0.9509000000000001,0.9375,0.9639,0.95,,,1.0,,1.0,,,0.8181999999999999,0.9348000000000001,,0.9167000000000001,0.75,SY24_GraduationRates_Final.xlsx,2024 4-year Cohort,SY24_GraduationRates_Final.xlsx,2023 5-year Cohort
2023-2024,2023,2024,Lincoln,43,Lincoln County High School,lincoln county high school,506,43506,schoolid_43506,225,179,0.7956,0.7646999999999999,0.8301999999999999,0.7937000000000001,1.0,,,,1.0,,,0.6866,0.7037,,0.75,0.6923,224,184,0.8214,0.7739,0.8715999999999999,0.8227,1.0,1.0,,,,,,0.7121,0.768,,0.7333,0.5294,SY24_GraduationRates_Final.xlsx,2024 4-year Cohort,SY24_GraduationRates_Final.xlsx,2023 5-year Cohort
2023-2024,2023,2024,Logan,45,Chapmanville Regional High School,chapmanville regional high school,501,45501,schoolid_45501,175,162,0.9257,0.9043000000000001,0.9506,0.9226000000000001,1.0,1.0,1.0,,,,,0.9355,0.8942,,1.0,0.75,169,162,0.9586,0.9529000000000001,0.9643,0.9578,1.0,1.0,,,,,,0.9615,0.9375,,1.0,0.7273000000000001,SY24_GraduationRates_Final.xlsx,2024 4-year Cohort,SY24_GraduationRates_Final.xlsx,2023 5-year Cohort
2023-2024,2023,2024,Logan,45,Logan Senior High School,logan senior high school,502,45502,schoolid_45502,116,112,0.9655,0.9825,0.9492,0.9632999999999999,1.0,,,,1.0,,,0.9473999999999999,0.9451999999999999,,1.0,1.0,136,130,0.9559000000000001,0.9605,0.95,0.9551999999999999,1.0,,,,,,,0.9309999999999999,0.9375,,0.8571,0.7,SY24_GraduationRates_Final.xlsx,2024 4-year Cohort,SY24_GraduationRates_Final.xlsx,2023 5-year Cohort
2023-2024,2023,2024,Logan,45,Man Senior High School,man senior high school,503,45503,schoolid_45503,83,80,0.9639,0.9268000000000001,1.0,0.96,,,,,1.0,,,1.0,0.9455,,1.0,1.0,92,91,0.9891,1.0,0.9783,0.9886,,1.0,,,1.0,,,1.0,0.9818000000000001,,1.0,1.0,SY24_GraduationRates_Final.xlsx,2024 4-year Cohort,SY24_GraduationRates_Final.xlsx,2023 5-year Cohort
2023-2024,2023,2024,Marion,47,East Fairmont High School,east fairmont high school,501,47501,schoolid_47501,164,156,0.9512,0.9340999999999999,0.9726,0.9467,1.0,1.0,1.0,,1.0,,1.0,0.9545,0.9265000000000001,,1.0,0.8571,170,165,0.9706,0.9619,0.9845999999999999,0.9753000000000001,1.0,,,,0.75,1.0,,0.9167000000000001,0.9487000000000001,1.0,1.0,0.875,SY24_GraduationRates_Final.xlsx,2024 4-year Cohort,SY24_GraduationRates_Final.xlsx,2023 5-year Cohort
2023-2024,2023,2024,Marion,47,Fairmont Senior High School,fairmont senior high school,502,47502,schoolid_47502,189,177,0.9365000000000001,0.9063,0.9677,0.9408,0.8889,1.0,0.75,,1.0,,0.75,0.9523999999999999,0.8864,,0.4,0.75,187,181,0.9679000000000001,0.9767,0.9604,0.9615,1.0,1.0,,,1.0,,1.0,0.95,0.9342,1.0,1.0,0.8571,SY24_GraduationRates_Final.xlsx,2024 4-year Cohort,SY24_GraduationRates_Final.xlsx,2023 5-year Cohort
2023-2024,2023,2024,Marion,47,North Marion High School,north marion high school,503,47503,schoolid_47503,184,173,0.9401999999999999,0.9081999999999999,0.9767,0.9384999999999999,1.0,1.0,,,1.0,,,0.8519,0.9101,1.0,1.0,,187,178,0.9519,0.9333,0.9756,0.9483,1.0,1.0,,1.0,1.0,,,0.9582999999999999,0.9346,,1.0,1.0,SY24_GraduationRates_Final.xlsx,2024 4-year Cohort,SY24_GraduationRates_Final.xlsx,2023 5-year Cohort
2023-2024,2023,2024,Marshall,48,Cameron High School,cameron high school,501,48501,schoolid_48501,45,44,0.9778,0.9655,1.0,0.9778,,,,,,,,1.0,0.9444,,1.0,1.0,51,51,1.0,1.0,1.0,1.0,,1.0,,,,,,1.0,1.0,,1.0,,SY24_GraduationRates_Final.xlsx,2024 4-year Cohort,SY24_GraduationRates_Final.xlsx,2023 5-year Cohort
2023-2024,2023,2024,Marshall,48,John Marshall High School,john marshall high school,502,48502,schoolid_48502,256,245,0.9570000000000001,0.9179,1.0,0.9547,1.0,1.0,,,1.0,,,0.9512,0.9153,,1.0,0.6667000000000001,265,254,0.9584999999999999,0.9839,0.9362,0.9565,1.0,1.0,1.0,,1.0,,1.0,1.0,0.9268000000000001,,0.9167000000000001,0.75,SY24_GraduationRates_Final.xlsx,2024 4-year Cohort,SY24_GraduationRates_Final.xlsx,2023 5-year Cohort
2023-2024,2023,2024,Mason,49,Hannan Junior/Senior High School,hannan junior/senior high school,501,49501,schoolid_49501,46,45,0.9783,0.9444,1.0,0.9778,,1.0,,,,,,1.0,0.96,,1.0,1.0,37,32,0.8649,0.7895,0.9444,0.8649,,,,,,,,0.8,0.8214,,0.75,,SY24_GraduationRates_Final.xlsx,2024 4-year Cohort,SY24_GraduationRates_Final.xlsx,2023 5-year Cohort
2023-2024,2023,2024,Mason,49,Point Pleasant Junior/Senior High School,point pleasant junior/senior high school,502,49502,schoolid_49502,187,181,0.9679000000000001,0.95,0.9884999999999999,0.9669,,1.0,,,1.0,,,0.9487000000000001,0.9490000000000001,1.0,0.875,0.7778,197,192,0.9745999999999999,0.9608,0.9895,0.9786,1.0,0.6667000000000001,,,1.0,,,0.9556,0.9640000000000001,,0.9643,0.6,SY24_GraduationRates_Final.xlsx,2024 4-year Cohort,SY24_GraduationRates_Final.xlsx,2023 5-year Cohort
2023-2024,2023,2024,Mason,49,Wahama Junior/Senior High School,wahama junior/senior high school,503,49503,schoolid_49503,43,35,0.8140000000000001,0.7917000000000001,0.8421,0.8293,,,,,,,,0.6667000000000001,0.72,,1.0,0.75,67,65,0.9701000000000001,1.0,0.9259000000000001,0.9688,,1.0,,,1.0,,,0.75,0.9355,,1.0,1.0,SY24_GraduationRates_Final.xlsx,2024 4-year Cohort,SY24_GraduationRates_Final.xlsx,2023 5-year Cohort
2023-2024,2023,2024,McDowell,60,Mount View High School,mount view high school,527,60527,schoolid_60527,73,65,0.8904000000000001,0.8649,0.9167000000000001,0.88,0.8667,1.0,,,1.0,,,0.84,0.8723000000000001,,1.0,0.75,94,75,0.7979,0.7069,0.9444,0.7639,0.9286,1.0,,,0.8571,,,0.6667000000000001,0.7612000000000001,,,,SY24_GraduationRates_Final.xlsx,2024 4-year Cohort,SY24_GraduationRates_Final.xlsx,2023 5-year Cohort
2023-2024,2023,2024,McDowell,60,River View High School,river view high school,520,60520,schoolid_60520,77,70,0.9091,0.8108,1.0,0.9079,,,,,1.0,,,0.8571,0.8793000000000001,,1.0,1.0,96,85,0.8854000000000001,0.8929,0.875,0.8854000000000001,,,,,,,,0.96,0.8514,,0.8462000000000001,1.0,SY24_GraduationRates_Final.xlsx,2024 4-year Cohort,SY24_GraduationRates_Final.xlsx,2023 5-year Cohort
2023-2024,2023,2024,Mercer,51,Bluefield High School,bluefield high school,502,51502,schoolid_51502,143,117,0.8181999999999999,0.8625,0.7619,0.8144,0.8234999999999999,1.0,,,0.8,,,0.8125,0.7474,,0.6667000000000001,,129,114,0.8837,0.8625,0.9184,0.8776,0.9091,1.0,1.0,,0.8332999999999999,,,0.7188,0.825,,0.75,0.8,SY24_GraduationRates_Final.xlsx,2024 4-year Cohort,SY24_GraduationRates_Final.xlsx,2023 5-year Cohort
2023-2024,2023,2024,Mercer,51,Montcalm High School,montcalm high school,505,51505,schoolid_51505,51,46,0.902,0.8946999999999999,0.9063,0.9,,,,,1.0,,,0.8889,0.8649,,0.75,1.0,39,38,0.9743999999999999,1.0,0.9412,0.973,,,,,1.0,,,1.0,0.9615,,1.0,1.0,SY24_GraduationRates_Final.xlsx,2024 4-year Cohort,SY24_GraduationRates_Final.xlsx,2023 5-year Cohort
2023-2024,2023,2024,Mercer,51,Pikeview High School,pikeview high school,509,51509,schoolid_51509,124,113,0.9113,0.9179999999999999,0.9048,0.9068,1.0,1.0,,,1.0,,1.0,0.85,0.8421,1.0,0.7,,143,135,0.9440999999999999,0.96,0.9265000000000001,0.9429000000000001,,1.0,,,1.0,,,0.9375,0.8870999999999999,,,1.0,SY24_GraduationRates_Final.xlsx,2024 4-year Cohort,SY24_GraduationRates_Final.xlsx,2023 5-year Cohort
2023-2024,2023,2024,Mercer,51,Princeton Senior High School,princeton senior high school,507,51507,schoolid_51507,227,194,0.8545999999999999,0.8319,0.8795999999999999,0.8718,0.6,0.6667000000000001,1.0,,0.8332999999999999,,,0.7027,0.7456,,,0.4,237,204,0.8608,0.8305,0.8908,0.8794,0.8421,0.6667000000000001,1.0,,0.6154,1.0,1.0,0.7333,0.7970999999999999,1.0,0.7619,0.625,SY24_GraduationRates_Final.xlsx,2024 4-year Cohort,SY24_GraduationRates_Final.xlsx,2023 5-year Cohort
2023-2024,2023,2024,Mineral,53,Frankfort High School,frankfort high school,501,53501,schoolid_53501,103,102,0.9903,0.9818000000000001,1.0,0.9898,1.0,1.0,,,,,,1.0,1.0,,1.0,1.0,119,118,0.9915999999999999,0.9845999999999999,1.0,0.9914000000000001,1.0,,1.0,,1.0,,,0.9091,1.0,,1.0,,SY24_GraduationRates_Final.xlsx,2024 4-year Cohort,SY24_GraduationRates_Final.xlsx,2023 5-year Cohort
2023-2024,2023,2024,Mineral,53,Keyser High School,keyser high school,503,53503,schoolid_53503,146,141,0.9658,0.9518000000000001,0.9841,0.9634999999999999,1.0,,,,1.0,,,0.871,0.9487000000000001,1.0,0.8889,0.875,173,170,0.9826999999999999,0.9778,0.988,0.9806,1.0,1.0,1.0,,1.0,,,0.8966,0.9589,,1.0,1.0,SY24_GraduationRates_Final.xlsx,2024 4-year Cohort,SY24_GraduationRates_Final.xlsx,2023 5-year Cohort
2023-2024,2023,2024,Mingo,54,Mingo Central Comprehensive High School,mingo central comprehensive high school,508,54508,schoolid_54508,152,143,0.9408,0.9270999999999999,0.9643,0.9379000000000001,1.0,,,,1.0,,,0.9333,0.9192,,0.75,1.0,166,157,0.9458,0.963,0.9294,0.9490000000000001,0.8,1.0,,,1.0,,1.0,1.0,0.9439,,0.75,0.75,SY24_GraduationRates_Final.xlsx,2024 4-year Cohort,SY24_GraduationRates_Final.xlsx,2023 5-year Cohort
2023-2024,2023,2024,Mingo,54,Tug Valley High School,tug valley high school,507,54507,schoolid_54507,77,63,0.8181999999999999,0.775,0.8649,0.8243,,1.0,,,,,1.0,0.9091,0.7679,,0.7826000000000001,0.6667000000000001,78,76,0.9743999999999999,0.9459000000000001,1.0,0.9740000000000001,,1.0,,,,,1.0,1.0,0.9565,,0.9375,1.0,SY24_GraduationRates_Final.xlsx,2024 4-year Cohort,SY24_GraduationRates_Final.xlsx,2023 5-year Cohort
2023-2024,2023,2024,Monongalia,56,Clay-Battelle High School,clay-battelle high school,501,56501,schoolid_56501,52,50,0.9615,0.9231,1.0,0.9608,,,,,1.0,,,0.9231,0.8889,,0.875,1.0,48,47,0.9792000000000001,0.9667,1.0,0.9787,,1.0,,,,,,0.9091,0.9523999999999999,,0.8571,1.0,SY24_GraduationRates_Final.xlsx,2024 4-year Cohort,SY24_GraduationRates_Final.xlsx,2023 5-year Cohort
2023-2024,2023,2024,Monongalia,56,Morgantown High School,morgantown high school,502,56502,schoolid_56502,476,451,0.9475,0.9384999999999999,0.9569,0.9591,0.8837,0.9167000000000001,1.0,,0.8667,,0.9412,0.7813,0.8571,,0.7631999999999999,0.6,465,446,0.9591,0.9587,0.9595999999999999,0.9578,0.9545,0.8889,1.0,,1.0,1.0,0.9091,0.878,0.9045000000000001,1.0,0.8077,0.6667000000000001,SY24_GraduationRates_Final.xlsx,2024 4-year Cohort,SY24_GraduationRates_Final.xlsx,2023 5-year Cohort
2023-2024,2023,2024,Monongalia,56,University High School,university high school,503,56503,schoolid_56503,334,324,0.9701000000000001,0.9659,0.9747,0.9734999999999999,0.8,1.0,1.0,,0.9333,,1.0,0.8852,0.9179999999999999,1.0,0.8824,0.8,337,324,0.9614,0.9667,0.9554,0.96,1.0,1.0,1.0,1.0,0.9412,1.0,1.0,0.8254,0.8926000000000001,,0.7778,0.75,SY24_GraduationRates_Final.xlsx,2024 4-year Cohort,SY24_GraduationRates_Final.xlsx,2023 5-year Cohort
2023-2024,2023,2024,Monroe,57,James Monroe High School,james monroe high school,503,57503,schoolid_57503,110,107,0.9727,0.9688,0.9783,0.9722,1.0,1.0,,,,,1.0,0.9286,0.9434,,1.0,,103,100,0.9709,0.9677,0.9756,0.9693999999999999,,1.0,1.0,,1.0,,,0.9286,0.9388,,0.8462000000000001,0.75,SY24_GraduationRates_Final.xlsx,2024 4-year Cohort,SY24_GraduationRates_Final.xlsx,2023 5-year Cohort
2023-2024,2023,2024,Morgan,58,Berkeley Springs High School,berkeley springs high school,501,58501,schoolid_58501,153,149,0.9739,0.9740000000000001,0.9737,0.9722,1.0,1.0,,,1.0,,1.0,0.9706,0.9394,1.0,0.9091,0.8332999999999999,,,0.9545,0.9309999999999999,0.9851000000000001,0.9521,1.0,1.0,,,1.0,,,0.9129999999999999,0.9091,,0.6667000000000001,0.6,SY24_GraduationRates_Final.xlsx,2024 4-year Cohort,SY24_GraduationRates_Final.xlsx,2023 5-year Cohort
2023-2024,2023,2024,Morgan,58,Paw Paw High School,paw paw high school,502,58502,schoolid_58502,12,12,1.0,1.0,1.0,1.0,,1.0,,,,,1.0,1.0,1.0,,1.0,,,,1.0,1.0,1.0,1.0,1.0,1.0,,,,,1.0,1.0,1.0,,1.0,,SY24_GraduationRates_Final.xlsx,2024 4-year Cohort,SY24_GraduationRates_Final.xlsx,2023 5-year Cohort
2023-2024,2023,2024,Nicholas,62,Nicholas County High School,nicholas county high school,501,62501,schoolid_62501,166,155,0.9337000000000001,0.899,0.9851000000000001,0.9312999999999999,1.0,1.0,1.0,,,,1.0,0.8621,0.8824,,0.9309999999999999,0.875,151,147,0.9734999999999999,0.9670000000000001,0.9833,0.9732999999999999,,1.0,,,,,,0.95,0.9571,,0.9375,0.7143,SY24_GraduationRates_Final.xlsx,2024 4-year Cohort,SY24_GraduationRates_Final.xlsx,2023 5-year Cohort
2023-2024,2023,2024,Nicholas,62,Richwood High School,richwood high school,502,62502,schoolid_62502,89,87,0.9775,0.9783,0.9767,0.977,1.0,1.0,,,,,,0.9412,0.9672,,0.9167000000000001,1.0,78,75,0.9615,0.9778,0.9394,0.961,,,,,1.0,,,0.8571,0.9444,,0.9,1.0,SY24_GraduationRates_Final.xlsx,2024 4-year Cohort,SY24_GraduationRates_Final.xlsx,2023 5-year Cohort
2023-2024,2023,2024,Ohio,64,Wheeling Park High School,wheeling park high school,501,64501,schoolid_64501,355,317,0.893,0.8876000000000001,0.8983,0.8983,0.75,0.9,1.0,1.0,0.8845999999999999,1.0,1.0,0.7,0.805,,0.65,0.4286,374,361,0.9652,0.9551999999999999,0.9769,0.9704,0.9259000000000001,1.0,1.0,1.0,0.9375,,1.0,0.8462000000000001,0.9268000000000001,,0.9,0.8,SY24_GraduationRates_Final.xlsx,2024 4-year Cohort,SY24_GraduationRates_Final.xlsx,2023 5-year Cohort
2023-2024,2023,2024,Pendleton,66,Pendleton County Middle/High School,pendleton county middle/high school,502,66502,schoolid_66502,62,60,0.9677,0.9286,1.0,0.9672,,,,,1.0,,,0.9231,1.0,,1.0,0.6667000000000001,66,63,0.9545,0.9268000000000001,1.0,0.9508,1.0,,,,1.0,,,0.9091,0.9487000000000001,,1.0,1.0,SY24_GraduationRates_Final.xlsx,2024 4-year Cohort,SY24_GraduationRates_Final.xlsx,2023 5-year Cohort
2023-2024,2023,2024,Pleasants,67,St. Marys High School,st. marys high school,501,67501,schoolid_67501,63,63,1.0,1.0,1.0,1.0,1.0,,,,,,,1.0,1.0,1.0,1.0,1.0,81,81,1.0,1.0,1.0,1.0,,1.0,,,,,,1.0,1.0,,1.0,1.0,SY24_GraduationRates_Final.xlsx,2024 4-year Cohort,SY24_GraduationRates_Final.xlsx,2023 5-year Cohort
2023-2024,2023,2024,Pocahontas,69,Pocahontas County High School,pocahontas county high school,501,69501,schoolid_69501,69,58,0.8406,0.7837999999999999,0.9063,0.8636,,,,,,,,0.8571,0.8387,,1.0,0.6,60,56,0.9333,0.9333,0.9333,0.9333,,,,,,,,1.0,0.9697,,1.0,,SY24_GraduationRates_Final.xlsx,2024 4-year Cohort,SY24_GraduationRates_Final.xlsx,2023 5-year Cohort
2023-2024,2023,2024,Preston,70,Preston High School,preston high school,507,70507,schoolid_70507,277,254,0.917,0.9104000000000001,0.9231,0.9286,0.6667000000000001,,,,1.0,,,0.8986,0.8714,1.0,0.9,0.8571,275,245,0.8909,0.8382,0.9423999999999999,0.8922,1.0,0.6667000000000001,,,1.0,,,0.7778,0.8162,,0.5556,0.8,SY24_GraduationRates_Final.xlsx,2024 4-year Cohort,SY24_GraduationRates_Final.xlsx,2023 5-year Cohort
2023-2024,2023,2024,Putnam,72,Buffalo High School,buffalo high school,505,72505,schoolid_72505,91,89,0.978,0.9623,1.0,0.9775,,,1.0,,1.0,,,0.9545,0.95,1.0,1.0,1.0,81,80,0.9876999999999999,0.9743999999999999,1.0,0.9876999999999999,,,,,,,,0.9333,0.9667,,1.0,1.0,SY24_GraduationRates_Final.xlsx,2024 4-year Cohort,SY24_GraduationRates_Final.xlsx,2023 5-year Cohort
2023-2024,2023,2024,Putnam,72,Hurricane High School,hurricane high school,510,72510,schoolid_72510,325,319,0.9815,0.9701000000000001,0.9937,0.9897,0.9,1.0,0.6667000000000001,1.0,0.9375,,1.0,0.9057,0.9643,,1.0,0.8889,320,315,0.9843999999999999,0.9832,0.9858,0.9865,0.9167000000000001,1.0,1.0,,1.0,,,0.9322,0.9490000000000001,1.0,0.9167000000000001,0.9,SY24_GraduationRates_Final.xlsx,2024 4-year Cohort,SY24_GraduationRates_Final.xlsx,2023 5-year Cohort
2023-2024,2023,2024,Putnam,72,Poca High School,poca high school,515,72515,schoolid_72515,106,104,0.9811,0.9573999999999999,1.0,0.9808,1.0,,,,,,,0.9129999999999999,0.9615,,1.0,0.8,129,128,0.9922,0.9851000000000001,1.0,0.992,1.0,1.0,,1.0,,,,0.96,0.9853000000000001,,1.0,1.0,SY24_GraduationRates_Final.xlsx,2024 4-year Cohort,SY24_GraduationRates_Final.xlsx,2023 5-year Cohort
2023-2024,2023,2024,Putnam,72,Winfield High School,winfield high school,520,72520,schoolid_72520,213,212,0.9953,1.0,0.9917,0.9948999999999999,1.0,1.0,,,1.0,1.0,1.0,1.0,0.9841,1.0,1.0,1.0,199,196,0.9849,0.9902,0.9793999999999999,0.9842,1.0,1.0,1.0,,,,1.0,0.9582999999999999,0.9412,1.0,,0.7143,SY24_GraduationRates_Final.xlsx,2024 4-year Cohort,SY24_GraduationRates_Final.xlsx,2023 5-year Cohort
2023-2024,2023,2024,Raleigh,74,Independence High School,independence high school,502,74502,schoolid_74502,134,115,0.8582,0.8158,0.9138,0.8492000000000001,1.0,1.0,1.0,,1.0,,,0.6786,0.8332999999999999,,,,137,124,0.9051,0.8675,0.963,0.9167000000000001,,,1.0,,1.0,,,0.7391,0.8451000000000001,,1.0,,SY24_GraduationRates_Final.xlsx,2024 4-year Cohort,SY24_GraduationRates_Final.xlsx,2023 5-year Cohort
2023-2024,2023,2024,Raleigh,74,Liberty High School,liberty high school,503,74503,schoolid_74503,107,96,0.8972,0.8421,0.96,0.8962,,,,,1.0,,,0.7895,0.85,,0.75,1.0,128,112,0.875,0.8056,0.9643,0.872,,1.0,,,1.0,,,0.8519,0.8267,,0.6667000000000001,0.7143,SY24_GraduationRates_Final.xlsx,2024 4-year Cohort,SY24_GraduationRates_Final.xlsx,2023 5-year Cohort
2023-2024,2023,2024,Raleigh,74,Shady Spring High,shady spring high,505,74505,schoolid_74505,193,165,0.8549,0.7981,0.9213,0.8533,1.0,,1.0,,1.0,,1.0,0.8,0.7349,,,0.625,196,186,0.9490000000000001,0.9279000000000001,0.9765,0.9465,1.0,1.0,1.0,1.0,1.0,,1.0,0.75,0.8961,,0.75,0.6667000000000001,SY24_GraduationRates_Final.xlsx,2024 4-year Cohort,SY24_GraduationRates_Final.xlsx,2023 5-year Cohort
2023-2024,2023,2024,Raleigh,74,Woodrow Wilson High School,woodrow wilson high school,506,74506,schoolid_74506,312,266,0.8526,0.7964,0.9172,0.8733,0.8491,0.5832999999999999,1.0,,0.75,,,0.7778,0.8012999999999999,,0.6,0.625,313,274,0.8754000000000001,0.8491,0.9026000000000001,0.8802,0.8551000000000001,1.0,1.0,,0.85,,1.0,0.8776,0.8453,,0.8,0.7143,SY24_GraduationRates_Final.xlsx,2024 4-year Cohort,SY24_GraduationRates_Final.xlsx,2023 5-year Cohort
2023-2024,2023,2024,Randolph,75,Elkins High School,elkins high school,504,75504,schoolid_75504,166,154,0.9277,0.8953,0.9625,0.9346,0.8332999999999999,1.0,,,0.6667000000000001,,,0.8889,0.8778,1.0,0.8929,0.7895,215,207,0.9628,0.9645999999999999,0.9608,0.9653,0.8,1.0,1.0,,1.0,,1.0,0.8824,0.94,1.0,0.9286,0.8332999999999999,SY24_GraduationRates_Final.xlsx,2024 4-year Cohort,SY24_GraduationRates_Final.xlsx,2023 5-year Cohort
2023-2024,2023,2024,Randolph,75,Harman Elementary/High School,harman elementary/high school,102,75102,schoolid_75102,,,1.0,1.0,1.0,1.0,,,,,,,,1.0,1.0,,,,,,0.9231,0.875,1.0,0.9231,,,,,,,,0.8,0.8889,,1.0,,SY24_GraduationRates_Final.xlsx,2024 4-year Cohort,SY24_GraduationRates_Final.xlsx,2023 5-year Cohort
2023-2024,2023,2024,Randolph,75,Pickens Elementary/High School,pickens elementary/high school,103,75103,schoolid_75103,,,1.0,1.0,,1.0,,,,,,,,1.0,1.0,,1.0,,,,1.0,,1.0,1.0,,,,,,,,,1.0,,,,SY24_GraduationRates_Final.xlsx,2024 4-year Cohort,SY24_GraduationRates_Final.xlsx,2023 5-year Cohort
2023-2024,2023,2024,Randolph,75,Tygarts Valley Middle/High School,tygarts valley middle/high school,503,75503,schoolid_75503,65,61,0.9384999999999999,0.9677,0.9118,0.9508,1.0,,,,1.0,,,0.9231,0.8889,1.0,0.8889,0.8332999999999999,69,67,0.971,0.9487000000000001,1.0,0.9706,,,,,1.0,,,1.0,0.9512,,0.9167000000000001,0.6667000000000001,SY24_GraduationRates_Final.xlsx,2024 4-year Cohort,SY24_GraduationRates_Final.xlsx,2023 5-year Cohort
2023-2024,2023,2024,Ritchie,77,Ritchie County High School,ritchie county high school,501,77501,schoolid_77501,90,83,0.9222,0.9216,0.9231,0.9213,,,1.0,,,,,0.85,0.8726999999999999,,0.8181999999999999,0.8332999999999999,100,97,0.97,0.9455,1.0,0.9691,1.0,1.0,,,,,,0.8667,0.9655,,0.9231,1.0,SY24_GraduationRates_Final.xlsx,2024 4-year Cohort,SY24_GraduationRates_Final.xlsx,2023 5-year Cohort
2023-2024,2023,2024,Roane,79,Roane County High,roane county high,503,79503,schoolid_79503,123,112,0.9106000000000001,0.8906000000000001,0.9322,0.9145,0.6667000000000001,,,,1.0,,,0.9444,0.8793000000000001,,1.0,0.6667000000000001,116,111,0.9569,0.9355,0.9815,0.955,1.0,1.0,,,1.0,,,0.9333,0.95,,1.0,0.8,SY24_GraduationRates_Final.xlsx,2024 4-year Cohort,SY24_GraduationRates_Final.xlsx,2023 5-year Cohort
2023-2024,2023,2024,Summers,81,6-12 Summers County Comprehensive HS,6-12 summers county comprehensive hs,503,81503,schoolid_81503,84,78,0.9286,0.9259000000000001,0.9333,0.9211,1.0,1.0,,,1.0,,,0.8571,0.8723000000000001,,0.8,1.0,97,86,0.8865999999999999,0.8478,0.9216,0.8809999999999999,1.0,1.0,,,0.875,,,0.8261,0.8332999999999999,,1.0,0.6667000000000001,SY24_GraduationRates_Final.xlsx,2024 4-year Cohort,SY24_GraduationRates_Final.xlsx,2023 5-year Cohort
2023-2024,2023,2024,Taylor,83,Grafton High School,grafton high school,502,83502,schoolid_83502,148,136,0.9189,0.9,0.9359000000000001,0.9184,,,,,1.0,,,0.7931,0.8448,1.0,0.6667000000000001,0.625,150,139,0.9267,0.8916,0.9701000000000001,0.9267,,,,,,,,0.8695999999999999,0.8902,1.0,1.0,0.9,SY24_GraduationRates_Final.xlsx,2024 4-year Cohort,SY24_GraduationRates_Final.xlsx,2023 5-year Cohort
2023-2024,2023,2024,Tucker,84,Tucker County High School,tucker county high school,501,84501,schoolid_84501,64,64,1.0,1.0,1.0,1.0,,,,1.0,1.0,,,1.0,1.0,1.0,1.0,1.0,66,63,0.9545,0.9412,0.9688,0.9523999999999999,1.0,1.0,,,1.0,,,0.875,0.9063,1.0,0.9091,,SY24_GraduationRates_Final.xlsx,2024 4-year Cohort,SY24_GraduationRates_Final.xlsx,2023 5-year Cohort
2023-2024,2023,2024,Tyler,85,Tyler Consolidated High School,tyler consolidated high school,503,85503,schoolid_85503,82,76,0.9268000000000001,0.9545,0.8946999999999999,0.9240999999999999,,,,,1.0,,,0.7692,0.85,1.0,0.6667000000000001,,95,93,0.9789,0.9804,0.9773000000000001,0.9784999999999999,,1.0,,,,,,1.0,0.9737,1.0,1.0,1.0,SY24_GraduationRates_Final.xlsx,2024 4-year Cohort,SY24_GraduationRates_Final.xlsx,2023 5-year Cohort
2023-2024,2023,2024,Upshur,87,Buckhannon Upshur High School,buckhannon upshur high school,501,87501,schoolid_87501,320,283,0.8844,0.9013,0.8690000000000001,0.8867,1.0,0.75,,1.0,,,,0.75,0.8332999999999999,,0.7813,0.9091,290,268,0.9240999999999999,0.9054000000000001,0.9437000000000001,0.9214,1.0,1.0,,,1.0,,1.0,0.7429000000000001,0.8869,,0.9318000000000001,0.9,SY24_GraduationRates_Final.xlsx,2024 4-year Cohort,SY24_GraduationRates_Final.xlsx,2023 5-year Cohort
2023-2024,2023,2024,WIN Academy at BVCTC,106,WIN Academy at BVCTC,win academy at bvctc,106,106106,schoolid_106106,,,0.8332999999999999,1.0,0.8,1.0,,,,,,,,,0.75,,,,,,,,,,,,,,,,,,,,,,SY24_GraduationRates_Final.xlsx,2024 4-year Cohort,,
2023-2024,2023,2024,Wayne,89,Spring Valley High School,spring valley high school,508,89508,schoolid_89508,234,210,0.8974,0.8702,0.932,0.8919,1.0,1.0,1.0,,1.0,,0.6667000000000001,0.75,0.8378,,0.9143000000000001,0.6470999999999999,224,198,0.8839,0.8548,0.92,0.8832,1.0,1.0,1.0,,0.75,,1.0,0.7436,0.8365,,0.9667,0.6667000000000001,SY24_GraduationRates_Final.xlsx,2024 4-year Cohort,SY24_GraduationRates_Final.xlsx,2023 5-year Cohort
2023-2024,2023,2024,Wayne,89,Tolsia High School,tolsia high school,507,89507,schoolid_89507,88,81,0.9205,0.8864,0.9545,0.9195,,1.0,,,,,1.0,0.8462000000000001,0.9138,,0.9,1.0,92,88,0.9565,0.9795999999999999,0.9301999999999999,0.9565,,,,,,,1.0,0.9048,0.9661,,1.0,1.0,SY24_GraduationRates_Final.xlsx,2024 4-year Cohort,SY24_GraduationRates_Final.xlsx,2023 5-year Cohort
2023-2024,2023,2024,Wayne,89,Wayne High School,wayne high school,506,89506,schoolid_89506,150,131,0.8733,0.8841,0.8642,0.8776,1.0,,,,,,,0.7813,0.8125,,,,144,127,0.8819,0.8714,0.8919,0.8811,1.0,,,,,,,0.963,0.8452,,1.0,0.75,SY24_GraduationRates_Final.xlsx,2024 4-year Cohort,SY24_GraduationRates_Final.xlsx,2023 5-year Cohort
2023-2024,2023,2024,Webster,91,Webster County High School,webster county high school,501,91501,schoolid_91501,91,84,0.9231,0.902,0.95,0.9309999999999999,1.0,1.0,,,,,,0.9333,0.8814,,0.8,1.0,80,75,0.9375,0.9091,1.0,0.9351,,1.0,,,,,,0.9333,0.9194,,0.8889,,SY24_GraduationRates_Final.xlsx,2024 4-year Cohort,SY24_GraduationRates_Final.xlsx,2023 5-year Cohort
2023-2024,2023,2024,West Virginia Virtual Academy,105,West Virginia Virtual Academy,west virginia virtual academy,105,105105,schoolid_105105,,,,,,,,,,,,,,,,,,,,,,,,,,,,,,,,,,,,,SY24_GraduationRates_Final.xlsx,2024 4-year Cohort,,
2023-2024,2023,2024,Wetzel,92,Hundred High School,hundred high school,501,92501,schoolid_92501,28,27,0.9643,1.0,0.9333,0.9643,,,,,,,,1.0,0.9473999999999999,,1.0,,20,18,0.9,0.8181999999999999,1.0,0.8946999999999999,1.0,,,,,,,0.8,0.8332999999999999,,,,SY24_GraduationRates_Final.xlsx,2024 4-year Cohort,SY24_GraduationRates_Final.xlsx,2023 5-year Cohort
2023-2024,2023,2024,Wetzel,92,Magnolia High School,magnolia high school,502,92502,schoolid_92502,90,87,0.9667,0.9523999999999999,0.9792000000000001,0.9647,,1.0,,,,1.0,1.0,0.9412,0.963,,0.75,0.75,78,73,0.9359000000000001,0.9268000000000001,0.9459000000000001,0.9444,,1.0,,,,,1.0,0.75,0.9111,,1.0,0.75,SY24_GraduationRates_Final.xlsx,2024 4-year Cohort,SY24_GraduationRates_Final.xlsx,2023 5-year Cohort
2023-2024,2023,2024,Wetzel,92,Paden City High School,paden city high school,503,92503,schoolid_92503,35,33,0.9429000000000001,0.9048,1.0,0.9394,,1.0,,,,,,1.0,1.0,,,1.0,37,34,0.9189,1.0,0.8636,0.9167000000000001,,,,,1.0,,,0.75,0.9,,1.0,,SY24_GraduationRates_Final.xlsx,2024 4-year Cohort,SY24_GraduationRates_Final.xlsx,2023 5-year Cohort
2023-2024,2023,2024,Wetzel,92,Valley High School,valley high school,504,92504,schoolid_92504,44,43,0.9773000000000001,0.9582999999999999,1.0,0.9762000000000001,1.0,,,,,,,1.0,1.0,,1.0,,35,31,0.8856999999999999,0.8332999999999999,0.9412,0.8856999999999999,,,,,,,,0.8332999999999999,0.8571,,,,SY24_GraduationRates_Final.xlsx,2024 4-year Cohort,SY24_GraduationRates_Final.xlsx,2023 5-year Cohort
2023-2024,2023,2024,Wirt,94,Wirt County High School,wirt county high school,501,94501,schoolid_94501,75,70,0.9333,0.9091,0.9523999999999999,0.9286,1.0,1.0,,,,,,0.8667,0.8936,,0.8571,0.6667000000000001,69,63,0.9129999999999999,0.9167000000000001,0.9091,0.9104000000000001,1.0,1.0,,,,,,0.7,0.8571,,0.8,,SY24_GraduationRates_Final.xlsx,2024 4-year Cohort,SY24_GraduationRates_Final.xlsx,2023 5-year Cohort
2023-2024,2023,2024,Wood,96,Parkersburg High School,parkersburg high school,501,96501,schoolid_96501,372,339,0.9113,0.8762000000000001,0.9529000000000001,0.9137000000000001,1.0,0.9091,1.0,,0.8125,,1.0,0.8684000000000001,0.8602,,0.6957,0.8,362,324,0.895,0.8619,0.9281999999999999,0.8996999999999999,0.7143,0.8,1.0,,0.9,,,0.8571,0.8412999999999999,,0.6786,0.7222,SY24_GraduationRates_Final.xlsx,2024 4-year Cohort,SY24_GraduationRates_Final.xlsx,2023 5-year Cohort
2023-2024,2023,2024,Wood,96,Parkersburg South High School,parkersburg south high school,502,96502,schoolid_96502,351,324,0.9231,0.9213,0.9248999999999999,0.9181999999999999,1.0,1.0,1.0,1.0,1.0,,1.0,0.8909,0.8686,,0.8,0.8,357,333,0.9328,0.9179999999999999,0.9483,0.9331,1.0,1.0,1.0,,0.8824,,1.0,0.8723000000000001,0.875,,0.9167000000000001,0.9231,SY24_GraduationRates_Final.xlsx,2024 4-year Cohort,SY24_GraduationRates_Final.xlsx,2023 5-year Cohort
2023-2024,2023,2024,Wood,96,Williamstown High School,williamstown high school,503,96503,schoolid_96503,80,78,0.975,1.0,0.9444,0.9740000000000001,1.0,,,,1.0,,,1.0,0.9286,,,1.0,103,97,0.9417,0.9412,0.9423,0.9490000000000001,,1.0,,,1.0,,,0.8889,0.8667,,,,SY24_GraduationRates_Final.xlsx,2024 4-year Cohort,SY24_GraduationRates_Final.xlsx,2023 5-year Cohort
2023-2024,2023,2024,Wyoming,98,Westside High School,westside high school,508,98508,schoolid_98508,123,115,0.935,0.9839,0.8852,0.9339,,,,,1.0,,,0.9259000000000001,0.9155,,1.0,1.0,149,126,0.8456,0.8514,0.84,0.8445999999999999,,1.0,,,,,,0.7895,0.7667,,0.6667000000000001,,SY24_GraduationRates_Final.xlsx,2024 4-year Cohort,SY24_GraduationRates_Final.xlsx,2023 5-year Cohort
2023-2024,2023,2024,Wyoming,98,Wyoming County East High School,wyoming county east high school,507,98507,schoolid_98507,89,83,0.9326000000000001,0.9348000000000001,0.9301999999999999,0.9318000000000001,1.0,,,,,,,0.8462000000000001,0.8332999999999999,,1.0,1.0,111,102,0.9189,0.9661,0.8654000000000001,0.9167000000000001,1.0,1.0,,,1.0,,,0.9129999999999999,0.85,,1.0,0.6667000000000001,SY24_GraduationRates_Final.xlsx,2024 4-year Cohort,SY24_GraduationRates_Final.xlsx,2023 5-year Cohort
2024-2025,2024,2025,Barbour,2,Philip Barbour High School Complex,philip barbour high school complex,501,2501,schoolid_2501,123,110,0.8943000000000001,0.8472,0.9608,0.8966,,1.0,,1.0,1.0,1.0,1.0,0.7778,0.8438,,,,139,131,0.9423999999999999,0.9275,0.9571,0.9473999999999999,,1.0,,1.0,1.0,,,0.9118,0.9344,,,1.0,SY25_GraduationRates_Final.xlsx,2025 Cohort 4-Year,SY25_GraduationRates_Final.xlsx,2024 Cohort 5-Year
2024-2025,2024,2025,Berkeley,4,Hedgesville High School,hedgesville high school,501,4501,schoolid_4501,357,347,0.972,0.9588,0.9840000000000001,0.9779000000000001,0.9429000000000001,0.9643,0.75,,1.0,,1.0,0.9643,0.9506,1.0,0.8889,0.75,347,336,0.9682999999999999,0.9558,0.9819,0.9669,0.9355,1.0,1.0,1.0,0.963,,1.0,0.94,0.9738,1.0,1.0,,SY25_GraduationRates_Final.xlsx,2025 Cohort 4-Year,SY25_GraduationRates_Final.xlsx,2024 Cohort 5-Year
2024-2025,2024,2025,Berkeley,4,Martinsburg High School,martinsburg high school,502,4502,schoolid_4502,389,378,0.9717,0.9634,0.9798,0.9714,0.971,1.0,1.0,,0.9464,,0.9375,0.9672,0.9595999999999999,1.0,1.0,1.0,329,326,0.9909,0.9940000000000001,0.9876,0.9944,0.9861,0.9756,1.0,1.0,1.0,1.0,1.0,1.0,0.9840000000000001,1.0,1.0,0.8,SY25_GraduationRates_Final.xlsx,2025 Cohort 4-Year,SY25_GraduationRates_Final.xlsx,2024 Cohort 5-Year
2024-2025,2024,2025,Berkeley,4,Musselman High School,musselman high school,503,4503,schoolid_4503,412,404,0.9806,0.9856999999999999,0.9752,0.9812000000000001,0.9286,1.0,1.0,1.0,1.0,,1.0,0.9322,0.9548000000000001,,0.625,0.7143,425,417,0.9812000000000001,0.9772,0.9854,0.9826,0.9565,1.0,1.0,1.0,1.0,,1.0,0.9420000000000001,0.975,1.0,0.9167000000000001,1.0,SY25_GraduationRates_Final.xlsx,2025 Cohort 4-Year,SY25_GraduationRates_Final.xlsx,2024 Cohort 5-Year
2024-2025,2024,2025,Berkeley,4,Spring Mills High School,spring mills high school,504,4504,schoolid_4504,385,381,0.9895999999999999,0.9894,0.9898,0.9853000000000001,1.0,1.0,1.0,,1.0,,1.0,0.9868000000000001,0.9826999999999999,,0.875,0.75,379,367,0.9682999999999999,0.9703,0.9661,0.9673,0.9643,0.963,1.0,1.0,1.0,,1.0,0.9309999999999999,0.9379000000000001,1.0,0.8462000000000001,0.75,SY25_GraduationRates_Final.xlsx,2025 Cohort 4-Year,SY25_GraduationRates_Final.xlsx,2024 Cohort 5-Year
2024-2025,2024,2025,Boone,6,Scott High School,scott high school,501,6501,schoolid_6501,147,136,0.9251999999999999,0.8939,0.9506,0.9315000000000001,,,,,,,,0.8695999999999999,0.9417,,0.7143,,119,109,0.9159999999999999,0.9155,0.9167000000000001,0.9138,1.0,1.0,1.0,,,,,0.7826000000000001,0.8784000000000001,,0.8,1.0,SY25_GraduationRates_Final.xlsx,2025 Cohort 4-Year,SY25_GraduationRates_Final.xlsx,2024 Cohort 5-Year
2024-2025,2024,2025,Boone,6,Sherman High School,sherman high school,502,6502,schoolid_6502,88,81,0.9205,0.8936,0.9512,0.9176000000000001,,1.0,,,1.0,,,0.9231,0.8870999999999999,,1.0,1.0,75,70,0.9333,0.9,0.9714,0.9333,,,,,,,,0.9,0.9167000000000001,,1.0,0.6667000000000001,SY25_GraduationRates_Final.xlsx,2025 Cohort 4-Year,SY25_GraduationRates_Final.xlsx,2024 Cohort 5-Year
2024-2025,2024,2025,Boone,6,Van Junior/Senior High School,van junior/senior high school,503,6503,schoolid_6503,28,27,0.9643,0.9375,1.0,0.963,,,,,1.0,,,1.0,0.95,,1.0,1.0,26,23,0.8845999999999999,0.8125,1.0,0.88,1.0,,,,,,,1.0,0.85,,1.0,,SY25_GraduationRates_Final.xlsx,2025 Cohort 4-Year,SY25_GraduationRates_Final.xlsx,2024 Cohort 5-Year
2024-2025,2024,2025,Braxton,8,Braxton County High School,braxton county high school,501,8501,schoolid_8501,119,116,0.9748,0.9692000000000001,0.9815,0.9741,,,,,1.0,,,0.9231,0.9677,,1.0,0.75,130,127,0.9769,0.9726,0.9825,0.9767,,,,,1.0,,,0.9259000000000001,0.9595,,0.9091,1.0,SY25_GraduationRates_Final.xlsx,2025 Cohort 4-Year,SY25_GraduationRates_Final.xlsx,2024 Cohort 5-Year
2024-2025,2024,2025,Brooke,10,Brooke High School,brooke high school,502,10502,schoolid_10502,198,168,0.8484999999999999,0.8288,0.8736,0.8623999999999999,,,,,0.75,,,0.7234,0.7474,,,,237,213,0.8987,0.8824,0.9153,0.9067000000000001,0.75,0.6667000000000001,,1.0,0.6667000000000001,,,0.7576,0.8384,,0.7857,1.0,SY25_GraduationRates_Final.xlsx,2025 Cohort 4-Year,SY25_GraduationRates_Final.xlsx,2024 Cohort 5-Year
2024-2025,2024,2025,Cabell,12,Cabell Midland High School,cabell midland high school,550,12550,schoolid_12550,403,384,0.9529000000000001,0.9437000000000001,0.9632,0.9523999999999999,1.0,1.0,1.0,,0.9091,,,0.8667,0.9172,,0.8,0.7778,419,403,0.9618000000000001,0.9573,0.9676,0.9598,1.0,1.0,1.0,1.0,1.0,,1.0,0.8889,0.9264,,0.75,0.5832999999999999,SY25_GraduationRates_Final.xlsx,2025 Cohort 4-Year,SY25_GraduationRates_Final.xlsx,2024 Cohort 5-Year
2024-2025,2024,2025,Cabell,12,Huntington High School,huntington high school,560,12560,schoolid_12560,423,366,0.8652,0.8348,0.8995000000000001,0.8613,0.8261,0.9,1.0,1.0,0.9074,,1.0,0.775,0.8095,,0.6786,0.4167,434,378,0.871,0.8545,0.8879,0.8339,0.9309999999999999,1.0,1.0,,1.0,,1.0,0.7857,0.8189,,0.5926,0.7143,SY25_GraduationRates_Final.xlsx,2025 Cohort 4-Year,SY25_GraduationRates_Final.xlsx,2024 Cohort 5-Year
2024-2025,2024,2025,Calhoun,14,Calhoun Middle/High School,calhoun middle/high school,501,14501,schoolid_14501,61,60,0.9836,0.9706,1.0,0.9836,,,,,,,,0.9167000000000001,1.0,,1.0,,69,67,0.971,0.9697,0.9722,0.971,,,,,,,,1.0,0.9512,,0.9231,1.0,SY25_GraduationRates_Final.xlsx,2025 Cohort 4-Year,SY25_GraduationRates_Final.xlsx,2024 Cohort 5-Year
2024-2025,2024,2025,Clay,16,Clay County High School,clay county high school,501,16501,schoolid_16501,138,127,0.9203,0.9077,0.9315000000000001,0.9333,,,,,,,,0.9231,0.899,,0.94,0.7143,123,118,0.9593,0.9615,0.9556,0.9667,,,,,1.0,1.0,,0.95,0.9438,1.0,0.9737,,SY25_GraduationRates_Final.xlsx,2025 Cohort 4-Year,SY25_GraduationRates_Final.xlsx,2024 Cohort 5-Year
2024-2025,2024,2025,Doddridge,18,Doddridge County High School,doddridge county high school,501,18501,schoolid_18501,76,76,1.0,1.0,1.0,1.0,1.0,1.0,,1.0,1.0,,,1.0,1.0,,1.0,1.0,74,73,0.9865,0.9743999999999999,1.0,0.9856999999999999,1.0,,,,1.0,,,1.0,0.9655,,1.0,,SY25_GraduationRates_Final.xlsx,2025 Cohort 4-Year,SY25_GraduationRates_Final.xlsx,2024 Cohort 5-Year
2024-2025,2024,2025,Fayette,20,Meadow Bridge High,meadow bridge high,503,20503,schoolid_20503,,,,,,,,,,,,,,,,,,,36,34,0.9444,0.9,1.0,0.9375,1.0,,,1.0,,,,1.0,0.9091,,1.0,1.0,,,SY25_GraduationRates_Final.xlsx,2024 Cohort 5-Year
2024-2025,2024,2025,Fayette,20,Meadow Bridge Regional School,meadow bridge regional school,103,20103,schoolid_20103,38,36,0.9473999999999999,0.9048,1.0,0.9473999999999999,,,,,,,,0.9231,0.9048,,,1.0,,,,,,,,,,,,,,,,,,,SY25_GraduationRates_Final.xlsx,2025 Cohort 4-Year,,
2024-2025,2024,2025,Fayette,20,Midland Trail High,midland trail high,504,20504,schoolid_20504,91,87,0.956,0.9231,1.0,0.956,,,,,,,,0.9,0.9434,,1.0,1.0,88,83,0.9431999999999999,0.92,0.9737,0.9425,,,,,1.0,,,0.8332999999999999,0.92,,1.0,,SY25_GraduationRates_Final.xlsx,2025 Cohort 4-Year,SY25_GraduationRates_Final.xlsx,2024 Cohort 5-Year
2024-2025,2024,2025,Fayette,20,Oak Hill High,oak hill high,506,20506,schoolid_20506,289,262,0.9066,0.882,0.9375,0.9147,1.0,,,1.0,0.625,,,0.8946999999999999,0.8845999999999999,,,0.4667,286,268,0.9370999999999999,0.9048,0.9712000000000001,0.9318000000000001,1.0,1.0,,1.0,1.0,,1.0,0.9608,0.9207,,0.75,0.6364,SY25_GraduationRates_Final.xlsx,2025 Cohort 4-Year,SY25_GraduationRates_Final.xlsx,2024 Cohort 5-Year
2024-2025,2024,2025,Gilmer,22,Gilmer County High School,gilmer county high school,501,22501,schoolid_22501,68,66,0.9706,0.9487000000000001,1.0,0.9692000000000001,,1.0,,,1.0,,,1.0,0.9473999999999999,,1.0,1.0,59,58,0.9831,0.963,1.0,0.9828,1.0,,,,,,,0.875,0.973,,1.0,1.0,SY25_GraduationRates_Final.xlsx,2025 Cohort 4-Year,SY25_GraduationRates_Final.xlsx,2024 Cohort 5-Year
2024-2025,2024,2025,Grant,24,Petersburg High School,petersburg high school,501,24501,schoolid_24501,89,83,0.9326000000000001,0.9362,0.9286,0.9518000000000001,,0.75,1.0,,,,,0.9375,0.9318000000000001,1.0,1.0,1.0,102,101,0.9902,1.0,0.9792000000000001,0.9899,,1.0,,,,,1.0,1.0,0.9815,1.0,1.0,,SY25_GraduationRates_Final.xlsx,2025 Cohort 4-Year,SY25_GraduationRates_Final.xlsx,2024 Cohort 5-Year
2024-2025,2024,2025,Grant,24,Union Educational Complex,union educational complex,101,24101,schoolid_24101,15,15,1.0,1.0,1.0,1.0,1.0,,,,,,,1.0,1.0,,1.0,,17,17,1.0,1.0,1.0,1.0,1.0,,,,,,,1.0,1.0,,1.0,,SY25_GraduationRates_Final.xlsx,2025 Cohort 4-Year,SY25_GraduationRates_Final.xlsx,2024 Cohort 5-Year
2024-2025,2024,2025,Greenbrier,26,Greenbrier East High School,greenbrier east high school,501,26501,schoolid_26501,246,222,0.9024,0.8621,0.9384999999999999,0.9031999999999999,1.0,0.8181999999999999,1.0,,0.8332999999999999,,0.6667000000000001,0.95,0.8319,,1.0,1.0,229,215,0.9389,0.9412,0.9364,0.9387000000000001,1.0,1.0,,,0.8571,,1.0,0.9167000000000001,0.898,,1.0,0.8,SY25_GraduationRates_Final.xlsx,2025 Cohort 4-Year,SY25_GraduationRates_Final.xlsx,2024 Cohort 5-Year
2024-2025,2024,2025,Greenbrier,26,Greenbrier West High School,greenbrier west high school,502,26502,schoolid_26502,101,84,0.8317,0.7707999999999999,0.8868,0.8229000000000001,1.0,,,,1.0,,,0.9375,0.7646999999999999,,,0.6,95,86,0.9053,0.9322,0.8611,0.9011,1.0,,,,1.0,,,0.8181999999999999,0.873,,,0.8,SY25_GraduationRates_Final.xlsx,2025 Cohort 4-Year,SY25_GraduationRates_Final.xlsx,2024 Cohort 5-Year
2024-2025,2024,2025,Hampshire,28,Hampshire Senior High School,hampshire senior high school,501,28501,schoolid_28501,183,168,0.9179999999999999,0.8824,0.963,0.9248999999999999,0.6667000000000001,1.0,,,0.8,,,0.8332999999999999,0.8721,,0.6667000000000001,,169,151,0.8935,0.8889,0.8987,0.8931,,0.8332999999999999,,,1.0,,1.0,0.7778,0.8415,,1.0,0.8,SY25_GraduationRates_Final.xlsx,2025 Cohort 4-Year,SY25_GraduationRates_Final.xlsx,2024 Cohort 5-Year
2024-2025,2024,2025,Hancock,29,Oak Glen High School,oak glen high school,501,29501,schoolid_29501,122,119,0.9754,0.9531000000000001,1.0,0.9748,1.0,,,,1.0,,,0.8636,0.9592,,1.0,1.0,126,122,0.9682999999999999,0.9545,0.9833,0.9669,1.0,,,,1.0,,,1.0,0.9444,,1.0,1.0,SY25_GraduationRates_Final.xlsx,2025 Cohort 4-Year,SY25_GraduationRates_Final.xlsx,2024 Cohort 5-Year
2024-2025,2024,2025,Hancock,29,Weir High School,weir high school,502,29502,schoolid_29502,122,120,0.9836,0.9655,1.0,0.982,1.0,1.0,1.0,,1.0,,1.0,0.8889,0.9778,,,1.0,139,134,0.9640000000000001,0.971,0.9571,0.9658,0.8889,1.0,,1.0,1.0,1.0,,0.9091,0.9309999999999999,,1.0,0.8332999999999999,SY25_GraduationRates_Final.xlsx,2025 Cohort 4-Year,SY25_GraduationRates_Final.xlsx,2024 Cohort 5-Year
2024-2025,2024,2025,Hardy,31,East Hardy High School,east hardy high school,501,31501,schoolid_31501,52,50,0.9615,0.9615,0.9615,0.9592,,1.0,,,1.0,,1.0,0.9,0.9231,,1.0,,58,53,0.9138,0.8571,0.9667,0.9057,,1.0,,,1.0,,,1.0,0.8332999999999999,,,,SY25_GraduationRates_Final.xlsx,2025 Cohort 4-Year,SY25_GraduationRates_Final.xlsx,2024 Cohort 5-Year
2024-2025,2024,2025,Hardy,31,Moorefield High School,moorefield high school,502,31502,schoolid_31502,152,141,0.9276000000000001,0.9079,0.9473999999999999,0.937,0.8332999999999999,0.8667,1.0,,1.0,,0.8181999999999999,0.8332999999999999,0.8889,,1.0,,111,103,0.9279000000000001,0.9473999999999999,0.9074,0.9340999999999999,1.0,0.8889,,,,,0.7778,0.8667,0.9153,,1.0,1.0,SY25_GraduationRates_Final.xlsx,2025 Cohort 4-Year,SY25_GraduationRates_Final.xlsx,2024 Cohort 5-Year
2024-2025,2024,2025,Harrison,33,Bridgeport High School,bridgeport high school,501,33501,schoolid_33501,237,234,0.9873000000000001,1.0,0.9734999999999999,0.986,1.0,1.0,1.0,,1.0,,1.0,0.9643,0.9508,0.6667000000000001,0.8571,1.0,173,172,0.9942,1.0,0.9867,1.0,1.0,0.6667000000000001,1.0,,1.0,,,1.0,1.0,1.0,1.0,1.0,SY25_GraduationRates_Final.xlsx,2025 Cohort 4-Year,SY25_GraduationRates_Final.xlsx,2024 Cohort 5-Year
2024-2025,2024,2025,Harrison,33,Liberty High School,liberty high school,502,33502,schoolid_33502,111,110,0.991,0.9841,1.0,0.9904999999999999,1.0,1.0,,,1.0,,,1.0,0.9863,,1.0,1.0,119,114,0.958,0.9483,0.9672,0.9545,1.0,,,,1.0,,,0.9,0.9516,,0.9375,0.6667000000000001,SY25_GraduationRates_Final.xlsx,2025 Cohort 4-Year,SY25_GraduationRates_Final.xlsx,2024 Cohort 5-Year
2024-2025,2024,2025,Harrison,33,Lincoln High School,lincoln high school,503,33503,schoolid_33503,127,127,1.0,1.0,1.0,1.0,,1.0,,,1.0,,1.0,1.0,1.0,1.0,1.0,1.0,145,142,0.9793000000000001,0.9747,0.9848,0.985,,1.0,,1.0,0.8571,1.0,1.0,1.0,0.9531000000000001,,0.9167000000000001,1.0,SY25_GraduationRates_Final.xlsx,2025 Cohort 4-Year,SY25_GraduationRates_Final.xlsx,2024 Cohort 5-Year
2024-2025,2024,2025,Harrison,33,Robert C Byrd High School,robert c byrd high school,506,33506,schoolid_33506,185,174,0.9405,0.9340999999999999,0.9468000000000001,0.9434,0.8,0.8332999999999999,,,1.0,,,0.9184,0.9537,1.0,0.8571,0.6667000000000001,211,199,0.9431,0.9270999999999999,0.9565,0.9423999999999999,1.0,1.0,,,0.8332999999999999,1.0,,0.98,0.9083,1.0,0.92,0.8,SY25_GraduationRates_Final.xlsx,2025 Cohort 4-Year,SY25_GraduationRates_Final.xlsx,2024 Cohort 5-Year
2024-2025,2024,2025,Harrison,33,South Harrison High School,south harrison high school,505,33505,schoolid_33505,91,89,0.978,0.9783,0.9778,0.9765,,1.0,,,1.0,,1.0,1.0,0.9756,1.0,0.8571,1.0,79,78,0.9873000000000001,0.9773000000000001,1.0,0.9872,,,1.0,,,,,0.9167000000000001,0.9615,,0.6667000000000001,1.0,SY25_GraduationRates_Final.xlsx,2025 Cohort 4-Year,SY25_GraduationRates_Final.xlsx,2024 Cohort 5-Year
2024-2025,2024,2025,Jackson,35,Ravenswood High School,ravenswood high school,501,35501,schoolid_35501,105,98,0.9333,0.9194,0.9534999999999999,0.9314,,1.0,1.0,,1.0,,1.0,0.8125,0.8824,,,1.0,93,85,0.914,0.8946999999999999,0.9444,0.9120999999999999,1.0,,,,,,,0.8462000000000001,0.8158,,,,SY25_GraduationRates_Final.xlsx,2025 Cohort 4-Year,SY25_GraduationRates_Final.xlsx,2024 Cohort 5-Year
2024-2025,2024,2025,Jackson,35,Ripley High School,ripley high school,502,35502,schoolid_35502,173,160,0.9248999999999999,0.9340999999999999,0.9146,0.9235,,1.0,,,1.0,,1.0,0.7273000000000001,0.8429000000000001,,,1.0,195,188,0.9641,0.956,0.9712000000000001,0.9634,1.0,,1.0,,1.0,,,0.9167000000000001,0.9041,,1.0,0.6,SY25_GraduationRates_Final.xlsx,2025 Cohort 4-Year,SY25_GraduationRates_Final.xlsx,2024 Cohort 5-Year
2024-2025,2024,2025,Jefferson,37,Jefferson High School,jefferson high school,501,37501,schoolid_37501,389,361,0.9279999999999999,0.9043000000000001,0.9501999999999999,0.9231,0.9688,0.9459000000000001,1.0,,0.8946999999999999,1.0,0.8824,0.8293,0.8590000000000001,0.8889,0.8039000000000001,0.6667000000000001,305,286,0.9377,0.9349,0.9412,0.9283,1.0,0.9143000000000001,1.0,,1.0,,1.0,0.875,0.8837,1.0,0.8913,0.6,SY25_GraduationRates_Final.xlsx,2025 Cohort 4-Year,SY25_GraduationRates_Final.xlsx,2024 Cohort 5-Year
2024-2025,2024,2025,Jefferson,37,Washington High School,washington high school,502,37502,schoolid_37502,371,326,0.8787,0.8639,0.8944,0.8798,0.8332999999999999,0.8125,1.0,1.0,0.9487000000000001,,0.6957,0.7209,0.7973,1.0,0.68,0.6,305,272,0.8918,0.8903,0.8933,0.8926999999999999,0.8332999999999999,0.9762000000000001,0.6667000000000001,,0.7333,,1.0,0.725,0.8065000000000001,0.75,0.7959,,SY25_GraduationRates_Final.xlsx,2025 Cohort 4-Year,SY25_GraduationRates_Final.xlsx,2024 Cohort 5-Year
2024-2025,2024,2025,Kanawha,39,Capital High School,capital high school,513,39513,schoolid_39513,258,199,0.7713,0.7398,0.8,0.7658,0.7333,0.8,1.0,,0.9375,,1.0,0.6897,0.7389,,0.3846,0.5,240,201,0.8375,0.816,0.8609,0.8188,0.8551000000000001,1.0,1.0,1.0,0.7778,,,0.8181999999999999,0.8034,,0.7273000000000001,0.625,SY25_GraduationRates_Final.xlsx,2025 Cohort 4-Year,SY25_GraduationRates_Final.xlsx,2024 Cohort 5-Year
2024-2025,2024,2025,Kanawha,39,George Washington High School,george washington high school,506,39506,schoolid_39506,345,323,0.9362,0.9096,0.9609000000000001,0.938,0.9167000000000001,0.8332999999999999,0.9523999999999999,,1.0,,0.8332999999999999,0.6970000000000001,0.8527,,0.3636,0.4545,296,290,0.9797,0.9695,0.9924,0.9837,0.9129999999999999,1.0,1.0,,1.0,1.0,1.0,0.8966,0.9457,,0.875,0.625,SY25_GraduationRates_Final.xlsx,2025 Cohort 4-Year,SY25_GraduationRates_Final.xlsx,2024 Cohort 5-Year
2024-2025,2024,2025,Kanawha,39,Herbert Hoover High School,herbert hoover high school,507,39507,schoolid_39507,189,167,0.8835999999999999,0.8317,0.9431999999999999,0.884,,1.0,0.6667000000000001,,1.0,,,0.7692,0.8105,1.0,,,211,199,0.9431,0.9175,0.9649,0.9415,1.0,1.0,,,1.0,1.0,,0.9129999999999999,0.9009999999999999,,0.9,0.8332999999999999,SY25_GraduationRates_Final.xlsx,2025 Cohort 4-Year,SY25_GraduationRates_Final.xlsx,2024 Cohort 5-Year
2024-2025,2024,2025,Kanawha,39,Nitro High School,nitro high school,508,39508,schoolid_39508,208,199,0.9567,0.9487000000000001,0.9670000000000001,0.9505,1.0,1.0,,,1.0,,1.0,0.8824,0.9211,,1.0,0.8,194,174,0.8969,0.88,0.9148999999999999,0.9,1.0,0.6667000000000001,1.0,,0.8571,,,0.8387,0.8431000000000001,,0.9523999999999999,0.6,SY25_GraduationRates_Final.xlsx,2025 Cohort 4-Year,SY25_GraduationRates_Final.xlsx,2024 Cohort 5-Year
2024-2025,2024,2025,Kanawha,39,Riverside High School,riverside high school,514,39514,schoolid_39514,258,242,0.938,0.9407,0.935,0.9437000000000001,0.8571,1.0,,,0.9167000000000001,,1.0,0.8484999999999999,0.9091,1.0,0.8889,0.7778,294,254,0.8639,0.8311,0.8973,0.8593000000000001,0.9375,0.75,1.0,,0.8889,,,0.7447,0.8073,,0.8824,,SY25_GraduationRates_Final.xlsx,2025 Cohort 4-Year,SY25_GraduationRates_Final.xlsx,2024 Cohort 5-Year
2024-2025,2024,2025,Kanawha,39,Saint Albans High School,saint albans high school,509,39509,schoolid_39509,220,202,0.9181999999999999,0.8974,0.9417,0.9167000000000001,0.9231,1.0,1.0,,0.9091,,,0.8095,0.8926000000000001,,0.75,,204,188,0.9216,0.8819,0.987,0.9176000000000001,0.9167000000000001,1.0,1.0,,1.0,,,0.8378,0.8715999999999999,,1.0,0.6667000000000001,SY25_GraduationRates_Final.xlsx,2025 Cohort 4-Year,SY25_GraduationRates_Final.xlsx,2024 Cohort 5-Year
2024-2025,2024,2025,Kanawha,39,Sissonville High School,sissonville high school,510,39510,schoolid_39510,152,147,0.9671,0.9882,0.9403,0.9664,1.0,1.0,,,,,,0.9706,0.9487000000000001,,1.0,,141,140,0.9929000000000001,1.0,0.9859,0.9928,,1.0,1.0,,,,1.0,1.0,0.9856999999999999,,1.0,1.0,SY25_GraduationRates_Final.xlsx,2025 Cohort 4-Year,SY25_GraduationRates_Final.xlsx,2024 Cohort 5-Year
2024-2025,2024,2025,Kanawha,39,South Charleston High School,south charleston high school,511,39511,schoolid_39511,226,198,0.8761,0.8412999999999999,0.92,0.8514,0.9444,0.75,1.0,,0.875,1.0,1.0,0.7879,0.8356,,0.625,0.3,222,190,0.8559,0.8519,0.8595999999999999,0.8553000000000001,0.8443999999999999,1.0,0.6667000000000001,,0.8824,,1.0,0.6537999999999999,0.8088,,0.75,0.5455,SY25_GraduationRates_Final.xlsx,2025 Cohort 4-Year,SY25_GraduationRates_Final.xlsx,2024 Cohort 5-Year
2024-2025,2024,2025,Lewis,41,Lewis County High School,lewis county high school,501,41501,schoolid_41501,179,156,0.8715,0.8387,0.907,0.8686,,1.0,,1.0,1.0,,,0.6875,0.8040999999999999,,0.7368000000000001,0.75,178,161,0.9045000000000001,0.8763,0.9383,0.9075,,1.0,,,0.75,,,0.9643,0.8529000000000001,,0.9523999999999999,0.6,SY25_GraduationRates_Final.xlsx,2025 Cohort 4-Year,SY25_GraduationRates_Final.xlsx,2024 Cohort 5-Year
2024-2025,2024,2025,Lincoln,43,Lincoln County High School,lincoln county high school,506,43506,schoolid_43506,168,130,0.7737999999999999,0.7885,0.75,0.7744,,1.0,,,,,,0.6522,0.7117,,0.6875,0.6667000000000001,224,183,0.8170000000000001,0.7983,0.8381000000000001,0.8153,1.0,,,,1.0,,,0.7077,0.7448,,0.8695999999999999,0.8332999999999999,SY25_GraduationRates_Final.xlsx,2025 Cohort 4-Year,SY25_GraduationRates_Final.xlsx,2024 Cohort 5-Year
2024-2025,2024,2025,Logan,45,Chapmanville Regional High School,chapmanville regional high school,501,45501,schoolid_45501,161,158,0.9814,0.9662999999999999,1.0,0.9811,1.0,,,,1.0,,,0.9309999999999999,0.9887999999999999,,1.0,1.0,176,163,0.9261,0.9062,0.95,0.9231,1.0,1.0,1.0,,,,,0.9355,0.8966,,1.0,1.0,SY25_GraduationRates_Final.xlsx,2025 Cohort 4-Year,SY25_GraduationRates_Final.xlsx,2024 Cohort 5-Year
2024-2025,2024,2025,Logan,45,Logan Senior High School,logan senior high school,502,45502,schoolid_45502,119,114,0.958,0.9412,0.9804,0.9554,1.0,,,,1.0,,,0.85,0.95,,0.5714,0.6667000000000001,115,112,0.9739,1.0,0.95,0.9722,1.0,,,,1.0,,,0.95,0.9732999999999999,,1.0,,SY25_GraduationRates_Final.xlsx,2025 Cohort 4-Year,SY25_GraduationRates_Final.xlsx,2024 Cohort 5-Year
2024-2025,2024,2025,Logan,45,Man Senior High School,man senior high school,503,45503,schoolid_45503,81,78,0.963,0.9556,0.9722,0.9625,,,,,1.0,,,0.9375,0.9434,,1.0,1.0,84,80,0.9523999999999999,0.9048,1.0,0.9473999999999999,,,,,1.0,,,1.0,0.9322,,1.0,,SY25_GraduationRates_Final.xlsx,2025 Cohort 4-Year,SY25_GraduationRates_Final.xlsx,2024 Cohort 5-Year
2024-2025,2024,2025,Marion,47,East Fairmont High School,east fairmont high school,501,47501,schoolid_47501,151,145,0.9603,0.9753000000000001,0.9429000000000001,0.9571,1.0,1.0,,,1.0,,1.0,0.8824,0.9153,1.0,,0.8571,164,156,0.9512,0.9333,0.973,0.9467,1.0,1.0,1.0,,1.0,,1.0,0.9545,0.9384999999999999,,1.0,1.0,SY25_GraduationRates_Final.xlsx,2025 Cohort 4-Year,SY25_GraduationRates_Final.xlsx,2024 Cohort 5-Year
2024-2025,2024,2025,Marion,47,Fairmont Senior High School,fairmont senior high school,502,47502,schoolid_47502,207,198,0.9565,0.9528,0.9604,0.9595,1.0,1.0,1.0,,0.8571,,,0.9582999999999999,0.9270999999999999,1.0,,0.75,193,181,0.9378,0.9091,0.9681000000000001,0.9545,0.8421,1.0,0.75,,0.9333,,,0.9091,0.8913,,,0.6667000000000001,SY25_GraduationRates_Final.xlsx,2025 Cohort 4-Year,SY25_GraduationRates_Final.xlsx,2024 Cohort 5-Year
2024-2025,2024,2025,Marion,47,North Marion High School,north marion high school,503,47503,schoolid_47503,155,150,0.9677,0.9398000000000001,1.0,0.9728,,1.0,1.0,,,,,0.8824,0.9437000000000001,1.0,1.0,0.625,187,174,0.9305,0.899,0.9659,0.9286,1.0,1.0,,,1.0,,,0.8519,0.9022,1.0,1.0,,SY25_GraduationRates_Final.xlsx,2025 Cohort 4-Year,SY25_GraduationRates_Final.xlsx,2024 Cohort 5-Year
2024-2025,2024,2025,Marshall,48,Cameron High School,cameron high school,501,48501,schoolid_48501,40,40,1.0,1.0,1.0,1.0,1.0,,,1.0,,,,1.0,1.0,,1.0,,49,48,0.9795999999999999,0.9688,1.0,0.9795999999999999,,,,,,,,1.0,0.9473999999999999,,1.0,1.0,SY25_GraduationRates_Final.xlsx,2025 Cohort 4-Year,SY25_GraduationRates_Final.xlsx,2024 Cohort 5-Year
2024-2025,2024,2025,Marshall,48,John Marshall High School,john marshall high school,502,48502,schoolid_48502,241,236,0.9793000000000001,0.955,1.0,0.9784999999999999,1.0,1.0,,,1.0,1.0,,0.9688,0.9828,,1.0,0.8332999999999999,253,242,0.9565,0.9167000000000001,1.0,0.9542,1.0,1.0,,,1.0,,,0.9487000000000001,0.9189,,1.0,,SY25_GraduationRates_Final.xlsx,2025 Cohort 4-Year,SY25_GraduationRates_Final.xlsx,2024 Cohort 5-Year
2024-2025,2024,2025,Mason,49,Hannan Junior/Senior High School,hannan junior/senior high school,501,49501,schoolid_49501,24,23,0.9582999999999999,0.9286,1.0,0.9582999999999999,,,,,,,,0.75,0.9231,,,,49,46,0.9388,0.9,0.9655,0.9375,,1.0,,,,,,1.0,0.9286,,1.0,,SY25_GraduationRates_Final.xlsx,2025 Cohort 4-Year,SY25_GraduationRates_Final.xlsx,2024 Cohort 5-Year
2024-2025,2024,2025,Mason,49,Point Pleasant Junior/Senior High School,point pleasant junior/senior high school,502,49502,schoolid_49502,183,178,0.9727,0.9691,0.9767,0.9771,0.6667000000000001,1.0,,,1.0,,,0.9286,0.9612,,0.8332999999999999,1.0,186,182,0.9784999999999999,0.9697,0.9884999999999999,0.9778,,1.0,,,1.0,,,0.9473999999999999,0.9582999999999999,1.0,0.8,0.8,SY25_GraduationRates_Final.xlsx,2025 Cohort 4-Year,SY25_GraduationRates_Final.xlsx,2024 Cohort 5-Year
2024-2025,2024,2025,Mason,49,Wahama Junior/Senior High School,wahama junior/senior high school,503,49503,schoolid_49503,72,71,0.9861,0.9697,1.0,0.9854999999999999,,1.0,,1.0,1.0,,,1.0,1.0,,1.0,1.0,43,38,0.8837,0.875,0.8946999999999999,0.878,,1.0,,,,,,0.8332999999999999,0.84,,1.0,,SY25_GraduationRates_Final.xlsx,2025 Cohort 4-Year,SY25_GraduationRates_Final.xlsx,2024 Cohort 5-Year
2024-2025,2024,2025,McDowell,60,Mount View High School,mount view high school,527,60527,schoolid_60527,70,56,0.8,0.7857,0.8214,0.8039000000000001,0.8462000000000001,1.0,,,0.6,,,0.8667,0.7736,,,1.0,75,67,0.8933,0.8684000000000001,0.9189,0.8845999999999999,0.8667,1.0,,,1.0,,,0.875,0.8679000000000001,,1.0,1.0,SY25_GraduationRates_Final.xlsx,2025 Cohort 4-Year,SY25_GraduationRates_Final.xlsx,2024 Cohort 5-Year
2024-2025,2024,2025,McDowell,60,River View High School,river view high school,520,60520,schoolid_60520,111,98,0.8829,0.8525,0.92,0.8806999999999999,1.0,,,,,,,0.8261,0.8706,,0.9231,1.0,76,70,0.9211,0.8332999999999999,1.0,0.92,,,,,1.0,,,0.8571,0.8966,,1.0,,SY25_GraduationRates_Final.xlsx,2025 Cohort 4-Year,SY25_GraduationRates_Final.xlsx,2024 Cohort 5-Year
2024-2025,2024,2025,Mercer,51,Bluefield High School,bluefield high school,502,51502,schoolid_51502,170,137,0.8059000000000001,0.8415,0.7726999999999999,0.7905,0.8511,1.0,,,0.7646999999999999,,,0.7576,0.75,,,0.2,145,119,0.8207,0.875,0.7537999999999999,0.7979999999999999,0.8824,1.0,,,0.8,,,0.7742,0.7526999999999999,,0.75,,SY25_GraduationRates_Final.xlsx,2025 Cohort 4-Year,SY25_GraduationRates_Final.xlsx,2024 Cohort 5-Year
2024-2025,2024,2025,Mercer,51,Montcalm High School,montcalm high school,505,51505,schoolid_51505,36,36,1.0,1.0,1.0,1.0,,,,,1.0,,,1.0,1.0,,1.0,1.0,51,46,0.902,0.8946999999999999,0.9062,0.9,,,,,1.0,,,0.8889,0.8787999999999999,,0.75,,SY25_GraduationRates_Final.xlsx,2025 Cohort 4-Year,SY25_GraduationRates_Final.xlsx,2024 Cohort 5-Year
2024-2025,2024,2025,Mercer,51,Pikeview High School,pikeview high school,509,51509,schoolid_51509,149,139,0.9329000000000001,0.8856999999999999,0.9747,0.9306,1.0,1.0,,,1.0,,,0.75,0.9012,1.0,0.8,0.875,121,113,0.9339,0.9179999999999999,0.95,0.9304000000000001,1.0,1.0,,,1.0,,1.0,0.8421,0.8966,1.0,0.7778,1.0,SY25_GraduationRates_Final.xlsx,2025 Cohort 4-Year,SY25_GraduationRates_Final.xlsx,2024 Cohort 5-Year
2024-2025,2024,2025,Mercer,51,Princeton Senior High School,princeton senior high school,507,51507,schoolid_51507,238,217,0.9118,0.8787999999999999,0.9528,0.9188,0.8421,0.6667000000000001,1.0,,0.9444,,0.6667000000000001,0.7631999999999999,0.8832,1.0,0.8889,,226,191,0.8451000000000001,0.8151,0.8785,0.8615,0.6,0.6667000000000001,1.0,,0.8234999999999999,,,0.5946,0.7368000000000001,,,0.4,SY25_GraduationRates_Final.xlsx,2025 Cohort 4-Year,SY25_GraduationRates_Final.xlsx,2024 Cohort 5-Year
2024-2025,2024,2025,Mineral,53,Frankfort High School,frankfort high school,501,53501,schoolid_53501,113,112,0.9912000000000001,0.9828,1.0,0.9909,,,1.0,,1.0,,,1.0,0.96,1.0,1.0,,102,100,0.9804,0.963,1.0,0.9793999999999999,1.0,1.0,,,,,,0.9375,0.973,,1.0,1.0,SY25_GraduationRates_Final.xlsx,2025 Cohort 4-Year,SY25_GraduationRates_Final.xlsx,2024 Cohort 5-Year
2024-2025,2024,2025,Mineral,53,Keyser High School,keyser high school,503,53503,schoolid_53503,155,147,0.9484,0.9518000000000001,0.9444,0.9568000000000001,0.9091,1.0,,,0.6667000000000001,,,0.7667,0.9014,1.0,0.8332999999999999,0.6364,145,142,0.9793000000000001,0.9639,1.0,0.9779000000000001,1.0,,,,1.0,,,0.8966,0.9861,1.0,1.0,0.8332999999999999,SY25_GraduationRates_Final.xlsx,2025 Cohort 4-Year,SY25_GraduationRates_Final.xlsx,2024 Cohort 5-Year
2024-2025,2024,2025,Mingo,54,Mingo Central Comprehensive High School,mingo central comprehensive high school,508,54508,schoolid_54508,133,128,0.9623999999999999,0.9868000000000001,0.9298000000000001,0.9597,1.0,1.0,,,1.0,,,1.0,0.9518000000000001,,1.0,1.0,146,141,0.9658,0.9667,0.9643,0.9708,0.6667000000000001,,,,1.0,,,1.0,0.9582999999999999,,1.0,1.0,SY25_GraduationRates_Final.xlsx,2025 Cohort 4-Year,SY25_GraduationRates_Final.xlsx,2024 Cohort 5-Year
2024-2025,2024,2025,Mingo,54,Tug Valley High School,tug valley high school,507,54507,schoolid_54507,71,67,0.9437000000000001,0.9286,0.9655,0.9412,,1.0,,,1.0,,1.0,0.8,0.907,,1.0,1.0,85,71,0.8353,0.7917000000000001,0.8919,0.8415,,1.0,,,,,1.0,0.8332999999999999,0.7931,,0.75,,SY25_GraduationRates_Final.xlsx,2025 Cohort 4-Year,SY25_GraduationRates_Final.xlsx,2024 Cohort 5-Year
2024-2025,2024,2025,Monongalia,56,Clay-Battelle High School,clay-battelle high school,501,56501,schoolid_56501,45,45,1.0,1.0,1.0,1.0,,1.0,,,1.0,,,1.0,1.0,,1.0,1.0,52,50,0.9615,0.9231,1.0,0.9608,,,,,1.0,,,0.9231,0.875,,0.8332999999999999,,SY25_GraduationRates_Final.xlsx,2025 Cohort 4-Year,SY25_GraduationRates_Final.xlsx,2024 Cohort 5-Year
2024-2025,2024,2025,Monongalia,56,Morgantown High School,morgantown high school,502,56502,schoolid_56502,451,430,0.9534,0.9534,0.9534999999999999,0.9571,0.9655,0.875,1.0,1.0,0.9118,,0.8667,0.8382,0.8929,,0.6154,0.6923,473,453,0.9577,0.9545,0.961,0.9726,0.8809999999999999,0.9167000000000001,1.0,,0.8667,,1.0,0.7903,0.8819,,0.8387,0.6923,SY25_GraduationRates_Final.xlsx,2025 Cohort 4-Year,SY25_GraduationRates_Final.xlsx,2024 Cohort 5-Year
2024-2025,2024,2025,Monongalia,56,University High School,university high school,503,56503,schoolid_56503,350,339,0.9686,0.9673999999999999,0.9699,0.9645,1.0,1.0,1.0,1.0,1.0,,1.0,0.8644,0.9309999999999999,,0.8889,0.8332999999999999,333,322,0.9670000000000001,0.9656999999999999,0.9684,0.9668000000000001,1.0,1.0,1.0,,0.9333,,1.0,0.8644,0.9244,1.0,0.7778,1.0,SY25_GraduationRates_Final.xlsx,2025 Cohort 4-Year,SY25_GraduationRates_Final.xlsx,2024 Cohort 5-Year
2024-2025,2024,2025,Monroe,57,James Monroe High School,james monroe high school,503,57503,schoolid_57503,101,97,0.9604,0.9362,0.9815,0.9582999999999999,1.0,1.0,1.0,,1.0,,1.0,1.0,0.9259000000000001,1.0,0.8889,1.0,109,106,0.9725,0.9682999999999999,0.9783,0.972,1.0,1.0,,,,,1.0,0.9231,0.9423,,1.0,,SY25_GraduationRates_Final.xlsx,2025 Cohort 4-Year,SY25_GraduationRates_Final.xlsx,2024 Cohort 5-Year
2024-2025,2024,2025,Morgan,58,Berkeley Springs High School,berkeley springs high school,501,58501,schoolid_58501,135,134,0.9926,0.9882,1.0,0.9921,1.0,1.0,,,1.0,,1.0,1.0,0.9843999999999999,,1.0,1.0,157,150,0.9554,0.9615,0.9494,0.9527,1.0,1.0,,,1.0,,,0.9429000000000001,0.9129999999999999,1.0,1.0,0.6667000000000001,SY25_GraduationRates_Final.xlsx,2025 Cohort 4-Year,SY25_GraduationRates_Final.xlsx,2024 Cohort 5-Year
2024-2025,2024,2025,Morgan,58,Paw Paw High School,paw paw high school,502,58502,schoolid_58502,11,11,1.0,1.0,1.0,1.0,1.0,,,,1.0,,,,1.0,,1.0,,12,12,1.0,1.0,1.0,1.0,,1.0,,,,,,1.0,1.0,,1.0,,SY25_GraduationRates_Final.xlsx,2025 Cohort 4-Year,SY25_GraduationRates_Final.xlsx,2024 Cohort 5-Year
2024-2025,2024,2025,Nicholas,62,Nicholas County High School,nicholas county high school,501,62501,schoolid_62501,176,172,0.9773000000000001,0.9817,0.9701000000000001,0.976,1.0,1.0,,,1.0,1.0,1.0,0.9355,0.9570000000000001,,1.0,1.0,165,153,0.9273,0.8969,0.9706,0.9245,1.0,1.0,1.0,,,,1.0,0.8845999999999999,0.8764,,0.9333,1.0,SY25_GraduationRates_Final.xlsx,2025 Cohort 4-Year,SY25_GraduationRates_Final.xlsx,2024 Cohort 5-Year
2024-2025,2024,2025,Nicholas,62,Richwood High School,richwood high school,502,62502,schoolid_62502,86,79,0.9186,0.9048,0.9318000000000001,0.9176000000000001,1.0,,,,,,,0.95,0.8870999999999999,,0.7778,1.0,89,87,0.9775,0.9783,0.9767,0.977,1.0,1.0,,,,,,0.9375,0.9636,,0.9,1.0,SY25_GraduationRates_Final.xlsx,2025 Cohort 4-Year,SY25_GraduationRates_Final.xlsx,2024 Cohort 5-Year
2024-2025,2024,2025,Ohio,64,Wheeling Park High School,wheeling park high school,501,64501,schoolid_64501,383,344,0.8981999999999999,0.8989,0.8974,0.9048,0.6470999999999999,1.0,1.0,1.0,0.9412,,0.8571,0.8,0.8214,,,0.5,359,322,0.8969,0.8895000000000001,0.9045000000000001,0.9027,0.7059000000000001,0.9,1.0,1.0,0.9231,1.0,1.0,0.7241,0.8231999999999999,,0.6667000000000001,0.6111,SY25_GraduationRates_Final.xlsx,2025 Cohort 4-Year,SY25_GraduationRates_Final.xlsx,2024 Cohort 5-Year
2024-2025,2024,2025,Pendleton,66,Pendleton County Middle/High School,pendleton county middle/high school,502,66502,schoolid_66502,70,64,0.9143000000000001,0.9189,0.9091,0.8929,1.0,1.0,,,1.0,,,0.8571,0.8718,,,,62,62,1.0,1.0,1.0,1.0,,,,,1.0,,,1.0,1.0,,1.0,,SY25_GraduationRates_Final.xlsx,2025 Cohort 4-Year,SY25_GraduationRates_Final.xlsx,2024 Cohort 5-Year
2024-2025,2024,2025,Pleasants,67,St. Marys High School,st. marys high school,501,67501,schoolid_67501,81,81,1.0,1.0,1.0,1.0,,,,,,,,1.0,1.0,,1.0,1.0,63,63,1.0,1.0,1.0,1.0,1.0,,,,,,,1.0,1.0,1.0,1.0,,SY25_GraduationRates_Final.xlsx,2025 Cohort 4-Year,SY25_GraduationRates_Final.xlsx,2024 Cohort 5-Year
2024-2025,2024,2025,Pocahontas,69,Pocahontas County High School,pocahontas county high school,501,69501,schoolid_69501,79,72,0.9114,0.9048,0.9189,0.9091,1.0,,1.0,,,,,1.0,0.9129999999999999,,0.75,1.0,65,60,0.9231,0.9118,0.9355,0.9365000000000001,,,,,,,,0.9473999999999999,0.9143000000000001,,1.0,,SY25_GraduationRates_Final.xlsx,2025 Cohort 4-Year,SY25_GraduationRates_Final.xlsx,2024 Cohort 5-Year
2024-2025,2024,2025,Preston,70,Preston High School,preston high school,507,70507,schoolid_70507,281,257,0.9146,0.8909999999999999,0.9440000000000001,0.9242,1.0,0.7143,,,0.8571,,,0.8298000000000001,0.8837,1.0,0.6875,0.6,273,255,0.9340999999999999,0.9389,0.9296,0.943,1.0,,,,1.0,,,0.9062,0.878,1.0,0.6667000000000001,0.9167000000000001,SY25_GraduationRates_Final.xlsx,2025 Cohort 4-Year,SY25_GraduationRates_Final.xlsx,2024 Cohort 5-Year
2024-2025,2024,2025,Putnam,72,Buffalo High School,buffalo high school,505,72505,schoolid_72505,95,95,1.0,1.0,1.0,1.0,1.0,,1.0,,1.0,,,1.0,1.0,,1.0,1.0,90,90,1.0,1.0,1.0,1.0,,,1.0,,1.0,,,1.0,1.0,1.0,1.0,1.0,SY25_GraduationRates_Final.xlsx,2025 Cohort 4-Year,SY25_GraduationRates_Final.xlsx,2024 Cohort 5-Year
2024-2025,2024,2025,Putnam,72,Hurricane High School,hurricane high school,510,72510,schoolid_72510,309,302,0.9773000000000001,0.9693,0.9863,0.9854,1.0,1.0,0.6667000000000001,,0.9231,,1.0,0.8913,0.9364,,0.8332999999999999,1.0,328,323,0.9848,0.9882,0.9811,0.9898,0.9091,1.0,1.0,1.0,0.9375,,1.0,0.9455,0.9752,,1.0,0.875,SY25_GraduationRates_Final.xlsx,2025 Cohort 4-Year,SY25_GraduationRates_Final.xlsx,2024 Cohort 5-Year
2024-2025,2024,2025,Putnam,72,Poca High School,poca high school,515,72515,schoolid_72515,104,102,0.9808,0.9804,0.9811,0.9802,1.0,1.0,,,,,,0.9091,0.9815,1.0,1.0,0.8,106,105,0.9906,0.9787,1.0,0.9904000000000001,1.0,,,,,,,0.9565,0.9804,,1.0,1.0,SY25_GraduationRates_Final.xlsx,2025 Cohort 4-Year,SY25_GraduationRates_Final.xlsx,2024 Cohort 5-Year
2024-2025,2024,2025,Putnam,72,Winfield High School,winfield high school,520,72520,schoolid_72520,165,162,0.9818000000000001,0.9902,0.9682999999999999,0.9797,1.0,1.0,1.0,,1.0,,1.0,0.92,0.9592,,1.0,1.0,212,212,1.0,1.0,1.0,1.0,1.0,1.0,,,1.0,1.0,1.0,1.0,1.0,1.0,1.0,1.0,SY25_GraduationRates_Final.xlsx,2025 Cohort 4-Year,SY25_GraduationRates_Final.xlsx,2024 Cohort 5-Year
2024-2025,2024,2025,Raleigh,74,Independence High School,independence high school,502,74502,schoolid_74502,133,116,0.8722,0.8382,0.9077,0.88,1.0,1.0,1.0,,0.6,,,0.7931,0.8571,,1.0,,132,119,0.9015000000000001,0.8667,0.9473999999999999,0.8952,1.0,1.0,1.0,,1.0,,,0.7778,0.8625,,,,SY25_GraduationRates_Final.xlsx,2025 Cohort 4-Year,SY25_GraduationRates_Final.xlsx,2024 Cohort 5-Year
2024-2025,2024,2025,Raleigh,74,Liberty High School,liberty high school,503,74503,schoolid_74503,101,95,0.9406,0.9189,0.9531000000000001,0.9381,,1.0,1.0,,,,1.0,0.8234999999999999,0.9107,,,1.0,101,94,0.9307,0.9231,0.9388,0.93,,,,,1.0,,,0.9412,0.8909,,0.75,1.0,SY25_GraduationRates_Final.xlsx,2025 Cohort 4-Year,SY25_GraduationRates_Final.xlsx,2024 Cohort 5-Year
2024-2025,2024,2025,Raleigh,74,Shady Spring High,shady spring high,505,74505,schoolid_74505,202,194,0.9604,0.9795999999999999,0.9423,0.9634999999999999,1.0,,1.0,,0.8571,,,0.9615,0.9265000000000001,,1.0,,191,171,0.8953,0.8529000000000001,0.9438,0.8901,1.0,1.0,1.0,,1.0,,1.0,0.8787999999999999,0.8181999999999999,,,0.6667000000000001,SY25_GraduationRates_Final.xlsx,2025 Cohort 4-Year,SY25_GraduationRates_Final.xlsx,2024 Cohort 5-Year
2024-2025,2024,2025,Raleigh,74,Woodrow Wilson High School,woodrow wilson high school,506,74506,schoolid_74506,311,283,0.91,0.9057,0.9145,0.9289000000000001,0.8478,0.75,1.0,,0.88,1.0,0.6667000000000001,0.8491,0.8667,,,0.75,315,277,0.8794,0.8353,0.9309999999999999,0.8869,0.9273,0.6667000000000001,1.0,,0.7619,,0.5,0.8409,0.8365,,,0.8,SY25_GraduationRates_Final.xlsx,2025 Cohort 4-Year,SY25_GraduationRates_Final.xlsx,2024 Cohort 5-Year
2024-2025,2024,2025,Randolph,75,Elkins High School,elkins high school,504,75504,schoolid_75504,198,191,0.9645999999999999,0.9697,0.9595999999999999,0.9677,0.8,,1.0,,1.0,,1.0,0.9231,0.9270999999999999,1.0,0.9582999999999999,0.8181999999999999,163,152,0.9325,0.9036,0.9625,0.94,0.8332999999999999,1.0,,,0.6667000000000001,,,0.875,0.8642,1.0,0.9,0.7333,SY25_GraduationRates_Final.xlsx,2025 Cohort 4-Year,SY25_GraduationRates_Final.xlsx,2024 Cohort 5-Year
2024-2025,2024,2025,Randolph,75,Harman Elementary/High School,harman elementary/high school,102,75102,schoolid_75102,,,1.0,1.0,1.0,1.0,,,,,,,,,1.0,,1.0,,,,1.0,1.0,1.0,1.0,,,,,,,,1.0,1.0,,,,SY25_GraduationRates_Final.xlsx,2025 Cohort 4-Year,SY25_GraduationRates_Final.xlsx,2024 Cohort 5-Year
2024-2025,2024,2025,Randolph,75,Pickens Elementary/High School,pickens elementary/high school,103,75103,schoolid_75103,,,,,,,,,,,,,,,,,,,,,0.6667000000000001,0.6667000000000001,,0.6667000000000001,,,,,,,,,1.0,,1.0,,,,SY25_GraduationRates_Final.xlsx,2024 Cohort 5-Year
2024-2025,2024,2025,Randolph,75,Tygarts Valley Middle/High School,tygarts valley middle/high school,503,75503,schoolid_75503,60,54,0.9,0.8856999999999999,0.92,0.8983,1.0,,,,,,,0.7273000000000001,0.9,,1.0,0.6,65,61,0.9384999999999999,0.9677,0.9118,0.9508,1.0,,,,1.0,,,0.9231,0.8919,1.0,0.875,0.8,SY25_GraduationRates_Final.xlsx,2025 Cohort 4-Year,SY25_GraduationRates_Final.xlsx,2024 Cohort 5-Year
2024-2025,2024,2025,Ritchie,77,Ritchie County High School,ritchie county high school,501,77501,schoolid_77501,94,91,0.9681000000000001,0.9582999999999999,0.9783,0.9670000000000001,,1.0,1.0,,,,1.0,1.0,0.9455,,1.0,1.0,89,83,0.9326000000000001,0.94,0.9231,0.9318000000000001,,,1.0,,,,,0.8421,0.8824,,0.875,0.8571,SY25_GraduationRates_Final.xlsx,2025 Cohort 4-Year,SY25_GraduationRates_Final.xlsx,2024 Cohort 5-Year
2024-2025,2024,2025,Roane,79,Roane County High,roane county high,503,79503,schoolid_79503,120,116,0.9667,0.9677,0.9655,0.9655,1.0,,,,1.0,,1.0,1.0,0.9444,,0.6667000000000001,1.0,124,118,0.9516,0.9531000000000001,0.95,0.9576,0.6667000000000001,,,,1.0,,,0.9444,0.9483,,1.0,0.8,SY25_GraduationRates_Final.xlsx,2025 Cohort 4-Year,SY25_GraduationRates_Final.xlsx,2024 Cohort 5-Year
2024-2025,2024,2025,Summers,81,6-12 Summers County Comprehensive HS,6-12 summers county comprehensive hs,503,81503,schoolid_81503,95,94,0.9895,1.0,0.9792000000000001,0.9884999999999999,1.0,1.0,,,1.0,,,0.9231,0.9811,,1.0,1.0,89,79,0.8876000000000001,0.8621,0.9355,0.8875,1.0,1.0,,,0.75,,,0.7692,0.8301999999999999,,0.6,1.0,SY25_GraduationRates_Final.xlsx,2025 Cohort 4-Year,SY25_GraduationRates_Final.xlsx,2024 Cohort 5-Year
2024-2025,2024,2025,Taylor,83,Grafton High School,grafton high school,502,83502,schoolid_83502,146,139,0.9521,0.9565,0.9481,0.9571,0.6667000000000001,1.0,1.0,,1.0,,,0.9,0.9062,1.0,0.6667000000000001,,146,138,0.9451999999999999,0.9420000000000001,0.9481,0.9448000000000001,,,,,1.0,,,0.88,0.9107,1.0,0.6667000000000001,0.8332999999999999,SY25_GraduationRates_Final.xlsx,2025 Cohort 4-Year,SY25_GraduationRates_Final.xlsx,2024 Cohort 5-Year
2024-2025,2024,2025,Tucker,84,Tucker County High School,tucker county high school,501,84501,schoolid_84501,71,68,0.9577,0.9412,0.973,0.9538,1.0,1.0,,,1.0,,,1.0,0.9031999999999999,1.0,0.6667000000000001,0.75,65,65,1.0,1.0,1.0,1.0,,,,1.0,1.0,,,1.0,1.0,1.0,1.0,1.0,SY25_GraduationRates_Final.xlsx,2025 Cohort 4-Year,SY25_GraduationRates_Final.xlsx,2024 Cohort 5-Year
2024-2025,2024,2025,Tyler,85,Tyler Consolidated High School,tyler consolidated high school,503,85503,schoolid_85503,102,96,0.9412,0.9649,0.9111,0.9388,,1.0,,,1.0,,,1.0,0.8723000000000001,,,,82,76,0.9268000000000001,0.9545,0.8946999999999999,0.9240999999999999,,,,,1.0,,,0.7692,0.8604999999999999,,,,SY25_GraduationRates_Final.xlsx,2025 Cohort 4-Year,SY25_GraduationRates_Final.xlsx,2024 Cohort 5-Year
2024-2025,2024,2025,Upshur,87,Buckhannon Upshur High School,buckhannon upshur high school,501,87501,schoolid_87501,300,277,0.9233,0.8944,0.9568000000000001,0.9207,,1.0,,,1.0,,,0.8158,0.8896,,0.8571,0.6667000000000001,319,290,0.9091,0.9145,0.9042,0.9123,1.0,0.75,,1.0,,,,0.7837999999999999,0.8547,,0.5625,0.8889,SY25_GraduationRates_Final.xlsx,2025 Cohort 4-Year,SY25_GraduationRates_Final.xlsx,2024 Cohort 5-Year
2024-2025,2024,2025,VPrep,104,Virtual Preparatory Academy of West Virginia,virtual preparatory academy of west virginia,104,104104,schoolid_104104,75,30,0.4,0.43329999999999996,0.3778,0.4118,,1.0,,,,,,0.39130000000000004,0.2545,,,,,,,,,,,,,,,,,,,,,,SY25_GraduationRates_Final.xlsx,2025 Cohort 4-Year,SY25_GraduationRates_Final.xlsx,2024 Cohort 5-Year
2024-2025,2024,2025,WIN Academy,106,WIN Academy at BVCTC,win academy at bvctc,106,106106,schoolid_106106,19,18,0.9473999999999999,1.0,0.9333,0.9444,1.0,,,,,,,1.0,0.8571,,,,,,0.8332999999999999,1.0,0.8,1.0,,,,,,,,,0.75,,,,SY25_GraduationRates_Final.xlsx,2025 Cohort 4-Year,SY25_GraduationRates_Final.xlsx,2024 Cohort 5-Year
2024-2025,2024,2025,WV Academy,101,West Virginia Academy,west virginia academy,101,101101,schoolid_101101,,,,,,,,,,,,,,,,,,,,,,,,,,,,,,,,,,,,,SY25_GraduationRates_Final.xlsx,2025 Cohort 4-Year,,
2024-2025,2024,2025,WV Virtual,105,West Virginia Virtual Academy,west virginia virtual academy,105,105105,schoolid_105105,162,101,0.6235,0.5468999999999999,0.6735,0.6301,,0.75,,,,,,0.6061,0.5192,,0.5333,,,,0.3333,,0.5,0.23079999999999998,,,,,0.6667000000000001,,,,0.2778,,,,SY25_GraduationRates_Final.xlsx,2025 Cohort 4-Year,SY25_GraduationRates_Final.xlsx,2024 Cohort 5-Year
2024-2025,2024,2025,Wayne,89,Spring Valley High School,spring valley high school,508,89508,schoolid_89508,255,222,0.8706,0.871,0.8702,0.8625,1.0,1.0,1.0,,1.0,,1.0,0.7778,0.812,,0.7585999999999999,0.5,228,207,0.9079,0.8759999999999999,0.9495,0.9041,1.0,1.0,1.0,,1.0,,1.0,0.7631999999999999,0.8695999999999999,,0.8332999999999999,0.5,SY25_GraduationRates_Final.xlsx,2025 Cohort 4-Year,SY25_GraduationRates_Final.xlsx,2024 Cohort 5-Year
2024-2025,2024,2025,Wayne,89,Tolsia High School,tolsia high school,507,89507,schoolid_89507,81,72,0.8889,0.8571,0.9129999999999999,0.8974,,1.0,,,,,,0.6667000000000001,0.8852,,0.75,0.6667000000000001,87,81,0.9309999999999999,0.907,0.9545,0.9301999999999999,,1.0,,,,,1.0,0.8462000000000001,0.9138,,0.9,1.0,SY25_GraduationRates_Final.xlsx,2025 Cohort 4-Year,SY25_GraduationRates_Final.xlsx,2024 Cohort 5-Year
2024-2025,2024,2025,Wayne,89,Wayne High School,wayne high school,506,89506,schoolid_89506,152,131,0.8618000000000001,0.8608,0.863,0.8591,1.0,,,,1.0,,,0.9091,0.8051999999999999,,1.0,0.6,151,135,0.894,0.8856999999999999,0.9012,0.8986,1.0,,,,,,,0.8387,0.8462000000000001,,,,SY25_GraduationRates_Final.xlsx,2025 Cohort 4-Year,SY25_GraduationRates_Final.xlsx,2024 Cohort 5-Year
2024-2025,2024,2025,Webster,91,Webster County High School,webster county high school,501,91501,schoolid_91501,80,78,0.975,0.9783,0.9706,0.9740000000000001,1.0,1.0,,,,,,0.8889,0.9667,,0.9167000000000001,1.0,91,84,0.9231,0.902,0.95,0.9309999999999999,1.0,1.0,,,,,,0.8571,0.8852,,0.875,1.0,SY25_GraduationRates_Final.xlsx,2025 Cohort 4-Year,SY25_GraduationRates_Final.xlsx,2024 Cohort 5-Year
2024-2025,2024,2025,Wetzel,92,Hundred High School,hundred high school,501,92501,schoolid_92501,18,18,1.0,1.0,1.0,1.0,,,,,,,,1.0,1.0,,,1.0,28,27,0.9643,1.0,0.9333,0.9643,,,,,,,,1.0,0.9444,,1.0,,SY25_GraduationRates_Final.xlsx,2025 Cohort 4-Year,SY25_GraduationRates_Final.xlsx,2024 Cohort 5-Year
2024-2025,2024,2025,Wetzel,92,Magnolia High School,magnolia high school,502,92502,schoolid_92502,69,65,0.9420000000000001,0.8946999999999999,1.0,0.9394,1.0,1.0,,,1.0,,,0.75,0.9268000000000001,,,,91,87,0.956,0.9301999999999999,0.9792000000000001,0.9534999999999999,,1.0,,,,1.0,1.0,0.8824,0.9615,,,0.6667000000000001,SY25_GraduationRates_Final.xlsx,2025 Cohort 4-Year,SY25_GraduationRates_Final.xlsx,2024 Cohort 5-Year
2024-2025,2024,2025,Wetzel,92,Paden City High School,paden city high school,503,92503,schoolid_92503,32,31,0.9688,0.9286,1.0,0.9677,,,,,1.0,,,0.8889,0.9565,,1.0,1.0,33,33,1.0,1.0,1.0,1.0,,1.0,,,,,,1.0,1.0,,,1.0,SY25_GraduationRates_Final.xlsx,2025 Cohort 4-Year,SY25_GraduationRates_Final.xlsx,2024 Cohort 5-Year
2024-2025,2024,2025,Wetzel,92,Valley High School,valley high school,504,92504,schoolid_92504,33,33,1.0,1.0,1.0,1.0,,,,,,,,1.0,1.0,,,1.0,44,43,0.9773000000000001,0.9582999999999999,1.0,0.9762000000000001,1.0,,,,,,,1.0,1.0,,1.0,,SY25_GraduationRates_Final.xlsx,2025 Cohort 4-Year,SY25_GraduationRates_Final.xlsx,2024 Cohort 5-Year
2024-2025,2024,2025,Wirt,94,Wirt County High School,wirt county high school,501,94501,schoolid_94501,71,66,0.9296,0.9211,0.9394,0.9275,,1.0,,,1.0,,,0.9231,0.9024,,0.9231,1.0,75,70,0.9333,0.9091,0.9523999999999999,0.9286,1.0,1.0,,,,,,0.8667,0.8913,,0.8462000000000001,,SY25_GraduationRates_Final.xlsx,2025 Cohort 4-Year,SY25_GraduationRates_Final.xlsx,2024 Cohort 5-Year
2024-2025,2024,2025,Wood,96,Parkersburg High School,parkersburg high school,501,96501,schoolid_96501,381,339,0.8898,0.8564,0.9247,0.8837,1.0,1.0,1.0,,0.8571,,1.0,0.7703,0.8606,,0.5882000000000001,0.5625,376,350,0.9309000000000001,0.9118,0.9534999999999999,0.9377,0.8889,0.9091,1.0,,0.8234999999999999,,,0.8608,0.8936,,0.6429,0.8,SY25_GraduationRates_Final.xlsx,2025 Cohort 4-Year,SY25_GraduationRates_Final.xlsx,2024 Cohort 5-Year
2024-2025,2024,2025,Wood,96,Parkersburg South High School,parkersburg south high school,502,96502,schoolid_96502,337,311,0.9228000000000001,0.9314,0.9136,0.9233,1.0,1.0,0.8,,0.8332999999999999,1.0,0.75,0.9153,0.8726999999999999,,0.6667000000000001,0.8,349,324,0.9284,0.9170999999999999,0.9405,0.9268000000000001,1.0,0.8571,1.0,1.0,1.0,,0.6667000000000001,0.875,0.883,,0.6364,0.75,SY25_GraduationRates_Final.xlsx,2025 Cohort 4-Year,SY25_GraduationRates_Final.xlsx,2024 Cohort 5-Year
2024-2025,2024,2025,Wood,96,Williamstown High School,williamstown high school,503,96503,schoolid_96503,94,85,0.9043000000000001,0.94,0.8636,0.9111,,1.0,,,,,,1.0,0.8,,0.6667000000000001,,81,80,0.9876999999999999,1.0,0.973,0.9872,1.0,,,,1.0,,,1.0,0.96,,,1.0,SY25_GraduationRates_Final.xlsx,2025 Cohort 4-Year,SY25_GraduationRates_Final.xlsx,2024 Cohort 5-Year
2024-2025,2024,2025,Wyoming,98,Westside High School,westside high school,508,98508,schoolid_98508,122,113,0.9262,0.9375,0.9138,0.925,,1.0,,,1.0,,,0.9231,0.9254000000000001,,,1.0,123,117,0.9512,0.9839,0.9179999999999999,0.9504,,,,,1.0,,,0.963,0.9437000000000001,,1.0,1.0,SY25_GraduationRates_Final.xlsx,2025 Cohort 4-Year,SY25_GraduationRates_Final.xlsx,2024 Cohort 5-Year
2024-2025,2024,2025,Wyoming,98,Wyoming County East High School,wyoming county east high school,507,98507,schoolid_98507,102,95,0.9314,0.9153,0.9534999999999999,0.93,1.0,,,,1.0,,,0.8462000000000001,0.8833,,1.0,1.0,90,84,0.9333,0.9362,0.9301999999999999,0.9318000000000001,1.0,,,,1.0,,,0.8462000000000001,0.85,,1.0,,SY25_GraduationRates_Final.xlsx,2025 Cohort 4-Year,SY25_GraduationRates_Final.xlsx,2024 Cohort 5-Year
